smartphones,Fnac,"Apple iPhone 12 Pro Max 6,7'' 256GB Azul pacífico",1.337
smartphones,Fnac,"Apple iPhone 12 Pro Max 6,7'' 256GB Oro",1.347
smartphones,Fnac,"Apple iPhone 12 Pro Max 6,7'' 256GB Plata",1.347
smartphones,Fnac,"Apple iPhone 12 Pro Max 6,7'' 256GB Grafito",1.347
smartphones,Fnac,"Apple iPhone 12 Pro Max 6,7'' 128GB Azul pacífico",1.227
smartphones,Fnac,"Apple iPhone 12 Pro Max 6,7'' 128GB Oro",1.227
smartphones,Fnac,"Apple iPhone 12 Pro Max 6,7'' 128GB Plata",1.227
smartphones,Fnac,"Apple iPhone 12 Pro Max 6,7'' 128GB Grafito",1.227
smartphones,Fnac,"Apple iPhone 12 Pro 6,1'' 512GB Oro",1.477
smartphones,Fnac,"Apple iPhone 12 Pro 6,1'' 512GB Grafito",1.477
smartphones,Fnac,"Apple iPhone 12 Pro 6,1'' 256GB Azul pacífico",1.267
smartphones,Fnac,"Apple iPhone 12 Pro 6,1'' 256GB Oro",1.267
smartphones,Fnac,"Apple iPhone 12 Pro 6,1'' 256GB Plata",1.267
smartphones,Fnac,"Apple iPhone 12 Pro 6,1'' 256GB Grafito",1.267
smartphones,Fnac,"Apple iPhone 12 6,1'' 128GB Azul",869
smartphones,Fnac,"Apple iPhone 12 6,1'' 128GB Blanco",869
smartphones,Fnac,"Apple iPhone 12 6,1'' 128GB Negro",869
smartphones,Fnac,"Apple iPhone 12 6,1'' 128GB Verde",869
smartphones,Fnac,"Apple iPhone 12 6,1'' 64GB Azul",827
smartphones,Fnac,"Apple iPhone 12 6,1'' 128GB (PRODUCT)RED",869
smartphones,Fnac,"Apple iPhone 12 6,1'' 256GB Blanco",1.017
smartphones,Fnac,"Apple iPhone 12 6,1'' 64GB Verde",827
smartphones,Fnac,"Apple iPhone 12 6,1'' 64GB (PRODUCT)RED",827
smartphones,Fnac,"Apple iPhone 12 6,1'' 64GB Blanco",827
smartphones,Fnac,"Apple iPhone 12 6,1'' 64GB Negro",827
smartphones,Fnac,"Apple iPhone 12 6,1'' 256GB Verde",1.017
smartphones,Fnac,"Apple iPhone 12 6,1'' 256GB Azul",1.017
smartphones,Fnac,"Apple iPhone 12 6,1'' 256GB (PRODUCT)RED",1.017
smartphones,Fnac,"Apple iPhone 12 6,1'' 256GB Negro",1.017
smartphones,Fnac,"Apple iPhone 12 Mini 5,4'' 128GB (PRODUCT)RED",807
smartphones,Fnac,"Apple iPhone 12 Mini 5,4'' 128GB Blanco",807
smartphones,Fnac,"Apple iPhone 12 Mini 5,4'' 128GB Negro",807
smartphones,Fnac,"Apple iPhone 12 Mini 5,4'' 64GB Verde",727
smartphones,Fnac,"Apple iPhone 12 Mini 5,4'' 64GB Azul",727
smartphones,Fnac,"Apple iPhone 12 Mini 5,4'' 64GB (PRODUCT)RED",727
smartphones,Fnac,"Apple iPhone 12 Mini 5,4'' 64GB Blanco",727
smartphones,Fnac,"Apple iPhone 12 Mini 5,4'' 64GB Negro",727
smartphones,Fnac,"Apple iPhone 12 Mini 5,4'' 256GB Verde",917
smartphones,Fnac,"Apple iPhone 12 Mini 5,4'' 256GB Azul",917
smartphones,Fnac,"Apple iPhone 12 Mini 5,4'' 256GB Blanco",917
smartphones,Fnac,"Apple iPhone 12 Mini 5,4'' 256GB Negro",917
smartphones,Fnac,"Apple iPhone 12 Mini 5,4'' 128GB Verde",797
smartphones,Fnac,"Apple iPhone 12 Mini 5,4'' 128GB Azul",807
smartphones,Fnac,"Apple iPhone 11 Pro 5,8'' 64GB Gris espacial",956
smartphones,Fnac,"Apple iPhone 11 Pro Max 6,5'' 64GB Plata",997
smartphones,Fnac,"Apple iPhone 11 Pro 5,8'' 256GB Verde noche",1.097
smartphones,Fnac,"Apple iPhone 11 Pro 5,8'' 256GB Oro",1.097
smartphones,Fnac,"Apple iPhone 11 Pro Max 6,5'' 512GB Plata",1.397
smartphones,Fnac,"Apple iPhone 11 Pro Max 6,5'' 256GB Verde noche",1.147
smartphones,Fnac,"Apple iPhone 11 Pro Max 6,5'' 256GB Oro",1.147
smartphones,Fnac,"Apple iPhone 11 Pro Max 6,5'' 256GB Plata",1.147
smartphones,Fnac,"Apple iPhone 11 Pro Max 6,5'' 256GB Gris espacial",1.147
smartphones,Fnac,"Apple iPhone 11 Pro Max 6,5'' 64GB Verde noche",997
smartphones,Fnac,"Apple iPhone 11 Pro Max 6,5'' 64GB Gris espacial",997
smartphones,Fnac,"Apple iPhone 11 Pro 5,8'' 512GB Oro",1.297
smartphones,Fnac,"Apple iPhone 11 Pro 5,8'' 512GB Plata",1.297
smartphones,Fnac,"Apple iPhone 11 Pro 5,8'' 512GB Gris espacial",1.297
smartphones,Fnac,"Apple iPhone 11 Pro 5,8'' 256GB Plata",1.097
smartphones,Fnac,"Apple iPhone 11 Pro 5,8'' 256GB Gris espacial",1.097
smartphones,Fnac,"Apple iPhone 11 Pro 5,8'' 64GB Verde noche",956
smartphones,Fnac,"Xiaomi Mi 11 Lite 6,55'' 128GB Rosa + Altavoz Mi Smart Speaker",339
smartphones,Fnac,"Xiaomi Mi 11 Lite 6,55'' 128GB Negro + Altavoz Mi Smart Speaker",339
smartphones,Fnac,"Xiaomi Mi 11 Lite 6,55'' 128GB Azul + Altavoz Mi Smart Speaker",339
smartphones,Fnac,"Xiaomi Mi 10T 5G 6,67'' 128GB Negro",339
smartphones,Fnac,"Xiaomi Mi 10T 5G 6,67'' 128GB Plata",339
smartphones,Fnac,"Xiaomi Mi 10T Lite 5G 6,67'' 128GB Gris",299
smartphones,Fnac,"Xiaomi Mi 10T Lite 5G 6,67'' 128GB Azul",299
smartphones,Fnac,"Xiaomi Mi Note 10 Lite 6,47'' Negro",378
smartphones,Fnac,"Xiaomi Mi 10 Lite 6,57'' 128GB 5G Gris",399
smartphones,Fnac,"Xiaomi Redmi Note 10 6,43'' 128GB Gris",195
smartphones,Fnac,"Xiaomi Redmi Note 10 6,43'' 128GB Blanco",195
smartphones,Fnac,"Xiaomi Redmi Note 10 6,43'' 128GB Verde",195
smartphones,Fnac,"Xiaomi Redmi 9 6,53'' 64GB Gris",139
smartphones,Fnac,"Xiaomi Redmi Note 9 6,53'' 128GB Blanco",169
smartphones,Fnac,"Xiaomi Redmi Note 9 6,53'' 128GB Verde",169
smartphones,Fnac,"Xiaomi Redmi 9C 6,53'' 64GB Azul",129
smartphones,Fnac,"Realme 8 Pro 6,43'' 128GB Azul Infinity",279
smartphones,Fnac,"Realme 8 Pro 6,43'' 128GB Negro Infinity",279
smartphones,Fnac,"Realme C3 6,5 64GB Rojo",130
smartphones,Fnac,"Realme 7 6,5'' 64GB Azul",179
smartphones,Fnac,"Realme 7 Pro 6,4'' 128GB Azul",269
smartphones,Fnac,"Realme C11 6,52'' 32GB Verde",89
smartphones,Fnac,"Realme C11 6,52'' 32GB Gris",89
smartphones,Fnac,"Realme X50  5G 6,57'' 128GB Plata",327
smartphones,Fnac,"Realme 7i 6,52"" 64GB Azul",149
smartphones,Fnac,"Realme 7i 6,52"" 64GB Plata",149
smartphones,Fnac,"Realme 7 6,5'' 128GB Azul",229
smartphones,Fnac,"Realme 7 6,5'' 128GB Blanco",229
smartphones,Fnac,"Realme 7 Pro 6,4'' 128GB Plata",269
smartphones,Fnac,"Realme X3 SuperZoom 6,5'' 256GB Blanco",468
smartphones,Fnac,"Realme X3 SuperZoom 6,5'' 256GB Azul",468
smartphones,Fnac,"Realme X50 Pro 5G 6,44'' 128GB Verde",561
smartphones,Fnac,"Motorola Moto Edge 5G 6,7'' 128GB Negro",349
smartphones,Fnac,"Motorola Moto G 5G Plus 6,7'' 128GB Azul",269
smartphones,Fnac,"Motorola Razr 5G 6,2'' 256GB Negro",1.269
smartphones,Fnac,"Motorola Moto G9 Plus 6,8'' 128GB Azul",179
smartphones,Fnac,"Motorola Moto G30 6,5'' 128GB Negro",169
smartphones,Fnac,"Motorola Moto G9 Play 6,5'' 64GB Azul",129
smartphones,Fnac,"Motorola Moto E7 Plus 6,5'' 64GB Azul",109
smartphones,Fnac,"Motorola Moto G8 Power Lite 6,4'' 64GB Negro",111
smartphones,Fnac,"Huawei P40 Lite 5G 6,5'' 128GB Plata",289
smartphones,Fnac,"Huawei P40 Lite E 6,39'' 64GB Negro",160
smartphones,Fnac,"Huawei P40 Lite 6,4'' 128GB Negro",199
smartphones,Fnac,"Huawei P40 Lite 6,4'' 128GB Verde",199
smartphones,Fnac,"Huawei P40 Lite 5G 6,5'' 128GB Negro + Freebuds",272
smartphones,Fnac,"Huawei P40 Pro+ 5G 6,58'' 512GB Negro",1.199
smartphones,Fnac,"Huawei P40 Lite 5G 6,5'' 128GB Negro",279
smartphones,Fnac,"Huawei P40 Pro 6,58'' 256GB 5G Plata",699
smartphones,Fnac,"Huawei P40 Pro 6,58'' 256GB 5G Negro",699
smartphones,Fnac,"Huawei P40 Pro 6,58'' 256GB 5G Oro",1.099
smartphones,Fnac,"Huawei P40 6,1'' 128GB 5G Plata",499
smartphones,Fnac,"Huawei P40 6,1'' 128GB 5G Negro",499
smartphones,Fnac,"Huawei P40 6,1'' 128GB 5G Oro",499
