portatiles,K-tuin,"MacBook Air 13"" Chip M1 de Apple 8GB 256GB Gris Espacial",1129
portatiles,K-tuin,"MacBook Air 13"" Chip M1 de Apple 8GB 256GB Plata",1129
portatiles,K-tuin,"MacBook Air 13"" Chip M1 de Apple 8GB 256GB Oro",1129
portatiles,K-tuin,"MacBook Air 13"" Chip M1 de Apple 16GB 256GB Plata",1359
portatiles,K-tuin,"MacBook Air 13"" Chip M1 de Apple 16GB 256GB Gris espacial",1359
portatiles,K-tuin,"MacBook Air 13"" Chip M1 de Apple 8GB 512GB Gris Espacial",1399
portatiles,K-tuin,"MacBook Air 13"" Chip M1 de Apple 8GB 512GB Plata",1399
portatiles,K-tuin,"MacBook Air 13"" Chip M1 de Apple 8GB 512GB Oro",1399
portatiles,K-tuin,"MacBook Air 13"" Chip M1 de Apple 16GB 512GB Gris espacial",1629
portatiles,K-tuin,"MacBook Pro 13"" Chip M1 de Apple 8GB 256GB Gris Espacial",1449
portatiles,K-tuin,"MacBook Pro 13"" Chip M1 de Apple 8GB 256GB Plata",1449
portatiles,K-tuin,"MacBook Pro 13"" Chip M1 de Apple 8GB 512GB Gris Espacial",1679
portatiles,K-tuin,"MacBook Pro 13"" Chip M1 de Apple 8GB 512GB Plata",1679
portatiles,K-tuin,"MacBook Pro 13"" Chip M1 de Apple 16GB 256GB Gris Espacial",1679
portatiles,K-tuin,"MacBook Pro 13"" Chip M1 de Apple 16GB 512GB Gris Espacial",1909
portatiles,K-tuin,"MacBook Pro 13"" Chip M1 de Apple 16GB 1TB Gris Espacial",2139
portatiles,K-tuin,"MacBook Pro 13"" i5 1.4GHZ 8GB 512GB Gris espacial Touch Bar + Disco Duro 1TB,1.619
portatiles,K-tuin,"MacBook Pro 13"" i5 1.4GHZ 8GB 512GB Plata Touch Bar + Disco Duro 1TB,1.619
portatiles,K-tuin,"MacBook Pro 13"" i5 2GHZ 16GB 1TB Gris espacial Touch Bar,2359
portatiles,K-tuin,"MacBook Pro 13"" i5 2GHZ 16GB 1TB Plata Touch Bar",2.359
portatiles,K-tuin,"MacBook Pro 16"" i7 2.6GHZ 16GB 512GB Gris espacial Touch Bar,2699
portatiles,K-tuin,"MacBook Pro 16"" i7 2.6GHZ 16GB 512GB Plata Touch Bar,2699
portatiles,K-tuin,"MacBook Pro 16"" i9 2.3GHZ 16GB 1TB Gris espacial Touch Bar,3199
portatiles,K-tuin,"MacBook Pro 16"" i9 2.3GHZ 16GB 1TB Plata Touch Bar,3199
