tv,Milar,Televisor Samsung UE55TU7105KXXC  Ultra HD 4K,525
tv,Milar,Televisor LG 49NANO806NA.AEU Ultra HD 4K,639
tv,Milar,Televisor LG OLED65BX6LB Ultra HD 4K,1.686
tv,Milar,Televisor LG 55NANO806NA.AEU Ultra HD 4K,705
tv,Milar, Samsung UE43TU7105KXXC ,389
tv,Milar,Televisor Samsung UE70TU7105KXXC Ultra HD 4K,879
tv,Milar,Televisor Samsung UE75TU7105KXXC Ultra HD 4K,945
tv,Milar,Televisor LG 75UN70706LD Ultra HD 4K,939
tv,Milar,Televisor LG 43UN80006LC Ultra HD 4K,435
tv,Milar,Televisor LG 43UN711C0ZB Ultra HD 4K,369
tv,Milar,Televisor Samsung UE24N4305A Smart TV,179
tv,Milar,Televisor LG 49UN711C0ZB.AEU 49,429
tv,Milar,Televisor JVC LT-50VU3000 Ultra HD 4K,399
tv,Milar,Televisor Samsung UE43AU8005KXXC Ultra HD 4K,565
tv,Milar,Televisor LG 65UN711C0ZB Ultra HD 4K,669
tv,Milar,Televisor LG 70UN71006LA Ultra HD 4K,859
tv,Milar,Televisor Samsung UE55AU7105KXXC Ultra HD 4K,580
tv,Milar,Televisor JVC LT-32VH3000 HD Ready,239
tv,Milar,Televisor Hisense 43A7100F Ultra HD 4K,335
tv,Milar,Televisor Hisense 43A7300F Ultra HD 4K,395
tv,Milar,Televisor JVC LT-43VU3000 Ultra HD 4K,379
tv,Milar,Televisor JVC LT-24VAH300S HD Ready,189
tv,Milar,Televisor LG 65UN71006LB Ultra HD 4K,685
tv,Milar,Televisor JVC LT-39VH3000 HD Ready,299
tv,Milar,Televisor Samsung UE43AU7105KXXC Ultra HD 4K,445
tv,Milar,Televisor Hisense 32A5100F HD Ready,183
tv,Milar,Televisor Samsung UE32T5305CKXXC Full HD,275
tv,Milar,Imagen/Sonido Samsung UE50AU7105KXXC Ultra HD 4K,529
tv,Milar,Televisor JVC LT-32VAF3000 Full HD,259
tv,Milar,Televisor Samsung QE55Q65TAUXXC Ultra HD 4K,929
tv,Milar,Televisor Samsung QE43Q60AAUXXC Ultra HD 4K,755
tv,Milar,Televisor LG 49UN71006LB Ultra HD 4K,425
tv,Milar,Televisor Samsung UE65TU7105KXXC Ultra HD 4K,725
tv,Milar,Televisor JVC LT-43VA6900S Ultra HD 4K,429
tv,Milar,Televisor Samsung UE75AU7105KXXC Ultra HD 4K,1.039
tv,Milar,Imagen/Sonido Samsung QE65Q80AATXXC Ultra HD 4K,1.725
tv,Milar,Televisor Samsung QE65Q75AATXXC Ultra HD 4K,1.425
tv,Milar,Televisor Samsung UE50AU8005KXXC Ultra HD 4K,625
tv,Milar,Televisor Samsung UE65AU9005KXXC Ultra HD 4K,989
tv,Milar,TV LG 32LM6300PLA,298
tv,Milar,Televisor LG 43UN73906LE Ultra HD 4K,425
tv,Milar,Televisor Philips 43PUS7555 Ultra HD 4K,405
tv,Milar,Televisor LG 32LM550BPLB HD Ready,203
tv,Milar,Televisor Grundig 50GEU7800B Ultra HD 4K,355
tv,Milar,Televisor LG 65NANO806NA.AEU Ultra HD 4K,885
tv,Milar,Televisor Grundig 43 GEU 7800 B Ultra HD 4K,335
tv,Milar,Televisor JVC LT-43VF3O00 43,349
tv,Milar,Televisor Samsung UE50AU9005KXXC Ultra HD 4K,705
tv,Milar,Televisor Philips 24PFS6855/12 Full HD,199
tv,Milar,Televisor Grundig 43 GEU 7900C Ultra HD 4K,335
tv,Milar,Televisor LG OLED65C14LB Ultra HD 4K,2.469
tv,Milar,Televisor LG OLED48CX6LB Ultra HD 4K,1.629
tv,Milar,Televisor Samsung QE65Q60AAUXXC Ultra HD 4K,1.239
tv,Milar,Televisor Samsung QE65QN85AATXXC Ultra HD 4K,2.189
tv,Milar,Televisor Samsung QE65QN90AATXXC Ultra HD 4K,2.480
tv,Milar,Televisor Panasonic TX-50HX700 E Ultra HD 4K,590
tv,Milar,Televisor Panasonic TX-50HX810E 50,759
tv,Milar,Televisor Grundig 55 GEU 7900C Ultra HD 4K,489
tv,Milar,Televisor Samsung QE55QN95AATXXC Ultra HD 4K,2.039
tv,Milar,Televisor Hisense 55A7500F Ultra HD 4K,579
tv,Milar,Televisor LG 55NANO816PA Ultra HD 4K,925
tv,Milar,Televisor JVC LT-32VH3905 ,199
tv,Milar,Televisor Samsung UE75AU8005KXXC Ultra HD 4K,1.295
tv,Milar,Televisor Samsung UE55AU8005KXXC Ultra HD 4K,699
tv,Milar,Televisor Grundig 32GEH6600B HD Ready,233
tv,Milar,Televisor Samsung QE55Q60AAUXXC Ultra HD 4K,999
tv,Milar,Televisor JVC LT-32VAH3000 HD Ready,249
tv,Milar,Televisor Samsung UE28N4305AKXXC HD Ready,216
tv,Milar,Televisor Samsung UE32T4305AKXXC HD Ready,237
tv,Milar,Televisor JVC LT-50VA3000 Ultra HD 4K,499
tv,Milar,Televisor Grundig 50 GEU 7800B Ultra HD 4K,395
tv,Milar,Televisor JVC LT -55VA6900 Ultra HD 4K,579
tv,Milar,Televisor Nevir NVR-8060-434K2S-SMA-N Ultra HD 4K,319
tv,Milar,Televisor LG OLED65CX6LA Ultra HD 4K,2.159
tv,Milar,Televisor JVC LT-55VU3000 Ultra HD 4K,529
tv,Milar,Televisor LG 55UN80006LA Ultra HD 4K,545
tv,Milar,Televisor Grundig 43GEU7800B Ultra HD 4K,325
tv,Milar,Televisor Philips 32PHS6605 HD Ready,258
tv,Milar,Televisor Hisense 32A5600F HD Ready,226
tv,Milar,Televisor Hisense 40A5600F Full HD,296
tv,Milar,Televisor Hisense 43A7500F Ultra HD 4K,435
tv,Milar,Televisor Hisense 40A5100F Full HD,259
tv,Milar,Televisor Panasonic TX-43HX700E Ultra HD 4K,549
tv,Milar,Televisor Hisense 70A7100F Ultra HD 4K,805
tv,Milar,Televisor Engel LE5090ATV Ultra HD 4K,415
tv,Milar,Televisor Grundig 43 GEU 7900W Ultra HD 4K,355
tv,Milar,Televisor Hisense 55U7QF Ultra HD 4K,605
tv,Milar,Televisor Hisense H55B7100 Ultra HD 4K,419
tv,Milar,Televisor Samsung UE50TU7105KXXC Ultra HD 4K,479
tv,Milar,Televisor Samsung QE65QN95AATXXC Ultra HD 4K,2.729
tv,Milar,Televisor Philips TV 65PUS7855/12 Ultra HD 4K,725
tv,Milar,Televisor Philips 43PUS7855 Ultra HD 4K,459
tv,Milar,Televisor LG 50UN80006LC Ultra HD 4K,549
tv,Milar,Televisor LG 49UN73006LA Ultra HD 4K,445
tv,Milar,Televisor Philips 50PUS7555 Ultra HD 4K,469
tv,Milar,Televisor Philips 50PUS8555 Ultra HD 4K,649
tv,Milar,Televisor JVC LT -50VA6900 Ultra HD 4K,529
tv,Milar,Televisor JVC LT -65VA6900 Ultra HD 4K,699
tv,Milar,Televisor JVC LT-24VH52M  HD,169
tv,Milar,Televisor JVC LT-65VU3000 Ultra HD 4K,649
tv,Milar,Televisor Philips TV 43PUS8535/12 Ultra HD 4K,609
tv,Milar,Televisor Grundig 39GEF6600B Full HD,299
tv,Milar,Televisor LG OLED48C14LB Ultra HD 4K,1.529
tv,Milar,Televisor LG OLED55C14LB Ultra HD 4K,1.795
tv,Milar,Televisor Philips 32PFS6855 Full HD,288
tv,Milar,Televisor Engel LE2461T2 HD Ready,131
tv,Milar,Televisor Samsung QE43Q60TAUXXC Ultra HD 4K,680
tv,Milar,Televisor LG OLED55GX6LA Ultra HD 4K,1.699
tv,Milar,Televisor LG 60UN71006LB Ultra HD 4K,589
tv,Milar,Televisor Grundig 55 GEU 8900C Ultra HD 4K,515
tv,Milar,Televisor LG 65UN80006LA Ultra HD 4K,729
tv,Milar,Televisor Hisense 65A7100F Ultra HD 4K,635
tv,Milar,Televisor Grundig 65 GEU 8900C Ultra HD 4K,705
