monitores,Modpc,MONITOR 24.5" AOC GAMING G2590PX 144Hz FULLHD 2xHDMI/DP HUB,267.35
monitores,Modpc,MONITOR 25" LG 25UM58-P IPS HDMI WQHD 2560x1080 21:9,203.40
monitores,Modpc,MONITOR 26.9" SAMSUNG C27R500 CURVO FULLHD VGA/HDMI,205.75
monitores,Modpc,MONITOR 27" ACER R270SI IPS FULLHD 75Hz 1ms,187.35
monitores,Modpc,MONITOR 27" AOC GAMING C27G1 144Hz CURVO HDMI/DP,293.05
monitores,Modpc,MONITOR 27" DELL P2719H IPS FULLHD HDMI/DP,237.30
monitores,Modpc,MONITOR 27" GIGABYTE G27F 144Hz 1ms FULLHD 2xHDMI/DP USB3,276.95
monitores,Modpc,MONITOR 27" GIGABYTE GAMING G27FC 165Hz IPS FULLHD,295.40
monitores,Modpc,MONITOR 27" HANNS HQ272PPB 2560 X1440 2xHDMI ALTAVOCES,230.90
monitores,Modpc,MONITOR 27" HANNSPREE HL274HPB FULLHD HDMI/DVI MULTIMEDIA,161.40
monitores,Modpc,MONITOR 27" KEEPOUT XGM27V3 FULLHD 75Hz 4ms,126.00
monitores,Modpc,MONITOR 27" LG GAMING ULTRAGEAR 27GL650F 144Hz,312.20
monitores,Modpc,MONITOR 27" LG GAMING ULTRAGEAR 27GL850-B 144Hz QHD,516.95
monitores,Modpc,MONITOR 27" MILLENIUM GAMING MD27PRO 144Hz QHD,327.40
monitores,Modpc,MONITOR 27" PHILIPS 273V7QDAB IPS FHD HDMI MULTIMEDIA,172.55
monitores,Modpc,MONITOR 27" VIEWSONIC VX2758-2KP-MHD 144Hz QHD,383.35
monitores,Modpc,MONITOR 31.5" LG 32MN500 IPS FULLHD,199.99
monitores,Modpc,MONITOR 31.5" LG GAMING 32GK650F-B 144Hz QHD,407.95
monitores,Modpc,MONITOR 32" VIEWSONIC VX3211-MH IPS FULLHD HDMI,248.60
monitores,Modpc,MONITOR 32" VIEWSONIC VX3276-2K-MHD 2K IPS 75Hz MULTIMEDIA,291.50
monitores,Modpc,MONITOR GAMING 24.5" BENQ ZOWIE XL2546 240Hz,551.50
monitores,Modpc,MONITOR GAMING 27" LG 27GK750F-B 240Hz,416.95
monitores,Modpc,MONITOR GAMING 27" SAMSUNG C27RG50FQU CURVO 240Hz,328.30
