monitores,Zbitt,Philips - Soporte de montaje de cliente BS6B2234B/00,13.00
monitores,Zbitt,"Acer - V6 V206HQLAb 49,5 cm (19.5"") 1600 x 900 Pixeles Negro",88.25
monitores,Zbitt,"ASUS - VS197DE 47 cm (18.5"") 1366 x 768 Pixeles WXGA Negro",88.25
monitores,Zbitt,"DELL - E Series E2016HV LED display 49,5 cm (19.5"") 1600 x 900 Pixeles HD+ LCD Negro",97.00
monitores,Zbitt,"Acer - V6 V226HQL 54,6 cm (21.5"") 1920 x 1080 Pixeles Full HD LED Negro",103.00
monitores,Zbitt,"DELL - E Series E2020H 50,8 cm (20"") 1600 x 900 Pixeles HD+ LCD Negro",103.00
monitores,Zbitt,Samsung - LS22F350FHRXEN,108.00
monitores,Zbitt,"Samsung - S22A330NHU 55,9 cm (22"") 1920 x 1080 Pixeles Full HD LED Negro",109.00
monitores,Zbitt,"Acer - KA240HQBbid 59,9 cm (23.6"") 1920 x 1080 Pixeles Full HD LED Negro",111.00
monitores,Zbitt,"Hannspree - HL225HPB pantalla para PC 54,6 cm (21.5"") 1920 x 1080 Pixeles Full HD LCD Negro",114.00
monitores,Zbitt,"Acer - V6 V246HQL 59,9 cm (23.6"") 1920 x 1080 Pixeles Full HD LED Negro",114.00
monitores,Zbitt,"DELL - E Series E2220H 55,9 cm (22"") 1920 x 1080 Pixeles Full HD LCD Negro",116.00
monitores,Zbitt,"Samsung - S24A310NHU 61 cm (24"") 1920 x 1080 Pixeles Full HD LCD Negro",116.00
monitores,Zbitt,Philips - V Line Monitor LCD con SmartControl Lite 223V5LHSB2/00,117.00
monitores,Zbitt,"ASUS - VZ229HE 54,6 cm (21.5"") 1920 x 1080 Pixeles Full HD LED Negro",119.00
monitores,Zbitt,"ASUS - VP228HE 54,6 cm (21.5"") 1920 x 1080 Pixeles Full HD Negro",119.00
monitores,Zbitt,"LG - 20MK400H-B pantalla para PC 50,8 cm (20"") 1366 x 768 Pixeles WXGA LED Negro",121.00
monitores,Zbitt,"Acer - V7 V227Qbip 54,6 cm (21.5"") 1920 x 1080 Pixeles Full HD Negro",122.00
monitores,Zbitt,Philips - V Line Monitor LCD Full HD 223V7QDSB/00,122.00
monitores,Zbitt,"Nilox - NXMMLED236EL LED display 59,9 cm (23.6"") 1920 x 1080 Pixeles Full HD Negro",122.00
monitores,Zbitt,"Acer - Professional B226HQL 54,6 cm (21.5"") 1920 x 1080 Pixeles Full HD Gris",123.00
monitores,Zbitt,"ASUS - VS247HR 59,9 cm (23.6"") 1920 x 1080 Pixeles Full HD Negro",124.00
monitores,Zbitt,"Acer - SA240YAbi 60,5 cm (23.8"") 1920 x 1080 Pixeles Full HD LED Negro",124.00
monitores,Zbitt,"ASUS - VA249HE 60,5 cm (23.8"") 1920 x 1080 Pixeles Full HD LED Negro",125.00
monitores,Zbitt,"Hannspree - HE 247 HPB 60,5 cm (23.8"") 1920 x 1080 Pixeles Full HD LED Negro",125.00
monitores,Zbitt,"ASUS - VC239HE-W 58,4 cm (23"") 1920 x 1080 Pixeles Full HD LED Negro, Blanco",126.00
monitores,Zbitt,"Hannspree - HC240HFW pantalla para PC 60,5 cm (23.8"") 1920 x 1080 Pixeles Full HD LED Plata, Blanco",127.00
monitores,Zbitt,"Hannspree - Hanns.G HP 225 PJB 54,6 cm (21.5"") 1920 x 1080 Pixeles Full HD LED Negro",130.00
monitores,Zbitt,"LG - 22MK400H-B pantalla para PC 55,9 cm (22"") 1920 x 1080 Pixeles Full HD LED Negro",130.00
monitores,Zbitt,"DELL - E Series E2421HN 60,5 cm (23.8"") 1920 x 1080 Pixeles Full HD LCD Negro",131.00
monitores,Zbitt,"ASUS - VP247HAE 59,9 cm (23.6"") 1920 x 1080 Pixeles Full HD LED Negro",131.00
monitores,Zbitt,"ASUS - VZ249HE 60,5 cm (23.8"") 1920 x 1080 Pixeles Full HD Negro",132.00
monitores,Zbitt,"Acer - V7 V247Ybip 60,5 cm (23.8"") 1920 x 1080 Pixeles Full HD LED Negro",133.00
monitores,Zbitt,"Samsung - F24T350FHR 61 cm (24"") 1920 x 1080 Pixeles Negro",133.00
monitores,Zbitt,"Acer - R240Y 60,5 cm (23.8"") 1920 x 1080 Pixeles Full HD Negro",133.00
monitores,Zbitt,"ASUS - VP229HE 54,6 cm (21.5"") 1920 x 1080 Pixeles Full HD LED Negro",133.00
monitores,Zbitt,"iiyama - ProLite X2283HS-B5 LED display 54,6 cm (21.5"") 1920 x 1080 Pixeles Full HD Negro",133.00
monitores,Zbitt,"DELL - S Series SE2219H 54,6 cm (21.5"") 1920 x 1080 Pixeles Full HD LCD Negro",133.00
monitores,Zbitt,"HP - V24 FHD 61 cm (24"") 1920 x 1080 Pixeles Full HD LED Negro",134.00
monitores,Zbitt,"Benq - GW2283 54,6 cm (21.5"") 1920 x 1080 Pixeles Full HD LED Negro",134.00
monitores,Zbitt,"DELL - E Series E2318H 58,4 cm (23"") 1920 x 1080 Pixeles Full HD LCD Negro",134.00
monitores,Zbitt,"Benq - GW2280 54,6 cm (21.5"") 1920 x 1080 Pixeles Full HD LED Negro",134.00
monitores,Zbitt,Benq - Essenti 21.5 1920x1080FHD 2HDMI,134.00
monitores,Zbitt,"HP - P-Series P21b G4 52,6 cm (20.7"") 1920 x 1080 Pixeles Full HD LED Negro",135.00
monitores,Zbitt,"ASUS - VA24DQ 60,5 cm (23.8"") 1920 x 1080 Pixeles Full HD LED Negro",135.00
monitores,Zbitt,"ASUS - VP248H 61 cm (24"") 1920 x 1080 Pixeles Full HD LED Negro",136.00
monitores,Zbitt,"HP - V24 FHD 61 cm (24"") 1920 x 1080 Pixeles Full HD LED",136.00
monitores,Zbitt,"ASUS - VZ249HE-W pantalla para PC 60,5 cm (23.8"") 1920 x 1080 Pixeles Full HD LED Blanco",137.00
monitores,Zbitt,"Hannspree - HS248PPB LED display 60,5 cm (23.8"") 1920 x 1080 Pixeles Full HD Negro",139.00
monitores,Zbitt,"Hannspree - HX194HPB pantalla para PC 48,3 cm (19"") 1280 x 1024 Pixeles SXGA LED Negro",139.00
monitores,Zbitt,"DELL - E Series E1715S 43,2 cm (17"") 1280 x 1024 Pixeles SXGA LED Negro",139.00
monitores,Zbitt,"ASUS - VZ249HE 60,5 cm (23.8"") 1920 x 1080 Pixeles Full HD LED Negro",139.00
monitores,Zbitt,"AOC - B1 24B1H pantalla para PC 61 cm (24"") 1920 x 1080 Pixeles Full HD LED Negro",140.00
monitores,Zbitt,"Xiaomi - 1C 60,5 cm (23.8"") 1920 x 1080 Pixeles Full HD LED Negro",140.00
monitores,Zbitt,"Acer - B6 B226HQLymiprx 54,6 cm (21.5"") 1920 x 1080 Pixeles Full HD LED Gris",141.00
monitores,Zbitt,"AOC - M2060PWDA2 LED display 49,6 cm (19.5"") 1920 x 1080 Pixeles Full HD Negro",141.00
monitores,Zbitt,"AOC - M2470SWH LED display 61 cm (24"") 1920 x 1080 Pixeles Full HD Negro",142.00
monitores,Zbitt,"AOC - B2 24B2XHM2 pantalla para PC 60,5 cm (23.8"") 1920 x 1080 Pixeles Full HD LCD Negro",142.00
monitores,Zbitt,"DELL - S Series S2421HN 60,5 cm (23.8"") 1920 x 1080 Pixeles Full HD LCD Gris",142.00
monitores,Zbitt,"ASUS - VP229Q 54,6 cm (21.5"") 1920 x 1080 Pixeles Full HD LED Negro",142.00
monitores,Zbitt,"Viewsonic - LED LCD VA2405-H LED display 59,9 cm (23.6"") 1920 x 1080 Pixeles Full HD Negro",143.00
monitores,Zbitt,"DELL - E Series E2420H 61 cm (24"") 1920 x 1080 Pixeles Full HD LCD Negro",143.00
monitores,Zbitt,"iiyama - ProLite XU2294HSU-B1 LED display 54,6 cm (21.5"") 1920 x 1080 Pixeles Full HD Negro",143.00
monitores,Zbitt,"iiyama - ProLite XU2292HS-B1 LED display 54,6 cm (21.5"") 1920 x 1080 Pixeles Full HD Negro",143.00
monitores,Zbitt,Nilox - MONITOR LED 27 FHD HDMI VGA,144.00
monitores,Zbitt,"AOC - B2 24B2XH pantalla para PC 60,5 cm (23.8"") 1920 x 1080 Pixeles Full HD LED Negro",144.00
monitores,Zbitt,"LG - 24MK400H-B pantalla para PC 60,5 cm (23.8"") 1920 x 1080 Pixeles Full HD LED Negro",145.00
monitores,Zbitt,"Acer - KA0 KA270HAbid 68,6 cm (27"") 1920 x 1080 Pixeles Full HD LED Negro",145.00
monitores,Zbitt,Benq - Monitor 23.8 GW2480,146.00
monitores,Zbitt,"Benq - BL2480 60,5 cm (23.8"") 1920 x 1080 Pixeles Full HD LED Negro - 9H.LH1LA.CPE",146.00
monitores,Zbitt,Benq - 23 8 LED 1920X1080 16:9 5MS MNTR GW2480 250CDM DP HDMI MM IN,146.00
monitores,Zbitt,Philips - V Line Monitor LCD Full HD 243V7QDSB/00,147.00
monitores,Zbitt,"iiyama - ProLite X2474HS-B2 pantalla para PC 59,9 cm (23.6"") 1920 x 1080 Pixeles Full HD LED Negro",148.00
monitores,Zbitt,"Acer - B7 B227Q 54,6 cm (21.5"") 1920 x 1080 Pixeles Full HD LED Negro - UM.WB7EE.006",149.00
monitores,Zbitt,Philips - V Line Monitor LCD Full HD 223V7QHAB/00,150.00
monitores,Zbitt,"Viewsonic - VA2418-sh 60,5 cm (23.8"") 1920 x 1080 Pixeles Full HD LED Negro",150.00
monitores,Zbitt,"LG - 24MK430H-B LED display 60,5 cm (23.8"") 1920 x 1080 Pixeles Full HD Negro",150.00
monitores,Zbitt,"ASUS - VY249HE 60,5 cm (23.8"") 1920 x 1080 Pixeles Full HD LED Negro",151.00
monitores,Zbitt,"ASUS - VA229QSB 54,6 cm (21.5"") 1920 x 1080 Pixeles Full HD LED Negro",151.00
monitores,Zbitt,"ASUS - MB168B 39,6 cm (15.6"") 1366 x 768 Pixeles HD Negro, Plata",151.00
monitores,Zbitt,"iiyama - ProLite XU2390HS 58,4 cm (23"") 1920 x 1080 Pixeles Full HD LED Negro",152.00
monitores,Zbitt,"AOC - B2 24B2XDAM LED display 60,5 cm (23.8"") 1920 x 1080 Pixeles Full HD Negro",152.00
monitores,Zbitt,"DELL - Professional P2219H_WOST 55,9 cm (22"") 1920 x 1080 Pixeles Full HD LCD Negro",152.00
monitores,Zbitt,"Samsung - F24T400FHR 61 cm (24"") 1920 x 1080 Pixeles Full HD Negro",153.00
monitores,Zbitt,Philips - V Line Monitor LCD Full HD 243V7QDAB/00,153.00
monitores,Zbitt,"LG - 22MK600M-B LED display 54,6 cm (21.5"") 1920 x 1080 Pixeles Full HD Negro",153.00
monitores,Zbitt,"LG - 22BL450Y-B pantalla para PC 54,6 cm (21.5"") 1920 x 1080 Pixeles Full HD LED Negro",153.00
monitores,Zbitt,"DELL - SE2417HGX 61 cm (24"") 1920 x 1080 Pixeles Full HD LCD Negro",153.00
monitores,Zbitt,"Acer - KA KA272BI 68,6 cm (27"") 1920 x 1080 Pixeles Full HD LED Negro",154.00
monitores,Zbitt,"HP - 24fh 60,5 cm (23.8"") 1920 x 1080 Pixeles Full HD LED Negro, Plata",154.00
monitores,Zbitt,"DELL - S Series S2421H 60,5 cm (23.8"") 1920 x 1080 Pixeles Full HD LCD Gris",154.00
monitores,Zbitt,"iiyama - ProLite XU2492HSU 60,5 cm (23.8"") 1920 x 1080 Pixeles Full HD LED Negro",155.00
monitores,Zbitt,"iiyama - G-MASTER G2530HSU-B1 LED display 62,2 cm (24.5"") 1920 x 1080 Pixeles Full HD Negro",155.00
monitores,Zbitt,"iiyama - ProLite X2483HSU-B3 LED display 60,5 cm (23.8"") 1920 x 1080 Pixeles Full HD Negro",155.00
monitores,Zbitt,"iiyama - ProLite XU2395WSU-B1 LED display 57,1 cm (22.5"") 1920 x 1200 Pixeles WUXGA Negro",155.00
monitores,Zbitt,"LG - 24MP59G-P LED display 60,5 cm (23.8"") 1920 x 1080 Pixeles Full HD Negro",155.00
monitores,Zbitt,"Benq - BL2480 60,5 cm (23.8"") 1920 x 1080 Pixeles Full HD LED Negro - 9H.LH1LA.TBE",156.00
monitores,Zbitt,Nilox - MONITOR IPS LED 27 HDMI VGA LBL 2MS,156.00
monitores,Zbitt,"Philips - V Line 271V8L/00 LED display 68,6 cm (27"") 1920 x 1080 Pixeles Full HD Negro",156.00
monitores,Zbitt,"Benq - GW2480 60,5 cm (23.8"") 1920 x 1080 Pixeles Full HD LED Negro",156.00
monitores,Zbitt,"DELL - P2217 LED display 55,9 cm (22"") 1680 x 1050 Pixeles WSXGA+ LCD Negro",156.00
monitores,Zbitt,"Hannspree - HL274HPB LED display 68,6 cm (27"") 1920 x 1080 Pixeles Full HD Negro",156.00
monitores,Zbitt,"ASUS - VA24EHL 60,5 cm (23.8"") 1920 x 1080 Pixeles Full HD LED Negro",157.00
monitores,Zbitt,"ASUS - BE249QLB-G 60,5 cm (23.8"") 1920 x 1080 Pixeles Full HD LED Gris",157.00
monitores,Zbitt,"HP - 22m 54,6 cm (21.5"") 1920 x 1080 Pixeles Full HD LED Negro",157.00
monitores,Zbitt,"ASUS - VB199TL 48,3 cm (19"") 1280 x 1024 Pixeles SXGA LED Negro",157.00
monitores,Zbitt,"iiyama - ProLite B1780SD-B1 pantalla para PC 43,2 cm (17"") 1280 x 1024 Pixeles LED Negro",158.00
monitores,Zbitt,Philips - V Line Monitor LCD Full HD 273V7QDSB/00,158.00
monitores,Zbitt,"Lenovo - C24-25 60,5 cm (23.8"") 1920 x 1080 Pixeles Full HD LED Negro",159.00
monitores,Zbitt,"MSI - Pro MP242 60,5 cm (23.8"") 1920 x 1080 Pixeles Full HD LCD Negro",159.00
monitores,Zbitt,"Hannspree - HS275HFB LED display 68,6 cm (27"") 1920 x 1080 Pixeles Full HD Negro, Gris",160.00
monitores,Zbitt,"Hannspree - HP247HJV LED display 59,9 cm (23.6"") 1920 x 1080 Pixeles Full HD Negro",160.00
monitores,Zbitt,"Hannspree - HS278PPB LED display 68,6 cm (27"") 1920 x 1080 Pixeles Full HD Negro, Gris",160.00
monitores,Zbitt,"AOC - 27B2H pantalla para PC 68,6 cm (27"") 1920 x 1080 Pixeles Full HD LED Negro",160.00
monitores,Zbitt,"iiyama - ProLite XUB2294HSU-W1 LED display 54,6 cm (21.5"") 1920 x 1080 Pixeles Full HD Negro, Blanco",162.00
monitores,Zbitt,"Samsung - F24T450FQR 61 cm (24"") 1920 x 1080 Pixeles Negro",162.00
monitores,Zbitt,"DELL - S Series S2421HS 60,5 cm (23.8"") 1920 x 1080 Pixeles Full HD LCD Plata",162.00
monitores,Zbitt,"ASUS - VA27EHE 68,6 cm (27"") 1920 x 1080 Pixeles Full HD LED Negro",163.00
monitores,Zbitt,"Philips - V Line 271V8LA/00 LED display 68,6 cm (27"") 1920 x 1080 Pixeles Full HD Negro",163.00
monitores,Zbitt,"AOC - B2 27B2H/EU LED display 68,6 cm (27"") 1920 x 1080 Pixeles Full HD Negro",163.00
monitores,Zbitt,Philips - V Line Monitor LCD Full HD 273V7QDAB/00,164.00
monitores,Zbitt,Huawei - MONITOR 23.8 IPS 16:9 1920X1080P,164.00
monitores,Zbitt,"Hannspree - HC 270 HCB 68,6 cm (27"") 1920 x 1080 Pixeles Full HD LED Negro",164.00
monitores,Zbitt,"iiyama - ProLite E1980SD 48,3 cm (19"") 1280 x 1024 Pixeles SXGA LED Negro",165.00
monitores,Zbitt,"iiyama - ProLite XUB2292HS-B1 LED display 54,6 cm (21.5"") 1920 x 1080 Pixeles Full HD Negro",165.00
monitores,Zbitt,"iiyama - ProLite XB2481HS-B1 LED display 59,9 cm (23.6"") 1920 x 1080 Pixeles Full HD Negro",165.00
monitores,Zbitt,"Acer - V7 V277bip 68,6 cm (27"") 1920 x 1080 Pixeles Full HD LED Negro",166.00
monitores,Zbitt,"LG - 24BK550Y-B LED display 61 cm (24"") 1920 x 1080 Pixeles Full HD Negro",166.00
monitores,Zbitt,"KeepOut - XGM27V3 pantalla para PC 68,6 cm (27"") 1920 x 1080 Pixeles Full HD Negro, Rojo",167.00
monitores,Zbitt,"DELL - P2219H LED display 55,9 cm (22"") 1920 x 1080 Pixeles Full HD LCD Negro",167.00
monitores,Zbitt,"Benq - GL2480 61 cm (24"") 1920 x 1080 Pixeles Full HD LED Negro",167.00
monitores,Zbitt,"Philips - V Line 272V8LA/00 pantalla para PC 68,6 cm (27"") 1920 x 1080 Pixeles Full HD LED Negro",168.00
monitores,Zbitt,"Viewsonic - VG Series VG2239SMH-2 pantalla para PC 55,9 cm (22"") 1920 x 1080 Pixeles Full HD LCD Negro",168.00
monitores,Zbitt,"Samsung - LF27T350FHU 68,6 cm (27"") 1920 x 1080 Pixeles Full HD LED Negro",168.00
monitores,Zbitt,"Benq - EW2480 60,5 cm (23.8"") 1920 x 1080 Pixeles IPS Negro, Gris",169.00
monitores,Zbitt,"AOC - E2475PWJ pantalla para PC 61 cm (24"") 1920 x 1080 Pixeles Full HD LCD Negro",170.00
monitores,Zbitt,"MSI - Optix G241V 60,5 cm (23.8"") 1920 x 1080 Pixeles Full HD LCD Negro",171.00
monitores,Zbitt,"MSI - Optix G241VC 59,9 cm (23.6"") 1920 x 1080 Pixeles Full HD LED Negro",172.00
monitores,Zbitt,"ASUS - VP248QG 61 cm (24"") 1920 x 1080 Pixeles Full HD Negro",172.00
monitores,Zbitt,"LG - 24TL510V-PZ LED display 59,9 cm (23.6"") 1366 x 768 Pixeles HD Negro",172.00
monitores,Zbitt,"DELL - P2419H 60,5 cm (23.8"") 1920 x 1080 Pixeles Full HD LCD Negro",173.00
monitores,Zbitt,"AOC - B2 27B2DA LED display 68,6 cm (27"") 1920 x 1080 Pixeles Full HD Negro",173.00
monitores,Zbitt,"iiyama - ProLite XB2474HS-B2 LED display 59,9 cm (23.6"") 1920 x 1080 Pixeles Full HD Negro",173.00
monitores,Zbitt,"Lenovo - ThinkVision T23d 57,1 cm (22.5"") 1920 x 1200 Pixeles WUXGA LED Negro",175.00
monitores,Zbitt,"iiyama - ProLite XUB2390HS-B1 LED display 58,4 cm (23"") 1920 x 1080 Pixeles Full HD Negro",176.00
monitores,Zbitt,"iiyama - ProLite X1670HC-B1 pantalla para PC 39,6 cm (15.6"") 1920 x 1080 Pixeles Full HD LED Negro",176.00
monitores,Zbitt,"iiyama - ProLite B2280WSD-B1 LED display 55,9 cm (22"") 1680 x 1050 Pixeles Negro",176.00
monitores,Zbitt,"iiyama - ProLite B1980SD 48,3 cm (19"") 1280 x 1024 Pixeles LED Negro",176.00
monitores,Zbitt,"iiyama - ProLite XUB2496HSU-B1 LED display 60,5 cm (23.8"") 1920 x 1080 Pixeles Full HD Negro",176.00
monitores,Zbitt,"iiyama - ProLite XUB2492HSU-W1 LED display 60,5 cm (23.8"") 1920 x 1080 Pixeles Full HD Blanco",176.00
monitores,Zbitt,"DELL - S Series S2721HN 68,6 cm (27"") 1920 x 1080 Pixeles Full HD LCD Gris",176.00
monitores,Zbitt,"LG - 24MK600M-W pantalla para PC 60,5 cm (23.8"") 1920 x 1080 Pixeles Full HD Negro, Plata, Blanco",177.00
monitores,Zbitt,"Samsung - C27F390FHR 68,6 cm (27"") 1920 x 1080 Pixeles Negro",177.00
monitores,Zbitt,"AOC - P1 22P1 pantalla para PC 54,6 cm (21.5"") 1920 x 1080 Pixeles Full HD LED Negro",177.00
monitores,Zbitt,"LG - 24TL510V-WZ LED display 59,9 cm (23.6"") 1366 x 768 Pixeles HD Blanco",177.00
monitores,Zbitt,"ASUS - VP279HE 68,6 cm (27"") 1920 x 1080 Pixeles Full HD LED Negro",178.00
monitores,Zbitt,"Viewsonic - VA2732-h 68,6 cm (27"") 1920 x 1080 Pixeles Full HD LED Negro",178.00
monitores,Zbitt,"Viewsonic - Value Series VA2718-SH LED display 68,6 cm (27"") 1920 x 1080 Pixeles Full HD Negro",178.00
monitores,Zbitt,"LG - 27MK400H-B pantalla para PC 68,6 cm (27"") 1920 x 1080 Pixeles Full HD LCD Negro",179.00
monitores,Zbitt,"ASUS - VP279HE pantalla para PC 68,6 cm (27"") 1920 x 1080 Pixeles Full HD LED Negro",179.00
monitores,Zbitt,"DELL - P1917S 19"" HD IPS Negro pantalla para PC",179.00
monitores,Zbitt,"Acer - B7 B227Q 54,6 cm (21.5"") 1920 x 1080 Pixeles Full HD LED Negro - UM.WB7EE.008",180.00
monitores,Zbitt,"Acer - R0 R270 68,6 cm (27"") 1920 x 1080 Pixeles Full HD LED Negro",180.00
monitores,Zbitt,"LG - 27MK430H-B pantalla para PC 68,6 cm (27"") 1920 x 1080 Pixeles Full HD LED Negro",180.00
monitores,Zbitt,"DELL - S Series S2721H 68,6 cm (27"") 1920 x 1080 Pixeles Full HD LCD Gris",181.00
monitores,Zbitt,"Lenovo - L24i-30 60,5 cm (23.8"") 1920 x 1080 Pixeles Full HD LCD Negro, Gris",182.00
monitores,Zbitt,"ASUS - VZ279HE-W 68,6 cm (27"") 1920 x 1080 Pixeles Full HD LED Negro, Blanco",182.00
monitores,Zbitt,"DELL - E Series E2720HS 68,6 cm (27"") 1920 x 1080 Pixeles Full HD LCD Negro",182.00
monitores,Zbitt,"DELL - P2319H 58,4 cm (23"") 1920 x 1080 Pixeles Full HD LCD Negro - DELL-P2319H",182.00
monitores,Zbitt,"DELL - P2018H 50,8 cm (20"") 1600 x 900 Pixeles HD+ LCD Negro",183.00
monitores,Zbitt,"ASUS - VY279HE 68,6 cm (27"") 1920 x 1080 Pixeles Full HD LED Negro",183.00
monitores,Zbitt,"Acer - ED242QR 59,9 cm (23.6"") 1920 x 1080 Pixeles Full HD LED Negro",183.00
monitores,Zbitt,"Lenovo - ThinkVision T2054P 49,5 cm (19.5"") 1440 x 900 Pixeles WXGA+ LED Negro",184.00
monitores,Zbitt,"AOC - 24G2U5/BK pantalla para PC 60,5 cm (23.8"") 1920 x 1080 Pixeles Full HD LED Negro",185.00
monitores,Zbitt,"Viewsonic - VX Series VX2458-mhd 59,9 cm (23.6"") 1920 x 1080 Pixeles Full HD LED Negro, Rojo",186.00
monitores,Zbitt,"DELL - P2319H 58,4 cm (23"") 1920 x 1080 Pixeles Full HD LCD Negro - DELL-P2319HE",187.00
monitores,Zbitt,Philips - S Line Monitor LCD con tecnología SoftBlue 243S7EYMB/00,187.00
monitores,Zbitt,"ASUS - BE239QLBH 58,4 cm (23"") 1920 x 1080 Pixeles Full HD LED Negro",187.00
monitores,Zbitt,"iiyama - ProLite X2783HSU-B3 pantalla para PC 68,6 cm (27"") 1920 x 1080 Pixeles Full HD LED Negro",188.00
monitores,Zbitt,"HP - 24f 60,5 cm (23.8"") 1920 x 1080 Pixeles Full HD LED Plata",188.00
monitores,Zbitt,"NEC - MultiSync E233WMi 58,4 cm (23"") 1920 x 1080 Pixeles Full HD LED Negro",189.00
monitores,Zbitt,"Lenovo - ThinkVision T23i-20 58,4 cm (23"") 1920 x 1080 Pixeles Full HD LED Negro",189.00
monitores,Zbitt,"Viewsonic - VA2732-MHD pantalla para PC 68,6 cm (27"") 1920 x 1080 Pixeles Full HD LED Negro",190.00
monitores,Zbitt,"DELL - E Series E2720H 68,6 cm (27"") 1920 x 1080 Pixeles Full HD LCD Negro",190.00
monitores,Zbitt,"Benq - GW2480T 60,5 cm (23.8"") 1920 x 1080 Pixeles LED Negro",190.00
monitores,Zbitt,"Benq - BL2483TM 61 cm (24"") 1920 x 1080 Pixeles Full HD LED Negro",190.00
monitores,Zbitt,"DELL - S Series S2721HS 68,6 cm (27"") 1920 x 1080 Pixeles Full HD LCD Negro, Plata",191.00
monitores,Zbitt,"Benq - BL2381T 57,1 cm (22.5"") 1920 x 1200 Pixeles WUXGA LED Negro",191.00
monitores,Zbitt,"DELL - P2419H 61 cm (24"") 1920 x 1080 Pixeles Full HD LCD Negro",191.00
monitores,Zbitt,"LG - 27MP59G-P LED display 68,6 cm (27"") 1920 x 1080 Pixeles Full HD Negro",191.00
monitores,Zbitt,"LG - 25BL55WY-B pantalla para PC 63,5 cm (25"") 1920 x 1200 Pixeles Full HD Negro",192.00
monitores,Zbitt,"Acer - B7 B227Qbmiprzx 54,6 cm (21.5"") 1920 x 1080 Pixeles Full HD LED Negro",193.00
monitores,Zbitt,HP - HP E22 G4 FHD Monitor,193.00
monitores,Zbitt,"ASUS - MB169C+ 39,6 cm (15.6"") 1920 x 1080 Pixeles Full HD LED Negro, Plata",193.00
monitores,Zbitt,"Acer - CB2 CB272 68,6 cm (27"") 1920 x 1080 Pixeles Full HD LED Negro",193.00
monitores,Zbitt,Philips - B Line Monitor LCD 241B8QJEB/00,194.00
monitores,Zbitt,"LG - 24BL650C-B LED display 60,5 cm (23.8"") 1920 x 1080 Pixeles Full HD IPS Negro",195.00
monitores,Zbitt,"DELL - S Series S2421HGF 60,5 cm (23.8"") 1920 x 1080 Pixeles Full HD LCD Negro",196.00
monitores,Zbitt,"iiyama - G-MASTER G2730HSU-B1 LED display 68,6 cm (27"") 1920 x 1080 Pixeles Full HD Negro",198.00
monitores,Zbitt,"iiyama - ProLite XU2792HSU-B1 LED display 68,6 cm (27"") 1920 x 1080 Pixeles Full HD LCD Negro",198.00
monitores,Zbitt,"iiyama - G-MASTER Red Eagle 60,5 cm (23.8"") 1920 x 1080 Pixeles Full HD LED Negro - G2470HSU-B1",198.00
monitores,Zbitt,Benq - 27W led monitor BL2780 black,198.00
monitores,Zbitt,"Samsung - F27T450FQU 68,6 cm (27"") 1920 x 1080 Pixeles Full HD Negro",198.00
monitores,Zbitt,"iiyama - G-MASTER G2466HSU-B1 LED display 59,9 cm (23.6"") 1920 x 1080 Pixeles Full HD Negro",198.00
monitores,Zbitt,"Lenovo - ThinkVision S27e-20 68,6 cm (27"") 1920 x 1080 Pixeles Full HD LED Negro",199.00
monitores,Zbitt,"ASUS - BE24EQSB 60,5 cm (23.8"") 1920 x 1080 Pixeles Full HD LED Negro",200.00
monitores,Zbitt,"MSI - Pro MP271 68,6 cm (27"") 1920 x 1080 Pixeles Full HD LED Negro",201.00
monitores,Zbitt,Benq - GL2780E,201.00
monitores,Zbitt,"Benq - BL2780 68,6 cm (27"") 1920 x 1080 Pixeles Full HD LED Negro",201.00
monitores,Zbitt,"Benq - GW2780 68,6 cm (27"") 1920 x 1080 Pixeles Full HD LED Negro",201.00
monitores,Zbitt,"Samsung - C24RG50FQR 59,7 cm (23.5"") 1920 x 1080 Pixeles Full HD Negro",202.00
monitores,Zbitt,"HP - EliteDisplay E202 50,8 cm (20"") 1600 x 900 Pixeles HD+ LED Negro, Plata",202.00
monitores,Zbitt,"ASUS - VZ279HEG1R 68,6 cm (27"") 1920 x 1080 Pixeles Full HD Negro",203.00
monitores,Zbitt,"Benq - GL2780 68,6 cm (27"") 1920 x 1080 Pixeles Full HD LED Negro - 9H.LJ6LB.VBE",203.00
monitores,Zbitt,"MSI - Optix MAG161V 39,6 cm (15.6"") 1920 x 1080 Pixeles Full HD LED Negro",203.00
monitores,Zbitt,"ASUS - MB169B+ 39,6 cm (15.6"") 1920 x 1080 Pixeles Full HD LED Negro, Plata",203.00
monitores,Zbitt,"NEC - MultiSync E243WMi 60,5 cm (23.8"") 1920 x 1080 Pixeles Full HD LED Negro",203.00
monitores,Zbitt,"ASUS - ZenScreen MB16ACE 39,6 cm (15.6"") 1920 x 1080 Pixeles Full HD LED Gris",203.00
monitores,Zbitt,"HP - E-Series E23 G4 58,4 cm (23"") 1920 x 1080 Pixeles Full HD LCD Negro, Plata",204.00
monitores,Zbitt,HP - HP P27V G4 FHD MONITOR 27IN MNTR FHD 1920X1080 300NITSVGA/HDMI IN,204.00
monitores,Zbitt,"LG - 27MK600M-W pantalla para PC 68,6 cm (27"") 1920 x 1080 Pixeles Full HD LED Negro",207.00
monitores,Zbitt,"Samsung - LF24T650FYR pantalla para PC 61 cm (24"") 1920 x 1080 Pixeles Full HD Gris",207.00
monitores,Zbitt,"Viewsonic - VX Series VX2458-P-MHD pantalla para PC 61 cm (24"") 1920 x 1080 Pixeles Full HD LED Negro",207.00
monitores,Zbitt,"LG - 24GL650-B LED display 59,9 cm (23.6"") 1920 x 1080 Pixeles Full HD Negro, Rojo",207.00
monitores,Zbitt,"LG - 27MK600M-B pantalla para PC 68,6 cm (27"") 1920 x 1080 Pixeles Full HD LED Negro",208.00
monitores,Zbitt,"Viewsonic - VX Series VX2776-SMH pantalla para PC 68,6 cm (27"") 1920 x 1080 Pixeles Full HD LED Plata",209.00
monitores,Zbitt,"ASUS - BE24EQK 60,5 cm (23.8"") 1920 x 1080 Pixeles Full HD LED Negro",209.00
monitores,Zbitt,"Viewsonic - VX Series VX2458-C-mhd 59,9 cm (23.6"") 1920 x 1080 Pixeles Full HD LCD Negro",209.00
monitores,Zbitt,"NEC - MultiSync E241N 60,5 cm (23.8"") 1920 x 1080 Pixeles Full HD LED Negro",210.00
monitores,Zbitt,"NEC - MultiSync E223W 55,9 cm (22"") 1680 x 1050 Pixeles LED Negro",211.00
monitores,Zbitt,"Viewsonic - VG Series VG2440V LED display 60,5 cm (23.8"") 1920 x 1080 Pixeles Full HD Negro",211.00
monitores,Zbitt,"Philips - S Line 272S1AE/00 LED display 68,6 cm (27"") 1920 x 1080 Pixeles Full HD LCD Negro",212.00
monitores,Zbitt,"Benq - BL2783 68,6 cm (27"") 1920 x 1080 Pixeles Full HD LED Negro",212.00
monitores,Zbitt,"Benq - GL2780 68,6 cm (27"") 1920 x 1080 Pixeles Full HD LED Negro - 9H.LJ6LB.QBE",212.00
monitores,Zbitt,"AOC - I2490PXQU/BT pantalla para PC 60,5 cm (23.8"") 1920 x 1080 Pixeles Full HD LED Gris",213.00
monitores,Zbitt,"MSI - Pro MP271P 68,6 cm (27"") 1920 x 1080 Pixeles Full HD LED Negro",214.00
monitores,Zbitt,"HP - E24 G4 60,5 cm (23.8"") 1920 x 1080 Pixeles Full HD LCD Negro, Plata",216.00
monitores,Zbitt,"HP - P24q G4 60,5 cm (23.8"") 2560 x 1440 Pixeles Quad HD LED Negro",216.00
monitores,Zbitt,"DELL - P2421 61,2 cm (24.1"") 1920 x 1200 Pixeles WUXGA LCD Negro",218.00
monitores,Zbitt,"Philips - B Line 242B1H/00 LED display 60,5 cm (23.8"") 1920 x 1080 Pixeles Full HD Negro",219.00
monitores,Zbitt,"Viewsonic - VX Series VX2485-MHU LED display 61 cm (24"") 1920 x 1080 Pixeles Full HD Negro",219.00
monitores,Zbitt,"Viewsonic - VG Series VG2719 LED display 68,6 cm (27"") 1920 x 1080 Pixeles Full HD Negro",219.00
monitores,Zbitt,"iiyama - G-MASTER Red Eagle 60,5 cm (23.8"") 1920 x 1080 Pixeles Full HD LED Negro",219.00
monitores,Zbitt,"AOC - G1 C24G1 LED display 59,9 cm (23.6"") 1920 x 1080 Pixeles Full HD Negro",220.00
monitores,Zbitt,"Viewsonic - VX Series VX2718-PC-MHD LED display 68,6 cm (27"") 1920 x 1080 Pixeles Full HD Negro",221.00
monitores,Zbitt,"iiyama - ProLite XUB2796HSU-B1 LED display 68,6 cm (27"") 1920 x 1080 Pixeles Full HD Negro",222.00
monitores,Zbitt,"iiyama - ProLite XUB2792HSU-W1 pantalla para PC 68,6 cm (27"") 1920 x 1080 Pixeles Full HD LED Blanco",222.00
monitores,Zbitt,"iiyama - G-MASTER GB2470HSU-B1 pantalla para PC 60,5 cm (23.8"") 1920 x 1080 Pixeles Full HD LED Negro",222.00
monitores,Zbitt,"iiyama - ProLite XU2595WSU-B1 pantalla para PC 63,4 cm (24.9"") 1920 x 1200 Pixeles WUXGA LED Negro",222.00
monitores,Zbitt,"iiyama - G-MASTER GB2730HSU-B1 LED display 68,6 cm (27"") 1920 x 1080 Pixeles Full HD Negro",222.00
monitores,Zbitt,"KeepOut - XGM272K LED display 68,6 cm (27"") 2560 x 1440 Pixeles 2K Ultra HD Negro, Rojo",223.00
monitores,Zbitt,"ASUS - TUF Gaming VG249Q1R 60,5 cm (23.8"") 1920 x 1080 Pixeles Full HD Negro",223.00
monitores,Zbitt,"Benq - BL2581T 63,5 cm (25"") 1920 x 1080 Pixeles Full HD LED Negro",224.00
monitores,Zbitt,"Benq - EW2780 68,6 cm (27"") 1920 x 1080 Pixeles IPS Gris",225.00
monitores,Zbitt,"Benq - BL2780T 68,6 cm (27"") 1920 x 1080 Pixeles Full HD LED Negro",225.00
monitores,Zbitt,"ASUS - TUF Gaming VG249Q1A 60,5 cm (23.8"") 1920 x 1080 Pixeles Full HD LED Negro",227.00
monitores,Zbitt,"Lenovo - ThinkVision T22v-20 54,6 cm (21.5"") 1920 x 1080 Pixeles Full HD LED Negro",228.00
monitores,Zbitt,"ASUS - BE24AQLBH 61,2 cm (24.1"") 1920 x 1200 Pixeles WUXGA LED Negro",228.00
monitores,Zbitt,"HP - P27h G4 68,6 cm (27"") 1920 x 1080 Pixeles Full HD IPS",229.00
monitores,Zbitt,"LG - 29WL500-B pantalla para PC 73,7 cm (29"") 2560 x 1080 Pixeles UltraWide Full HD LED Negro",229.00
monitores,Zbitt,"HP - P27v G4 68,6 cm (27"") 1920 x 1080 Pixeles Full HD LCD Negro",230.00
monitores,Zbitt,"Viewsonic - VP Series VP2458 pantalla para PC 60,5 cm (23.8"") 1920 x 1080 Pixeles Full HD LED Negro",231.00
monitores,Zbitt,"Lenovo - G24-10 59,9 cm (23.6"") 1920 x 1080 Pixeles Full HD Negro",231.00
monitores,Zbitt,"MSI - Optix G24C6 59,9 cm (23.6"") 1920 x 1080 Pixeles Full HD LCD Negro",231.00
monitores,Zbitt,"iiyama - G-MASTER GB2560HSU-B1 LED display 62,2 cm (24.5"") 1920 x 1080 Pixeles Full HD Negro",232.00
monitores,Zbitt,Philips - Brilliance Monitor LCD con PowerSensor 221B7QPJKEB/00,233.00
monitores,Zbitt,"ASUS - VX279HG 68,6 cm (27"") 1920 x 1080 Pixeles Full HD Negro",234.00
monitores,Zbitt,"AOC - 27P2Q LED display 68,6 cm (27"") 1920 x 1080 Pixeles Full HD Negro",234.00
monitores,Zbitt,"DELL - P2719H 68,6 cm (27"") 1920 x 1080 Pixeles Full HD LCD Negro",235.00
monitores,Zbitt,"Lenovo - ThinkCentre Tiny in One 54,6 cm (21.5"") 1920 x 1080 Pixeles Full HD LED Negro",236.00
monitores,Zbitt,"Samsung - C32R500FHR 81,3 cm (32"") 1920 x 1080 Pixeles Full HD LED Gris",236.00
monitores,Zbitt,"AOC - V4 Q27V4EA LED display 68,6 cm (27"") 2560 x 1440 Pixeles 2K Ultra HD Negro",236.00
monitores,Zbitt,"Philips - B Line 243B9/00 pantalla para PC 60,5 cm (23.8"") 1920 x 1080 Pixeles Full HD LED Negro",237.00
monitores,Zbitt,"V7 - Monitor de pantalla táctil portátil USB-C de 15,6"", 1080p, HDMI, IPS, ultrafino, 10 puntos de contacto, tipo C, altavoz, 16",238.00
monitores,Zbitt,"LG - 29WP60G-B pantalla para PC 73,7 cm (29"") 2560 x 1080 Pixeles UltraWide Full HD LED Negro",240.00
monitores,Zbitt,"DELL - S Series S2721HGF 68,6 cm (27"") 1920 x 1080 Pixeles Full HD LCD Negro",240.00
monitores,Zbitt,"HP - 27m 68,6 cm (27"") 1920 x 1080 Pixeles Full HD LED Blanco",241.00
monitores,Zbitt,"ASUS - TUF Gaming VG24VQE 59,9 cm (23.6"") 1920 x 1080 Pixeles Full HD LED Negro",244.00
monitores,Zbitt,"ASUS - BE24EQSK 60,5 cm (23.8"") 1920 x 1080 Pixeles Full HD Negro",244.00
monitores,Zbitt,"ASUS - ZenScreen MB16ACM 39,6 cm (15.6"") 1920 x 1080 Pixeles Full HD LED Gris",244.00
monitores,Zbitt,"ASUS - VG248QE 61 cm (24"") 1920 x 1080 Pixeles Full HD LED Negro",244.00
monitores,Zbitt,"ASUS - MB14AC 35,6 cm (14"") 1920 x 1080 Pixeles Full HD Gris",244.00
monitores,Zbitt,"ASUS - ZenScreen MB16AC 39,6 cm (15.6"") 1920 x 1080 Pixeles Full HD LED Gris",244.00
monitores,Zbitt,"ASUS - BE24DQLB 60,5 cm (23.8"") 1920 x 1080 Pixeles Full HD LCD Negro",245.00
monitores,Zbitt,"NEC - MultiSync EA224WMi 54,6 cm (21.5"") 1920 x 1080 Pixeles Full HD LED Negro",245.00
monitores,Zbitt,"ASUS - TUF Gaming VG249Q 60,5 cm (23.8"") 1920 x 1080 Pixeles Full HD LED Negro",246.00
monitores,Zbitt,"Acer - B7 B277bmiprzx 68,6 cm (27"") 1920 x 1080 Pixeles Full HD LED Negro",247.00
monitores,Zbitt,HP - HP E24q G4 QHD Monitor,248.00
monitores,Zbitt,"Benq - BL2420PT 60,5 cm (23.8"") 2560 x 1440 Pixeles Quad HD LED Negro",248.00
monitores,Zbitt,"Acer - B7 B277bmiprx 68,6 cm (27"") 1920 x 1080 Pixeles Full HD LED Negro",251.00
monitores,Zbitt,"LG - 24GN650-B pantalla para PC 61 cm (24"") 1920 x 1080 Pixeles Full HD LED Negro",252.00
monitores,Zbitt,"Samsung - C27T550FDR 68,6 cm (27"") 1920 x 1080 Pixeles Negro",252.00
monitores,Zbitt,"Viewsonic - X Series XG2405 pantalla para PC 60,5 cm (23.8"") 1920 x 1080 Pixeles Full HD LED Negro",252.00
monitores,Zbitt,"MSI - Optix G241 60,5 cm (23.8"") 1920 x 1080 Pixeles Full HD LED Negro - OPTIX G241",252.00
monitores,Zbitt,"MSI - Optix G241 60,5 cm (23.8"") 1920 x 1080 Pixeles Full HD LED Negro - 9S6-3BA41T-006",254.00
monitores,Zbitt,"ASUS - VA27DQSB 68,6 cm (27"") 1920 x 1080 Pixeles Full HD LED Negro",254.00
monitores,Zbitt,"ASUS - VX279C 68,6 cm (27"") 1920 x 1080 Pixeles Full HD Negro",254.00
monitores,Zbitt,"ASUS - TUF Gaming VG24VQ 59,9 cm (23.6"") 1920 x 1080 Pixeles Full HD LED Negro",255.00
monitores,Zbitt,HP - HP E27 G4 FHD MONITOR 27IN MNTR 1920X1080 VGA/HDMI/DISP PORT IN,255.00
monitores,Zbitt,"iiyama - G-MASTER Red Eagle 68,6 cm (27"") 1920 x 1080 Pixeles Full HD LED Negro",255.00
monitores,Zbitt,Samsung - LU28E590DSZ/EN,257.00
monitores,Zbitt,"Samsung - S27AM502NU 68,6 cm (27"") 1920 x 1080 Pixeles Full HD Negro",257.00
monitores,Zbitt,"Samsung - S27AM500NU 68,6 cm (27"") 1920 x 1080 Pixeles Full HD Negro",259.00
monitores,Zbitt,"ASUS - VG248QG 61 cm (24"") 1920 x 1080 Pixeles Full HD Negro",259.00
monitores,Zbitt,"Samsung - S27AM500NR 68,6 cm (27"") 1920 x 1080 Pixeles Negro",260.00
monitores,Zbitt,"Viewsonic - VX Series VX3276-2K-MHD pantalla para PC 80 cm (31.5"") 2560 x 1440 Pixeles Quad HD LED Negro, Plata",260.00
monitores,Zbitt,"Benq - XL2411K 61 cm (24"") 1920 x 1080 Pixeles Full HD Negro",260.00
monitores,Zbitt,"Viewsonic - Value Series VA2719-2K-SMHD pantalla para PC 68,6 cm (27"") 2560 x 1440 Pixeles Quad HD Negro",260.00
monitores,Zbitt,"Viewsonic - VX Series VX3211-MH pantalla para PC 81,3 cm (32"") 1920 x 1080 Pixeles Full HD LED Negro",260.00
monitores,Zbitt,"Lenovo - G25-10 62,2 cm (24.5"") 1920 x 1080 Pixeles Full HD LED Negro",261.00
monitores,Zbitt,"Viewsonic - VG Series VG1655 LED display 39,6 cm (15.6"") 1920 x 1080 Pixeles Full HD Plata",262.00
monitores,Zbitt,"LG - 29WN600-W pantalla para PC 73,7 cm (29"") 2560 x 1080 Pixeles UltraWide Full HD LED Plata",263.00
monitores,Zbitt,"ASUS - TUF Gaming VG24VQR pantalla para PC 59,9 cm (23.6"") 1920 x 1080 Pixeles Full HD LED Negro",264.00
monitores,Zbitt,"KeepOut - XGM27QHD+ pantalla para PC 68,6 cm (27"") 2560 x 1440 Pixeles 2K Ultra HD LED Negro, Rojo",264.00
monitores,Zbitt,"ASUS - ProArt PA248QV 61,2 cm (24.1"") 1920 x 1200 Pixeles WUXGA LED Negro",265.00
monitores,Zbitt,"iiyama - G-MASTER GB2730QSU-B1 LED display 68,6 cm (27"") 2560 x 1440 Pixeles Quad HD Negro",266.00
monitores,Zbitt,"Viewsonic - VX Series VX2758-PC-MH pantalla para PC 68,6 cm (27"") 1920 x 1080 Pixeles Full HD LED Negro",267.00
monitores,Zbitt,HP - P27Q G4 QHD 27IN 16:9 1000:1 MNTR 5MS 2560X1440 HDMI VGA IN,268.00
monitores,Zbitt,"ASUS - PB247Q 60,5 cm (23.8"") 1920 x 1080 Pixeles Full HD Negro",269.00
monitores,Zbitt,"HP - EliteDisplay S14 35,6 cm (14"") 1920 x 1080 Pixeles Full HD LED Negro",270.00
monitores,Zbitt,"DELL - P2421D 60,5 cm (23.8"") 2560 x 1440 Pixeles Quad HD LCD Negro",271.00
monitores,Zbitt,"Viewsonic - VX Series VX3218-PC-MHD LED display 80 cm (31.5"") 1920 x 1080 Pixeles Full HD Negro",272.00
monitores,Zbitt,"iiyama - G-MASTER GB2760HSU-B1 pantalla para PC 68,6 cm (27"") 1920 x 1080 Pixeles Full HD LED Negro",272.00
monitores,Zbitt,HP - 24IN LCD 1920X1080 16:9 14MS MNTR 1JS07A4 1000:1 DP/USB IN,272.00
monitores,Zbitt,"Samsung - C32T550FDU 80 cm (31.5"") 1920 x 1080 Pixeles Full HD Azul, Gris",273.00
monitores,Zbitt,"Philips - 273B9/00 LED display 68,6 cm (27"") 1920 x 1080 Pixeles Full HD LCD Negro",273.00
monitores,Zbitt,"Lenovo - ThinkVision M14 35,6 cm (14"") 1920 x 1080 Pixeles Full HD LED Negro",273.00
monitores,Zbitt,"Philips - B Line 243B1/00 LED display 60,5 cm (23.8"") 1920 x 1080 Pixeles Full HD Negro",273.00
monitores,Zbitt,"Lenovo - ThinkCentre Tiny-In-One 60,5 cm (23.8"") 1920 x 1080 Pixeles Full HD LED Negro - 11GDPAT1EU",273.00
monitores,Zbitt,"Philips - B Line 241B7QUPBEB/00 LED display 60,5 cm (23.8"") 1920 x 1080 Pixeles Full HD LCD Negro",278.00
monitores,Zbitt,"ASUS - PA247CV 60,5 cm (23.8"") 1920 x 1080 Pixeles Full HD LED Negro, Plata",279.00
monitores,Zbitt,"ASUS - VG258QR 62,2 cm (24.5"") 1920 x 1080 Pixeles Full HD LED Negro",279.00
monitores,Zbitt,"ASUS - VG279Q1R 68,6 cm (27"") 1920 x 1080 Pixeles Full HD Negro",279.00
monitores,Zbitt,"ASUS - TUF Gaming VG259QR 62,2 cm (24.5"") 1920 x 1080 Pixeles Full HD LED Negro",279.00
monitores,Zbitt,"Samsung - C32T550FDR 81,3 cm (32"") 1920 x 1080 Pixeles Negro, Azul, Gris",280.00
monitores,Zbitt,"LG - 27GL63T-B pantalla para PC 68,6 cm (27"") 1920 x 1080 Pixeles Full HD LCD Negro",281.00
monitores,Zbitt,"iiyama - G-MASTER Black Hawk 68,6 cm (27"") 2560 x 1440 Pixeles WQXGA LED Negro",282.00
monitores,Zbitt,"iiyama - ProLite B2791QSU-B1 pantalla para PC 68,6 cm (27"") 2560 x 1440 Pixeles Quad HD LED Negro",282.00
monitores,Zbitt,"Viewsonic - VG Series VG2755 pantalla para PC 68,6 cm (27"") 1920 x 1080 Pixeles Full HD LED Negro",283.00
monitores,Zbitt,"Viewsonic - VX Series 3276-mhd-2 81,3 cm (32"") 1920 x 1080 Pixeles Full HD LED Plata",283.00
monitores,Zbitt,"Acer - B7 B277Ubmiipprzx 68,6 cm (27"") 2560 x 1440 Pixeles Quad HD LED Negro",284.00
monitores,Zbitt,"Viewsonic - X Series XG2705 pantalla para PC 68,6 cm (27"") 1920 x 1080 Pixeles Full HD LED Negro",285.00
monitores,Zbitt,"Gigabyte - G27F-EK LED display 68,6 cm (27"") 1920 x 1080 Pixeles Full HD Negro",287.00
monitores,Zbitt,"Lenovo - ThinkCentre Tiny-In-One 60,5 cm (23.8"") 1920 x 1080 Pixeles Full HD LED Negro - 11GEPAT1EU",287.00
monitores,Zbitt,"Samsung - C27G53TQWU 68,6 cm (27"") 2560 x 1440 Pixeles Negro",288.00
monitores,Zbitt,"Lenovo - ThinkVision P24q-20 60,5 cm (23.8"") 2560 x 1440 Pixeles Quad HD LED Negro",288.00
monitores,Zbitt,HP - E24U G4 FHD MNTR 1920X1080 USB-C 65W HDMI DP IN,288.00
monitores,Zbitt,"ASUS - VG278Q 68,6 cm (27"") 1920 x 1080 Pixeles Full HD LED Negro",289.00
monitores,Zbitt,"ASUS - TUF Gaming VG279Q1A 68,6 cm (27"") 1920 x 1080 Pixeles Full HD Negro",289.00
monitores,Zbitt,"ASUS - VG279Q1A pantalla para PC 68,6 cm (27"") 1920 x 1080 Pixeles Full HD LED Negro",290.00
monitores,Zbitt,"LG - 27GL650F-B LED display 68,6 cm (27"") 1920 x 1080 Pixeles Full HD Negro",290.00
monitores,Zbitt,"Cooler Master - GM27-CF 68,6 cm (27"") 1920 x 1080 Pixeles Full HD Negro",290.00
monitores,Zbitt,Gigabyte - MONITOR GIGABYTE 27 M27F-EK,292.00
monitores,Zbitt,"DELL - U2421HE 60,5 cm (23.8"") 1920 x 1080 Pixeles Full HD LCD Negro, Plata",296.00
monitores,Zbitt,"Samsung - C27G55TQWR 68,6 cm (27"") 2560 x 1440 Pixeles Negro",297.00
monitores,Zbitt,"Gigabyte - G27FC 68,6 cm (27"") 1920 x 1080 Pixeles Full HD LED Negro",299.00
monitores,Zbitt,"Samsung - M5 LS32AM500NU 81,3 cm (32"") 1920 x 1080 Pixeles Full HD LED Negro",299.00
monitores,Zbitt,"Philips - 162B9T/00 pantalla para PC 39,6 cm (15.6"") 1366 x 768 Pixeles LCD Negro",299.00
monitores,Zbitt,"ASUS - MB16AH 39,6 cm (15.6"") 1920 x 1080 Pixeles Full HD Negro, Gris",300.00
monitores,Zbitt,"ASUS - VG279Q 68,6 cm (27"") 1920 x 1080 Pixeles Full HD LED Negro",300.00
monitores,Zbitt,"ASUS - TUF Gaming VG27VQ pantalla para PC 68,6 cm (27"") 1920 x 1080 Pixeles Full HD Negro",300.00
monitores,Zbitt,"Viewsonic - VX Series VX2718-2KPC-MHD LED display 68,6 cm (27"") 2560 x 1440 Pixeles Quad HD Negro",301.00
monitores,Zbitt,"ASUS - TUF Gaming VG279QR 68,6 cm (27"") 1920 x 1080 Pixeles Full HD LED Negro",301.00
monitores,Zbitt,"Lenovo - ThinkVision S27q-10 68,6 cm (27"") 2560 x 1440 Pixeles Quad HD LCD Negro",302.00
monitores,Zbitt,"Samsung - S32AM500NR 81,3 cm (32"") 1920 x 1080 Pixeles Negro",304.00
monitores,Zbitt,"iiyama - ProLite XB3270QS-B1 pantalla para PC 80 cm (31.5"") 2560 x 1440 Pixeles Quad HD LED Negro",305.00
monitores,Zbitt,"LG - 32GN500-B LED display 80 cm (31.5"") 1920 x 1080 Pixeles Full HD Negro, Rojo",307.00
monitores,Zbitt,"Benq - EL2870U 70,9 cm (27.9"") 3840 x 2160 Pixeles 4K Ultra HD LED Negro, Gris",308.00
monitores,Zbitt,"Millenium - MONITOR GAM MILLENIUM 27 QHD,144hz,2560x1440,1ms,HDMI,Display Port,16:9.",308.00
monitores,Zbitt,"Benq - EX2710 pantalla para PC 68,6 cm (27"") 1920 x 1080 Pixeles Full HD LED Gris",308.00
monitores,Zbitt,"LG - 27UL500-W pantalla para PC 68,6 cm (27"") 3840 x 2160 Pixeles 4K Ultra HD LED Plata",308.00
monitores,Zbitt,"Benq - EX2710U 68,6 cm (27"") Full HD",310.00
monitores,Zbitt,"LG - 29BN650-B pantalla para PC 73,7 cm (29"") 2560 x 1080 Pixeles UltraWide Full HD Negro",311.00
monitores,Zbitt,"Samsung - C27RG50FQR 68,6 cm (27"") 1920 x 1080 Pixeles Negro",314.00
monitores,Zbitt,"iiyama - ProLite XUB2796QSU-B1 LED display 68,6 cm (27"") 2560 x 1440 Pixeles 2K Ultra HD Negro",315.00
monitores,Zbitt,"DELL - P2421DC 60,5 cm (23.8"") 2560 x 1440 Pixeles Quad HD LCD Negro",315.00
monitores,Zbitt,"MSI - Pro MP271QP 68,6 cm (27"") 2560 x 1440 Pixeles LED Negro",316.00
monitores,Zbitt,"DELL - UltraSharp U2421E 61,2 cm (24.1"") 1920 x 1200 Pixeles WUXGA LCD Negro, Plata",316.00
monitores,Zbitt,"AOC - 79 Series U2879VF pantalla para PC 71,1 cm (28"") 3840 x 2160 Pixeles 4K Ultra HD LCD Negro, Plata",316.00
monitores,Zbitt,"LG - 32QK500 80 cm (31.5"") 2560 x 1440 Pixeles Quad HD LED Negro",316.00
monitores,Zbitt,"Lenovo - 65E6KAC1EU pantalla para PC 68,6 cm (27"") 1920 x 1080 Pixeles Full HD Negro",317.00
monitores,Zbitt,"ASUS - MB16AP 39,6 cm (15.6"") 1920 x 1080 Pixeles Full HD Gris",319.00
monitores,Zbitt,"Samsung - LU32J590UQU 80 cm (31.5"") 3840 x 2160 Pixeles 4K Ultra HD LED Negro",321.00
monitores,Zbitt,"Samsung - C27RG50FQU 68,6 cm (27"") 1920 x 1080 Pixeles Full HD Negro",322.00
monitores,Zbitt,"ASUS - VA27AQSB 68,6 cm (27"") 2560 x 1440 Pixeles Quad HD Negro",322.00
monitores,Zbitt,"DELL - Professional P2720D 68,6 cm (27"") 2560 x 1440 Pixeles Quad HD LCD Negro",326.00
monitores,Zbitt,"iiyama - G-MASTER GB2760QSU-B1 LED display 68,6 cm (27"") 2560 x 1440 Pixeles Quad HD Negro",326.00
monitores,Zbitt,"Viewsonic - VX3211-2K-MHD pantalla para PC 81,3 cm (32"") 2560 x 1440 Pixeles Quad HD LED Negro",326.00
monitores,Zbitt,"Viewsonic - TD1655 LED display 39,6 cm (15.6"") 1920 x 1080 Pixeles Full HD Plata",329.00
monitores,Zbitt,"ASUS - TUF Gaming VG279QL1A 68,6 cm (27"") 1920 x 1080 Pixeles Full HD LED Negro",329.00
monitores,Zbitt,"ASUS - PB278QV 68,6 cm (27"") 2560 x 1440 Pixeles Quad HD LED Negro",329.00
monitores,Zbitt,"MSI - Optix G32C4 80 cm (31.5"") 1920 x 1080 Pixeles Full HD Negro",329.00
monitores,Zbitt,"LG - 27QN600-B pantalla para PC 68,6 cm (27"") 2560 x 1440 Pixeles Quad HD Negro",329.00
monitores,Zbitt,"ASUS - ZenScreen MB16AHP 39,6 cm (15.6"") 1920 x 1080 Pixeles Full HD LED Negro",329.00
monitores,Zbitt,"LG - LT340C 81,3 cm (32"") 1366 x 768 Pixeles HD LED Negro",330.00
monitores,Zbitt,"Benq - PD2500Q 63,5 cm (25"") 2560 x 1440 Pixeles Quad HD LCD Gris",330.00
monitores,Zbitt,"Benq - XL2731 68,6 cm (27"") 1920 x 1080 Pixeles Full HD LED Negro",331.00
monitores,Zbitt,Benq - PD2500Q/25 2560x1440 WQHD IPS 350 cd/m2,332.00
monitores,Zbitt,"Benq - EW2780Q 68,6 cm (27"") 2560 x 1440 Pixeles Quad HD LED Negro, Gris",332.00
monitores,Zbitt,Benq - ZOWIE XL2731 27IN TN LED 1MS MNTR 1920X1080 16:9 1000:1 HDMI,333.00
monitores,Zbitt,"ASUS - PB278Q 68,6 cm (27"") 2560 x 1440 Pixeles Quad HD LED Negro",335.00
monitores,Zbitt,"AOC - V4 U27V4EA pantalla para PC 68,6 cm (27"") 3840 x 2160 Pixeles 4K Ultra HD LED Negro",336.00
monitores,Zbitt,"LG - 27UL550 68,6 cm (27"") 3840 x 2160 Pixeles 4K Ultra HD LED Plata",336.00
monitores,Zbitt,"LG - 32GN550-B pantalla para PC 80 cm (31.5"") 1920 x 1080 Pixeles Full HD Negro",338.00
monitores,Zbitt,"LG - 34WL500-B pantalla para PC 86,4 cm (34"") 2560 x 1080 Pixeles UltraWide Full HD LED Negro",338.00
monitores,Zbitt,"ASUS - VP28UQGL 71,1 cm (28"") 3840 x 2160 Pixeles 4K Ultra HD LED Negro",340.00
monitores,Zbitt,"Lenovo - ThinkCentre Tiny-In-One 60,5 cm (23.8"") 1920 x 1080 Pixeles Full HD LED Negro - 11GCPAT1EU",342.00
monitores,Zbitt,HP - E14 G4 PORTABLE MONITOR,342.00
monitores,Zbitt,HP - HP Z24n G3 WUXGA Display,343.00
monitores,Zbitt,"Lenovo - G27c-10 68,6 cm (27"") 1920 x 1080 Pixeles Full HD Negro",343.00
monitores,Zbitt,"Viewsonic - VX Series VX2705-2KP-MHD LED display 68,6 cm (27"") 2560 x 1440 Pixeles Quad HD Negro",343.00
monitores,Zbitt,"LG - 34WP65G-B pantalla para PC 86,4 cm (34"") 2560 x 1080 Pixeles UltraWide Full HD Negro",348.00
monitores,Zbitt,"Samsung - C32G55TQWR 81,3 cm (32"") 2560 x 1440 Pixeles Negro",348.00
monitores,Zbitt,Philips - Monitor LCD con SmoothTouch 222B9T/00,348.00
monitores,Zbitt,"ASUS - TUF Gaming VG328H1B 80 cm (31.5"") 1920 x 1080 Pixeles Full HD LED Negro",349.00
monitores,Zbitt,"ASUS - TUF Gaming VG258QM 62,2 cm (24.5"") 1920 x 1080 Pixeles Full HD LED Negro",349.00
monitores,Zbitt,"Samsung - UR590 81,3 cm (32"") 3840 x 2160 Pixeles 4K Ultra HD Negro",350.00
monitores,Zbitt,"Samsung - U32J590UQR 80 cm (31.5"") 3840 x 2160 Pixeles 4K Ultra HD LCD Negro",351.00
monitores,Zbitt,"Acer - VG270UP 68,6 cm (27"") 2560 x 1440 Pixeles Quad HD LED Negro",354.00
monitores,Zbitt,"MSI - Optix MAG274R 68,6 cm (27"") 1920 x 1080 Pixeles Full HD LCD Negro",354.00
monitores,Zbitt,"Benq - PD2700Q 68,6 cm (27"") 2560 x 1440 Pixeles Quad HD LED Negro",355.00
monitores,Zbitt,"Lenovo - ThinkVision S28u-10 71,1 cm (28"") 3840 x 2160 Pixeles 4K Ultra HD LCD Negro",357.00
monitores,Zbitt,"Samsung - U28R550UQR 71,1 cm (28"") 3840 x 2160 Pixeles 4K Ultra HD LED Azul, Gris",358.00
monitores,Zbitt,"ASUS - TUF Gaming VG27WQ1B 68,6 cm (27"") 2560 x 1440 Pixeles Quad HD Negro",359.00
monitores,Zbitt,"LG - 34WN650-W LED display 86,4 cm (34"") 2560 x 1080 Pixeles UltraWide Full HD Blanco",360.00
monitores,Zbitt,"Lenovo - ThinkVision M14t 35,6 cm (14"") 1920 x 1080 Pixeles Full HD LED Negro",362.00
monitores,Zbitt,"LG - 32QN600-B pantalla para PC 81,3 cm (32"") 2560 x 1440 Pixeles Quad HD Negro",364.00
monitores,Zbitt,"Lenovo - ThinkVision T27q-20 68,6 cm (27"") 2560 x 1440 Pixeles Quad HD LCD Negro",364.00
monitores,Zbitt,"ASUS - ProArt PA278QV 68,6 cm (27"") 2560 x 1440 Pixeles Quad HD LED Negro",369.00
monitores,Zbitt,HP - HP E23 G4 23IN IPS MNTR KIT PROMO BUNDLE 2 UNITS,370.00
monitores,Zbitt,"LG - 32GN650-B pantalla para PC 80 cm (31.5"") 2560 x 1440 Pixeles Quad HD LED Negro, Rojo",370.00
monitores,Zbitt,"Lenovo - ThinkVision T25m-10 63,5 cm (25"") 1920 x 1200 Pixeles WUXGA LED Negro",371.00
monitores,Zbitt,"Viewsonic - VX Series VX2785-2K-MHDU LED display 68,6 cm (27"") 2560 x 1440 Pixeles Quad HD Negro",372.00
monitores,Zbitt,"AOC - C32G2ZE/BK pantalla para PC 80 cm (31.5"") 1920 x 1080 Pixeles Full HD LED Negro",374.00
monitores,Zbitt,"Lenovo - ThinkVision T27h-20 68,6 cm (27"") 2560 x 1440 Pixeles Quad HD LED Negro",377.00
monitores,Zbitt,"Acer - B6 B276HULE 68,6 cm (27"") 2560 x 1440 Pixeles Quad HD LED Gris",378.00
monitores,Zbitt,"LG - 27UL650-W LED display 68,6 cm (27"") 3840 x 2160 Pixeles 4K Ultra HD Plata",378.00
monitores,Zbitt,"Gigabyte - G27Q 68,6 cm (27"") 2560 x 1440 Pixeles Quad HD LED Negro",379.00
monitores,Zbitt,"ASUS - TUF Gaming VG289Q1A 71,1 cm (28"") 3840 x 2160 Pixeles 4K Ultra HD LED Negro",380.00
monitores,Zbitt,"iiyama - G-MASTER GB3266QSU-B1 LED display 81,3 cm (32"") 2560 x 1440 Pixeles Quad HD Negro",381.00
monitores,Zbitt,"Benq - XL2540K 62,2 cm (24.5"") 1920 x 1080 Pixeles Full HD LED Negro",385.00
monitores,Zbitt,"ASUS - TUF Gaming VG289Q 71,1 cm (28"") 3840 x 2160 Pixeles 4K Ultra HD LED Negro",387.00
monitores,Zbitt,"ASUS - ProArt PA24AC pantalla para PC 61 cm (24"") 1920 x 1200 Pixeles WUXGA Plata",387.00
monitores,Zbitt,Gigabyte - MONITOR GIGABYTE 27 G27QC-EK,388.00
monitores,Zbitt,"ASUS - TUF Gaming VG27WQ 68,6 cm (27"") 2560 x 1440 Pixeles Full HD LED Negro",389.00
monitores,Zbitt,"LG - 27GN750-B LED display 68,6 cm (27"") 1920 x 1080 Pixeles Full HD Negro, Rojo",391.00
monitores,Zbitt,"iiyama - ProLite B2875UHSU-B1 pantalla para PC 71,1 cm (28"") 3840 x 2160 Pixeles 4K Ultra HD LED Negro",392.00
monitores,Zbitt,HP - HP E24 G4 FHD MONITOR MNTR PROMO BUNDLE 2 UNITS IN,393.00
monitores,Zbitt,"DELL - UltraSharp U2520D 63,5 cm (25"") 2560 x 1440 Pixeles Quad HD LCD Negro",393.00
monitores,Zbitt,"MSI - Optix G32CQ4 80 cm (31.5"") 2560 x 1440 Pixeles Quad HD LCD Negro",395.00
monitores,Zbitt,"AOC - E2 U32E2N LED display 80 cm (31.5"") 3840 x 2160 Pixeles 4K Ultra HD Negro",398.00
monitores,Zbitt,"Samsung - LS34J550WQU LED display 86,6 cm (34.1"") 3440 x 1440 Pixeles UltraWide Quad HD Negro",399.00
monitores,Zbitt,"MSI - Optix MAG322CR 80 cm (31.5"") 1920 x 1080 Pixeles Full HD LCD Negro",399.00
monitores,Zbitt,"ASUS - TUF Gaming VG279QM 68,6 cm (27"") 1920 x 1080 Pixeles Full HD LED Negro",399.00
monitores,Zbitt,"ASUS - ProArt PA24AC 61,2 cm (24.1"") 1920 x 1200 Pixeles WUXGA LED Plata",400.00
monitores,Zbitt,"Samsung - LS34J550WQR 86,4 cm (34"") 3440 x 1440 Pixeles UltraWide Quad HD LED Negro",401.00
monitores,Zbitt,Gigabyte - MONITOR GIGABYTE 27 M27Q-EK,401.00
monitores,Zbitt,HP - Z27QG3 27IN QHD IPS USB/DP/HDMIMNTR 1000:1 350CD/CM 178H/178V 5MS IN,402.00
monitores,Zbitt,"DELL - UltraSharp U2719D LED display 68,6 cm (27"") 2560 x 1440 Pixeles Wide Quad HD LCD Negro",403.00
monitores,Zbitt,"Acer - XV272UP 68,6 cm (27"") 2560 x 1440 Pixeles Quad HD LED Negro",404.00
monitores,Zbitt,"LG - 32UN500-W pantalla para PC 80 cm (31.5"") 3840 x 2160 Pixeles 4K Ultra HD Negro, Blanco",411.00
monitores,Zbitt,"Samsung - S32AM700UR 81,3 cm (32"") 3840 x 2160 Pixeles 4K Ultra HD LED Negro",412.00
monitores,Zbitt,Philips - Monitor LCD con SmoothTouch 242B9T/00,412.00
monitores,Zbitt,"NEC - MultiSync EA271F 68,6 cm (27"") 1920 x 1080 Pixeles Full HD LED Negro",414.00
monitores,Zbitt,"Samsung - S32AM700UU 81,3 cm (32"") 3840 x 2160 Pixeles 4K Ultra HD Negro",414.00
monitores,Zbitt,"Viewsonic - VA3456-mhdj 86,4 cm (34"") 3440 x 1440 Pixeles UltraWide Quad HD LED Negro",415.00
monitores,Zbitt,"MSI - Optix G27CQ4 68,6 cm (27"") 2560 x 1440 Pixeles Quad HD LCD Negro",415.00
monitores,Zbitt,"Gigabyte - G32QC A pantalla para PC 80 cm (31.5"") 2560 x 1440 Pixeles 2K Ultra HD LED Negro",421.00
monitores,Zbitt,"DELL - S Series S3221QS 81,3 cm (32"") 3840 x 2160 Pixeles 4K Ultra HD LCD Negro, Gris",423.00
monitores,Zbitt,"Viewsonic - VX Series VX3276-4K-MHD pantalla para PC 81,3 cm (32"") 3840 x 2160 Pixeles 4K Ultra HD LED Plata",425.00
monitores,Zbitt,"Viewsonic - VX Series VX3211-4K-mhd 80 cm (31.5"") 3840 x 2160 Pixeles 4K Ultra HD LCD Negro",425.00
monitores,Zbitt,"ASUS - TUF Gaming VG32VQ1BR 80 cm (31.5"") 2560 x 1440 Pixeles Quad HD LED Negro",429.00
monitores,Zbitt,"ASUS - ProArt PA278CV 68,6 cm (27"") 2560 x 1440 Pixeles Quad HD LED Negro",429.00
monitores,Zbitt,"Acer - Nitro XZ2 80 cm (31.5"") 2560 x 1440 Pixeles Quad HD LED Negro, Rojo",432.00
monitores,Zbitt,"iiyama - ProLite XUB3493WQSU-B1 pantalla para PC 86,4 cm (34"") 3440 x 1440 Pixeles UltraWide Quad HD LED Negro",435.00
monitores,Zbitt,"Viewsonic - 3840/2160 UHD HDMI GR 68,6 cm (27"") 3840 x 2160 Pixeles 4K Ultra HD LED Plata",439.00
monitores,Zbitt,"Benq - PD2705Q 68,6 cm (27"") 2560 x 1440 Pixeles Quad HD LED Gris",439.00
monitores,Zbitt,"HP - 27xq 68,6 cm (27"") 2560 x 1440 Pixeles Quad HD LED Negro",442.00
monitores,Zbitt,"iiyama - ProLite XB3288UHSU-B1 LED display 80 cm (31.5"") 3840 x 2160 Pixeles 4K Ultra HD Negro",447.00
monitores,Zbitt,"ASUS - TUF Gaming VG27AQ1A 68,6 cm (27"") 2560 x 1440 Pixeles Quad HD LED Negro",450.00
monitores,Zbitt,"Lenovo - Q27h-10 68,6 cm (27"") 2560 x 1440 Pixeles Quad HD LED Gris",454.00
monitores,Zbitt,"LG - 27UK670-B pantalla para PC 68,6 cm (27"") 3840 x 2160 Pixeles 4K Ultra HD LED Antracita",456.00
monitores,Zbitt,"Acer - CB2 CB342CKsmiiphzx 86,4 cm (34"") 3440 x 1440 Pixeles 4K Ultra HD LED Negro, Plata",457.00
monitores,Zbitt,"DELL - S Series S2721DGFA 68,6 cm (27"") 2560 x 1440 Pixeles Quad HD LCD Negro",462.00
monitores,Zbitt,"LG - 34WN750-B LED display 86,4 cm (34"") 3440 x 1440 Pixeles UltraWide Quad HD Negro",462.00
monitores,Zbitt,HP - HP E27 G4 FHD MONITOR MNTR PROMO BUNDLE 2 UNITS IN,462.00
monitores,Zbitt,Gigabyte - MONITOR GIGABYTE 25 AORUS FI25F-EK,463.00
monitores,Zbitt,"ASUS - TUF Gaming VG27BQ 68,6 cm (27"") 2560 x 1440 Pixeles Quad HD LED Negro",469.00
monitores,Zbitt,"Benq - 9H.LJ8LA.TBE pantalla para PC 68,6 cm (27"") 2560 x 1440 Pixeles LED Gris, Metálico",473.00
monitores,Zbitt,LG - LG MONITOR 34GN73A-B 34,478.00
monitores,Zbitt,"Lenovo - ThinkCentre Tiny-In-One 27 68,6 cm (27"") 2560 x 1440 Pixeles Quad HD LED Negro",479.00
monitores,Zbitt,"Philips - B Line 345B1C/00 pantalla para PC 86,4 cm (34"") 3440 x 1440 Pixeles Quad HD LCD Negro",479.00
monitores,Zbitt,"ASUS - TUF Gaming VG32VQ 80 cm (31.5"") 2560 x 1440 Pixeles LED Negro",480.00
monitores,Zbitt,"ASUS - ROG Strix XG17AHPE 43,9 cm (17.3"") 1920 x 1080 Pixeles Full HD LCD Negro",484.00
monitores,Zbitt,"Acer - CM2241W 61 cm (24"") 1920 x 1200 Pixeles WUXGA Negro",484.00
monitores,Zbitt,"ASUS - XG27WQ 68,6 cm (27"") 2560 x 1440 Pixeles Quad HD LED Negro",490.00
monitores,Zbitt,"MSI - Optix MAG322CQR 80 cm (31.5"") 2560 x 1440 Pixeles Quad HD LED Negro",494.00
monitores,Zbitt,"MSI - Optix MAG321CURV 80 cm (31.5"") 3840 x 2160 Pixeles 4K Ultra HD WVA Negro",494.00
monitores,Zbitt,"Benq - EW3270U 80 cm (31.5"") 3840 x 2160 Pixeles 4K Ultra HD LED Negro, Gris, Metálico",494.00
monitores,Zbitt,"MSI - Optix MAG274QRF 68,6 cm (27"") 2560 x 1440 Pixeles Quad HD Negro",495.00
monitores,Zbitt,"Benq - SW240 61,2 cm (24.1"") 1920 x 1080 Pixeles Full HD LED Gris",495.00
monitores,Zbitt,Benq - EW3270U 31.5 '''' LED 4K 4ms,498.00
monitores,Zbitt,"Benq - EW2780U 68,6 cm (27"") 3840 x 2160 Pixeles 4K Ultra HD LED Negro, Marrón",498.00
monitores,Zbitt,"ASUS - TUF Gaming VG27AQ 68,6 cm (27"") 2560 x 1440 Pixeles Quad HD LED Negro",499.00
monitores,Zbitt,"LG - 27UL850-W pantalla para PC 68,6 cm (27"") 3840 x 2160 Pixeles 4K Ultra HD LED Plata",499.00
monitores,Zbitt,"DELL - S2719DC pantalla para PC 68,6 cm (27"") 2560 x 1440 Pixeles Wide Quad HD LCD Plana Plata",506.00
monitores,Zbitt,"Samsung - G Series C34G55TWWU 86,4 cm (34"") 3440 x 1440 Pixeles UltraWide Quad HD LCD Negro",509.00
monitores,Zbitt,"LG - 35WN65C-B pantalla para PC 88,9 cm (35"") 3440 x 1440 Pixeles UltraWide Quad HD Negro",510.00
monitores,Zbitt,"ASUS - ProArt PA279CV 68,6 cm (27"") 3840 x 2160 Pixeles 4K Ultra HD LED Negro, Plata",513.00
monitores,Zbitt,"Samsung - Odyssey C34G55TWWR 86,4 cm (34"") 3440 x 1440 Pixeles UltraWide Quad HD LED Negro",517.00
monitores,Zbitt,"NEC - MultiSync EA295WMi 73,7 cm (29"") 2560 x 1080 Pixeles QXGA LCD Blanco",521.00
monitores,Zbitt,"iiyama - G-MASTER GB3461WQSU-B1 pantalla para PC 86,4 cm (34"") 3440 x 1440 Pixeles UltraWide Quad HD LED Negro",522.00
monitores,Zbitt,"Viewsonic - VG Series VG3448 pantalla para PC 86,4 cm (34"") 3440 x 1440 Pixeles UltraWide Quad HD LED Negro",524.00
monitores,Zbitt,"Benq - ZOWIE XL2546 62,2 cm (24.5"") 1920 x 1080 Pixeles Full HD LCD Negro",528.00
monitores,Zbitt,"HP - Z27u G3 68,6 cm (27"") 2560 x 1440 Pixeles 2K Ultra HD LED Plata",530.00
monitores,Zbitt,"Gigabyte - AORUS FI27Q 68,6 cm (27"") 2560 x 1440 Pixeles 2K Ultra HD LED Negro - FI27Q-EK",531.00
monitores,Zbitt,"ASUS - TUF Gaming VG27AQL1A 68,6 cm (27"") 2560 x 1440 Pixeles Quad HD Negro",532.00
monitores,Zbitt,Benq - XL2546/25 1920x1080 TN 16:9,532.00
monitores,Zbitt,"iiyama - G-MASTER GB3466WQSU-B1 LED display 86,4 cm (34"") 3440 x 1440 Pixeles UltraWide Quad HD Negro",533.00
monitores,Zbitt,"Samsung - LC34H890WGU 86,4 cm (34"") 3440 x 1440 Pixeles Quad HD QLED Negro",534.00
monitores,Zbitt,"Samsung - C34H890WGR 86,4 cm (34"") 3440 x 1440 Pixeles UltraWide Quad HD Negro",536.00
monitores,Zbitt,"DELL - UltraSharp UP2716D 68,6 cm (27"") 2560 x 1440 Pixeles 2K Ultra HD LED Negro, Plata",536.00
monitores,Zbitt,"Gigabyte - G34WQC LED display 86,4 cm (34"") 3440 x 1440 Pixeles Quad HD Negro",538.00
monitores,Zbitt,"Samsung - C34H890WGR 86,4 cm (34"") 3440 x 1440 Pixeles UltraWide Full HD Plata",538.00
monitores,Zbitt,Benq - 27 4KUHD f/Desing HDMI DP,545.00
monitores,Zbitt,"Benq - EX3203R 80 cm (31.5"") 2560 x 1440 Pixeles Quad HD LED Negro",545.00
monitores,Zbitt,"HP - E27d G4 68,6 cm (27"") 2560 x 1440 Pixeles Quad HD LED Negro",546.00
monitores,Zbitt,"Acer - Predator XB271HUA 68,6 cm (27"") 2560 x 1440 Pixeles Quad HD LED Negro",547.00
monitores,Zbitt,"Elo Touch Solution - I-SERIES 3.0 ANDR8.1 10.1IN HD1 25,6 cm (10.1"") 1280 x 800 Pixeles LCD Negro",553.00
monitores,Zbitt,"ASUS - ROG Strix XG32VC 80 cm (31.5"") 2560 x 1440 Pixeles Quad HD LED Negro",564.00
monitores,Zbitt,"Viewsonic - Elite XG270QC LED display 68,6 cm (27"") 2560 x 1440 Pixeles Quad HD Negro",565.00
monitores,Zbitt,"Benq - XL2546K 62,2 cm (24.5"") 1920 x 1080 Pixeles Full HD LED Negro",578.00
monitores,Zbitt,"Hikvision Digital Technology - DS-D5043QE pantalla para PC 108 cm (42.5"") 1920 x 1080 Pixeles Full HD LED Negro",583.00
monitores,Zbitt,"LG - 35WN75C-B pantalla para PC 88,9 cm (35"") 3440 x 1440 Pixeles UltraWide Quad HD Negro",589.00
monitores,Zbitt,"ASUS - ROG Strix XG17AHP 43,9 cm (17.3"") 1920 x 1080 Pixeles Full HD LED Negro, Gris",595.00
monitores,Zbitt,Benq - ZOWIE XL2740 68.58CM 27IN TN MNTR 1920X1080 16:9 400CD DP 1MS,604.00
monitores,Zbitt,"DELL - P3421W 86,7 cm (34.1"") 3440 x 1440 Pixeles Quad HD LCD Negro, Plata",605.00
monitores,Zbitt,"LG - 34WN780-B pantalla para PC 86,4 cm (34"") 3440 x 1440 Pixeles UltraWide Quad HD LED Negro",608.00
monitores,Zbitt,"NEC - MultiSync EA295WMi 73,7 cm (29"") 2560 x 1080 Pixeles QXGA LCD Negro",634.00
monitores,Zbitt,"ASUS - TUF Gaming VG35VQ 88,9 cm (35"") 3440 x 1440 Pixeles UltraWide Dual Quad HD LED Negro",643.00
monitores,Zbitt,"ASUS - TUF Gaming VG34VQL1B 86,4 cm (34"") 3440 x 1440 Pixeles UltraWide Quad HD LED Negro",643.00
monitores,Zbitt,"Samsung - Odyssey C27G75TQSU 68,6 cm (27"") 2560 x 1440 Pixeles Quad HD QLED Negro",644.00
monitores,Zbitt,"Samsung - C27G75TQSR 68,3 cm (26.9"") 2560 x 1440 Pixeles Negro",656.00
monitores,Zbitt,"Lenovo - ThinkVision T32p-20 80 cm (31.5"") 3840 x 2160 Pixeles 4K Ultra HD LCD Negro",658.00
monitores,Zbitt,"Gigabyte - AORUS FI27Q 68,6 cm (27"") 2560 x 1440 Pixeles 2K Ultra HD LED Negro - AORUS FI27QP-EK",661.00
monitores,Zbitt,"ASUS - ProArt PA27AC 68,6 cm (27"") 2560 x 1440 Pixeles Quad HD LED Negro, Gris",663.00
monitores,Zbitt,"Lenovo - G34w-10 86,4 cm (34"") 3440 x 1440 Pixeles UltraWide Quad HD Negro",679.00
monitores,Zbitt,"LG - 43UN700-B LED display 108 cm (42.5"") 3840 x 2160 Pixeles Negro",681.00
monitores,Zbitt,"Benq - XL2746S 68,6 cm (27"") 1920 x 1080 Pixeles Full HD LCD Negro",687.00
monitores,Zbitt,"Cooler Master - Gaming GM34-CW 86,4 cm (34"") 3440 x 1440 Pixeles UltraWide Quad HD Negro",713.00
monitores,Zbitt,"Benq - EW3280U 81,3 cm (32"") 3840 x 2160 Pixeles 4K Ultra HD LED Negro, Marrón",713.00
monitores,Zbitt,"Viewsonic - VP2785-2K pantalla para PC 68,6 cm (27"") 2560 x 1440 Pixeles Quad HD LED Negro, Plata",715.00
monitores,Zbitt,"LG - 27CN650N-6A pantalla para PC 68,6 cm (27"") 1920 x 1080 Pixeles Full HD LED Negro",718.00
monitores,Zbitt,"Lenovo - ThinkVision T34w-20 86,4 cm (34"") 3440 x 1440 Pixeles UltraWide Quad HD LCD Negro",720.00
monitores,Zbitt,"Samsung - C34J791WTR 86,4 cm (34"") 3440 x 1440 Pixeles UltraWide Quad HD QLED Blanco",724.00
monitores,Zbitt,Gigabyte - MONITOR GIGABYTE 27 AORUS FI27Q-X-EK,726.00
monitores,Zbitt,"Samsung - C32G75TQSU 81,3 cm (32"") 2560 x 1440 Pixeles Quad HD QLED Negro",743.00
monitores,Zbitt,"Lenovo - Legion Y27gq-20 68,6 cm (27"") 2560 x 1440 Pixeles Quad HD LED Negro - 65ECGAC1EU",751.00
monitores,Zbitt,"Samsung - C32G75TQSR 80 cm (31.5"") 2560 x 1440 Pixeles QLED Negro",752.00
monitores,Zbitt,"AOC - AG273QZ pantalla para PC 68,6 cm (27"") 2560 x 1440 Pixeles Quad HD LED Negro, Rojo",755.00
monitores,Zbitt,"ASUS - ROG Swift PG259QN 62,2 cm (24.5"") 1920 x 1080 Pixeles Full HD Negro",762.00
monitores,Zbitt,"Benq - PD3200U 81,3 cm (32"") 3840 x 2160 Pixeles 4K Ultra HD LED Negro",771.00
monitores,Zbitt,"LG - 27CN650W-AC pantalla para PC 68,6 cm (27"") 1920 x 1080 Pixeles Full HD LED Negro",772.00
monitores,Zbitt,"Benq - EX3501R 88,9 cm (35"") 3440 x 1440 Pixeles UltraWide Quad HD LED Gris",783.00
monitores,Zbitt,"Viewsonic - Elite XG270QG LED display 68,6 cm (27"") 2560 x 1440 Pixeles Quad HD Negro",785.00
monitores,Zbitt,"Lenovo - Legion Y27gq-20 68,6 cm (27"") 2560 x 1440 Pixeles Quad HD LED Negro - 65EFGAC1EU",785.00
monitores,Zbitt,"Viewsonic - VP Series VP2785-4K pantalla para PC 68,6 cm (27"") 3840 x 2160 Pixeles 4K Ultra HD LED Negro",822.00
monitores,Zbitt,"MSI - Creator PS321QR 81,3 cm (32"") 2560 x 1440 Pixeles Quad HD LCD Negro",825.00
monitores,Zbitt,Millenium - MILLENIUM MONITOR MD 49,834.00
monitores,Zbitt,"Benq - SW270C 68,6 cm (27"") 2560 x 1440 Pixeles Quad HD LED Gris",878.00
monitores,Zbitt,"Viewsonic - Graphic Series XG2703-GS pantalla para PC 68,6 cm (27"") 2560 x 1440 Pixeles Quad HD LED Negro",883.00
monitores,Zbitt,"MSI - Optix MPG341CQR 86,4 cm (34"") 3440 x 1440 Pixeles UltraWide Quad HD LED Negro",884.00
monitores,Zbitt,"MSI - Creator PS321URV 81,3 cm (32"") 3840 x 2160 Pixeles 4K Ultra HD LCD Negro",886.00
monitores,Zbitt,"MSI - Optix MPG341CQR 86,4 cm (34"") 3440 x 1440 Pixeles UltraWide Quad HD LCD Negro",891.00
monitores,Zbitt,"Samsung - C49J890DKR 124,5 cm (49"") 3840 x 1080 Pixeles QLED Negro",891.00
monitores,Zbitt,"Acer - Predator Z35 88,9 cm (35"") 3440 x 1440 Pixeles UltraWide Quad HD LED Negro",895.00
monitores,Zbitt,"Philips - 498P9/00 pantalla para PC 124,5 cm (49"") 5120 x 1440 Pixeles LCD Negro",904.00
monitores,Zbitt,"ASUS - ROG Strix XG43VQ 110,2 cm (43.4"") 3840 x 1200 Pixeles LED Negro",920.00
monitores,Zbitt,"Lenovo - ThinkVision P32p-20 80 cm (31.5"") 3840 x 2160 Pixeles 4K Ultra HD LED Negro",921.00
monitores,Zbitt,"DELL - UltraSharp U3421WE 86,6 cm (34.1"") 3440 x 1440 Pixeles LCD Negro",939.00
monitores,Zbitt,"Acer - ConceptD CP3271KP 68,6 cm (27"") 3840 x 2160 Pixeles 4K Ultra HD LED Negro",949.00
monitores,Zbitt,"Samsung - C49HG90DMU 124,5 cm (49"") 3840 x 1080 Pixeles QLED Negro",961.00
monitores,Zbitt,"Samsung - C49HG90 124,5 cm (49"") 3840 x 1080 Pixeles QLED Negro",961.00
monitores,Zbitt,"AOC - U32U1 pantalla para PC 80 cm (31.5"") 3840 x 2160 Pixeles 4K Ultra HD LED Negro, Plata",970.00
monitores,Zbitt,"DELL - UltraSharp UP3017 LED display 76,2 cm (30"") 2560 x 1600 Pixeles WQXGA LCD Negro",997.00
monitores,Zbitt,HP - HP E27D G4 QHD AD DOCK MONITOR MNTR KIT PROMO BUNDLE 2 UNITS,011.00
monitores,Zbitt,"Viewsonic - VP Series VP3268-4K pantalla para PC 81,3 cm (32"") 3840 x 2160 Pixeles 4K Ultra HD LED Negro",030.00
monitores,Zbitt,"Samsung - C49RG90SSR 124,5 cm (49"") 5120 x 1440 Pixeles QLED Negro",063.00
monitores,Zbitt,"Samsung - LC49RG90 124 cm (48.8"") 5120 x 1440 Pixeles UltraWide Dual Quad HD QLED Gris",077.00
monitores,Zbitt,"LG - 38WN75C-B LED display 96,5 cm (38"") 3840 x 1600 Pixeles UltraWide Quad HD+ Negro",100.00
monitores,Zbitt,"LG - 38WN75C LED display 96,5 cm (38"") 3840 x 1600 Pixeles UltraWide Quad HD+ Negro",119.00
monitores,Zbitt,"MSI - Prestige PS341WU 86,4 cm (34"") 5120 x 2160 Pixeles LCD Blanco",149.00
monitores,Zbitt,"ASUS - ROG Strix XG438QR 109,2 cm (43"") 3840 x 2160 Pixeles 4K Ultra HD LED Negro",187.00
monitores,Zbitt,"Benq - SW271 68,6 cm (27"") 3840 x 2160 Pixeles 4K Ultra HD LED Negro, Gris",199.00
monitores,Zbitt,"HP - Healthcare Edition HC270cr 68,6 cm (27"") 2560 x 1440 Pixeles Quad HD LED Blanco",229.00
monitores,Zbitt,"Viewsonic - VP Series VP3881 LED display 96,5 cm (38"") 3840 x 1600 Pixeles 4K Ultra HD Negro",275.00
monitores,Zbitt,"Zebra - NG CONCIERGE, 10 INCH, ANDROID OS, 32GB, LANDSCAPE, IMAGER,",301.00
monitores,Zbitt,"LG - 49WL95C-WE LED display 124,5 cm (49"") 5120 x 1440 Pixeles UltraWide Quad HD Negro, Blanco",339.00
monitores,Zbitt,"Philips - Momentum 558M1RY/00 pantalla para PC 139,7 cm (55"") 3840 x 2160 Pixeles 4K Ultra HD LED Negro",353.00
monitores,Zbitt,"Millenium - MONITOR MILLENIUM MD 49 DQHD QLED HDR10, 32/9,120Hz,Curvo",430.00
monitores,Zbitt,"Samsung - Odyssey C49G95TSSU 124,5 cm (49"") 5120 x 1440 Pixeles Quad HD QLED Negro, Blanco",491.00
monitores,Zbitt,"Benq - SW271C 68,6 cm (27"") 3840 x 2160 Pixeles 4K Ultra HD LED Negro",647.00
monitores,Zbitt,"Benq - SW321C 81,3 cm (32"") 3840 x 2160 Pixeles 4K Ultra HD LED Gris",977.00
monitores,Zbitt,"LG - 32HL512D-B pantalla para PC 80 cm (31.5"") 3840 x 2160 Pixeles Full HD Negro",366.00
monitores,Zbitt,"Acer - Predator X35 88,9 cm (35"") 3440 x 1440 Pixeles UltraWide Quad HD LED Negro",484.00
monitores,Zbitt,Lenovo - CREATOR EXTREME,486.00
monitores,Zbitt,"ASUS - ProArt PA27UCX-K 68,6 cm (27"") 3840 x 2160 Pixeles 4K Ultra HD LED Negro",969.00
monitores,Zbitt,"DELL - UltraSharp UP3218K 81,3 cm (32"") 7680 x 4320 Pixeles 8K Ultra HD LCD Negro, Plata",899.00
monitores,Zbitt,"ASUS - ProArt PA32UCX-PK 81,3 cm (32"") 3840 x 2160 Pixeles 4K Ultra HD LED Negro",959.00
monitores,Zbitt,"ASUS - ProArt PQ22UC 54,9 cm (21.6"") 3840 x 2160 Pixeles 4K Ultra HD OLED Negro, Gris",752.00
