portatiles,Zbitt,InnJoo - Voom Portátil 35,8 cm (14.1"") 1366 x 768 Pixeles Intel® Celeron® N 4 GB 64 GB Flash Wi-Fi 4 (802.11n) Windows 10 Gris,266.00
portatiles,Zbitt,MEDION - PORTATIL MEDION E11201/11,6 HD/IC-N3450/1,10-2,20 GHz/4GB/64GB eMMC/W10 Pro Academic/white,275.00
portatiles,Zbitt,InnJoo - Voom Laptop Max Portátil 35,8 cm (14.1"") 1366 x 768 Pixeles Intel® Celeron® N 6 GB 64 GB Windows 10 Negro,295.00
portatiles,Zbitt,ASUS - E410MA-EK007TS - Ordenador Portátil de 14"" Full HD (Intel Core N4020, 4GB RAM, 64GB eMMC, Intel UHD Graphics 600, Windows,311.00
portatiles,Zbitt,Acer - SPIN 1 N4020 4/64 W10HS+OFFI365,312.00
portatiles,Zbitt,HP - 240 G8 DDR4-SDRAM Portátil 35,6 cm (14"") 1366 x 768 Pixeles Intel® Celeron® 4 GB 500 GB Unidad de disco duro Wi-Fi 5 (802.1,323.00
portatiles,Zbitt,Lenovo - IdeaPad Duet Híbrido (2-en-1) 25,6 cm (10.1"") 1920 x 1200 Pixeles Pantalla táctil MediaTek 4 GB LPDDR4x-SDRAM 128 GB eM,332.00
portatiles,Zbitt,HP - Chromebook 11A G8 EE DDR4-SDRAM 29,5 cm (11.6"") 1366 x 768 Pixeles AMD A4 4 GB 32 GB eMMC Wi-Fi 5 (802.11ac) Chrome OS Verd,341.00
portatiles,Zbitt,InnJoo - Voom Pro Portátil 35,8 cm (14.1"") 1366 x 768 Pixeles Intel® Celeron® N 6 GB 128 GB SSD Windows 10 Negro,350.00
portatiles,Zbitt,HP - Chromebook 14 G6 LPDDR4-SDRAM 35,6 cm (14"") 1366 x 768 Pixeles Pantalla táctil Intel® Celeron® 4 GB 32 GB eMMC Wi-Fi 5 (802,373.00
portatiles,Zbitt,HP - 240 G8 DDR4-SDRAM Portátil 35,6 cm (14"") 1366 x 768 Pixeles Intel® Celeron® 8 GB 128 GB SSD Wi-Fi 5 (802.11ac) Windows 10 H,402.00
portatiles,Zbitt,Lenovo - IdeaPad Duet 3 10IGL5 Híbrido (2-en-1) 26,2 cm (10.3"") 1920 x 1200 Pixeles Pantalla táctil Intel® Celeron® N 4 GB DDR4-,409.00
portatiles,Zbitt,HP - Chromebook 11 G8 EE LPDDR4-SDRAM 29,5 cm (11.6"") 1366 x 768 Pixeles Pantalla táctil Intel® Celeron® 4 GB 32 GB eMMC Wi-Fi 5,410.00
portatiles,Zbitt,Samsung - Chromebook XE350XBA LPDDR4-SDRAM 39,6 cm (15.6"") 1920 x 1080 Pixeles Intel® Celeron® N 6 GB 64 GB eMMC Wi-Fi 5 (802.11),411.00
portatiles,Zbitt,Lenovo - 14W W A6 4/128 W10P MC00005720,416.00
portatiles,Zbitt,HP - 240 G8 DDR4-SDRAM Portátil 35,6 cm (14"") 1920 x 1080 Pixeles Intel® Celeron® 8 GB 256 GB SSD Wi-Fi 5 (802.11ac) Windows 10,442.00
portatiles,Zbitt,Acer - TMB311RN-31 QC N4120 4GBGB 128SSD W10H,448.00
portatiles,Zbitt,HP - HP Portatil G7 15A04EA - FREEDOS - RYZEN 3 3200U2.6GHZ - 8GB - 256GB SSD SATA - RAD VEGA 3 - 15.6&,449.00
portatiles,Zbitt,Acer - Extensa 15 EX215-52-37Y7 Portátil 39,6 cm (15.6"") 1920 x 1080 Pixeles Intel® Core™ i3 de 10ma Generación 8 GB DDR4-SDRAM,463.00
portatiles,Zbitt,HP - 250 G7 DDR4-SDRAM Portátil 39,6 cm (15.6"") Intel® Core™ i3 de 10ma Generación 8 GB 256 GB SSD Negro,463.00
portatiles,Zbitt,Lenovo - V15 ADA Portátil 39,6 cm (15.6"") 1920 x 1080 Pixeles AMD Ryzen 3 8 GB DDR4-SDRAM 256 GB SSD Wi-Fi 5 (802.11ac) FreeDOS,467.00
portatiles,Zbitt,Lenovo - V V15 Portátil 39,6 cm (15.6"") 1920 x 1080 Pixeles Intel® Core™ i3 de 10ma Generación 8 GB DDR4-SDRAM 256 - 82C500JSSP,490.00
portatiles,Zbitt,HP - 250 G7 Portátil 39,6 cm (15.6"") Intel® Core™ i3 de 10ma Generación 8 GB DDR4-SDRAM 512 GB SSD Negro,490.00
portatiles,Zbitt,ASUS - VivoBook 15 S512JA-BQ1028 - Ordenador Portátil de .6"" Full HD (Intel Core i3-1005G1, 8GB RAM, 256GB SSD, Intel UHD Graphi,490.00
portatiles,Zbitt,HP - ProBook x360 11 G5 EE DDR4-SDRAM Híbrido (2-en-1) 29,5 cm (11.6"") 1366 x 768 Pixeles Pantalla táctil Intel® Celeron® 4 GB 1,500.00
portatiles,Zbitt,Lenovo - V V14 DDR4-SDRAM Portátil 35,6 cm (14"") 1920 x 1080 Pixeles Intel® Core™ i3 de 10ma Generación 8 GB 256 GB SSD Wi-Fi 5,503.00
portatiles,Zbitt,HP - 15s-eq1010ns DDR4-SDRAM Portátil 39,6 cm (15.6"") 1366 x 768 Pixeles AMD Ryzen 3 8 GB 512 GB SSD Wi-Fi 4 (802.11n) Windows 1,503.00
portatiles,Zbitt,ASUS - Laptop I3-1005G1 8G 256G Silver 14 W10H,510.00
portatiles,Zbitt,HP - HP STREAM 11 PRO G5 NOTEBOOK P SYST 128GB 4GB 11IN W10P SP,512.00
portatiles,Zbitt,HP - Portátil 255 G7 DDR4-SDRAM 39,6 cm (15.6"") 1366 x 768 Pixeles AMD Ryzen 3 8 GB 256 GB SSD Wi-Fi 5 (802.11ac) Windows 10 Hom,517.00
portatiles,Zbitt,Acer - CS/EX215-22R33250U 8GB 256GBSSDW10SHM,518.00
portatiles,Zbitt,Lenovo - V V14 Portátil 35,6 cm (14"") 1920 x 1080 Pixeles AMD Ryzen 3 8 GB DDR4-SDRAM 256 GB SSD Wi-Fi 5 (802.11ac) Windows 10 H,522.00
portatiles,Zbitt,ASUS - F415JA-BV393T - Ordenador Portátil de 14"" HD (Intel Core i3-1005G1, 8GB RAM, 256GB SSD, Intel UHD Graphics, Windows 10 Ho,525.00
portatiles,Zbitt,DELL - Vostro 3501 DDR4-SDRAM Portátil 39,6 cm (15.6"") 1366 x 768 Pixeles Intel® Core™ i3 de 10ma Generación 4 GB 256 GB SSD Wi-,535.00
portatiles,Zbitt,Lenovo - DUET 3 10IGL5 PENTIUM N5030 SYST 8GB 128GB 10IN W10H IN,538.00
portatiles,Zbitt,HP - 15s-fq2028ns DDR4-SDRAM Portátil 39,6 cm (15.6"") 1366 x 768 Pixeles Intel® Core™ i5 de 11ma Generación 8 GB 256 GB SSD Wi-F,544.00
portatiles,Zbitt,HP - 255 G8 DDR4-SDRAM Portátil 39,6 cm (15.6"") 1920 x 1080 Pixeles AMD Ryzen 5 8 GB 256 GB SSD Wi-Fi 5 (802.11ac) FreeDOS Grafi,544.00
portatiles,Zbitt,DELL - Vostro 3501 Portátil 39,6 cm (15.6"") 1366 x 768 Pixeles Intel® Core™ i3 de 10ma Generación 4 GB DDR4-SDRAM 256 GB SSD Wi-,544.00
portatiles,Zbitt,Lenovo - V V15 Portátil 39,6 cm (15.6"") 1920 x 1080 Pixeles Intel® Core™ i3 de 10ma Generación 8 GB DDR4-SDRAM 256 - 82C500G5SP,546.00
portatiles,Zbitt,Fujitsu - LIFEBOOK A3510 DDR4-SDRAM Portátil 39,6 cm (15.6"") 1920 x 1080 Pixeles Intel® Core™ i3 de 10ma Generación 8 GB 256 GB,551.00
portatiles,Zbitt,Lenovo - V15 ADA Portátil 39,6 cm (15.6"") 1920 x 1080 Pixeles AMD Ryzen 3 8 GB DDR4-SDRAM 256 GB SSD Wi-Fi 5 (802.11ac) Windows,557.00
portatiles,Zbitt,Lenovo - V V15 DDR4-SDRAM Portátil 39,6 cm (15.6"") 1920 x 1080 Pixeles Intel® Core™ i3 de 11ma Generación 8 GB 256 - 82KB0004SP,557.00
portatiles,Zbitt,HP - 250 G7 DDR4-SDRAM Portátil 39,6 cm (15.6"") 1366 x 768 Pixeles Intel® Core™ i3 de 10ma Generación 8 GB 256 GB SSD Wi-Fi 5,558.00
portatiles,Zbitt,ASUS - M415DA-EK274T - Ordenador Portátil de 14"" Full HD (AMD Ryzen 5 3500U, 8GB RAM, 512GB SSD, AMD Radeon Vega 8, Windows 10 H,567.00
portatiles,Zbitt,HP - 250 G8 DDR4-SDRAM Portátil 39,6 cm (15.6"") 1920 x 1080 Pixeles Intel® Core™ i3 de 11ma Generación 8 GB 256 GB SSD - 2W9A0EA,571.00
portatiles,Zbitt,Lenovo - V V15 DDR4-SDRAM Portátil 39,6 cm (15.6"") 1920 x 1080 Pixeles Intel® Core™ i3 de 10ma Generación 8 GB 512 GB SSD Wi-Fi,571.00
portatiles,Zbitt,Toshiba - SATP C50-E-11N I3-7020U 8/256 W10P,575.00
portatiles,Zbitt,Lenovo - V V15 DDR4-SDRAM Portátil 39,6 cm (15.6"") 1920 x 1080 Pixeles Intel® Core™ i3 de 11ma Generación 8 GB 512 GB SSD Wi-Fi,584.00
portatiles,Zbitt,ASUS - VivoBook 15 P1511CJA-BR743R - Ordenador Portátil de .6"" HD (Intel Core i3-1005G1, 8GB RAM, 256GB SSD, Intel UHD Graphics,584.00
portatiles,Zbitt,Acer - Extensa 15 EX215-22-R84H DDR4-SDRAM Portátil 39,6 cm (15.6"") 1920 x 1080 Pixeles AMD Ryzen 5 8 GB 512 GB SSD Wi-Fi 5,585.00
portatiles,Zbitt,Acer - TMP215-52 Ci310110U 8GB 256GBSSD W10P,597.00
portatiles,Zbitt,Lenovo - V V15 DDR4-SDRAM Portátil 39,6 cm (15.6"") 1366 x 768 Pixeles Intel® Core™ i5 de 10ma Generación 8 GB 256 GB SSD Wi-Fi,597.00
portatiles,Zbitt,DELL - Vostro 3501 DDR4-SDRAM Portátil 39,6 cm (15.6"") 1920 x 1080 Pixeles Intel® Core™ i3 de 10ma Generación 8 GB 256 G - DPDMV,600.00
portatiles,Zbitt,DELL - Vostro 3501 DDR4-SDRAM Portátil 39,6 cm (15.6"") 1920 x 1080 Pixeles Intel® Core™ i3 de 10ma Generación 8 GB 256 G - T67NX,602.00
portatiles,Zbitt,HP - 250 G8 DDR4-SDRAM Portátil 39,6 cm (15.6"") 1920 x 1080 Pixeles Intel® Core™ i3 de 11ma Generación 8 GB 256 GB SSD - 2W8Z8EA,609.00
portatiles,Zbitt,Toshiba - SATP C50-E-11L I3 8/256 W10P,614.00
portatiles,Zbitt,HP - 255 G7 DDR4-SDRAM Portátil 39,6 cm (15.6"") 1920 x 1080 Pixeles AMD Ryzen 5 8 GB 256 GB SSD Wi-Fi 5 (802.11ac) Windows 10 Pr,621.00
portatiles,Zbitt,Lenovo - V V15 DDR4-SDRAM Portátil 39,6 cm (15.6"") 1920 x 1080 Pixeles Intel® Core™ i3 de 11ma Generación 8 GB 256 - 82KB0003SP,622.00
portatiles,Zbitt,HP - 250 G7 DDR4-SDRAM Portátil 39,6 cm (15.6"") 1920 x 1080 Pixeles Intel® Core™ i5 de 10ma Generación 8 GB 512 GB SSD Wi-Fi 5,624.00
portatiles,Zbitt,HP - 250 G8 DDR4-SDRAM Portátil 39,6 cm (15.6"") 1920 x 1080 Pixeles Intel® Core™ i5 de 11ma Generación 8 GB 256 GB SSD Wi-Fi 4,624.00
portatiles,Zbitt,ASUS - Y1511CDA-BR582R - Ordenador Portátil de 15.6"" HD (AMD Ryzen 5 3500U, 8GB RAM, 256GB SSD, AMD Radeon Vega 8, Windows 10 Pr,630.00
portatiles,Zbitt,HP - 255 G8 DDR4-SDRAM Portátil 39,6 cm (15.6"") 1920 x 1080 Pixeles AMD Ryzen 5 8 GB 256 GB SSD Wi-Fi 6 (802.11ax) Windows 10 Ho,631.00
portatiles,Zbitt,HP - 255 G8 DDR4-SDRAM Portátil 39,6 cm (15.6"") 1920 x 1080 Pixeles AMD Ryzen 5 8 GB 256 GB SSD Wi-Fi 5 (802.11ac) Windows 10 Ho,636.00
portatiles,Zbitt,HP - HP 250G7 i3-1005G1 15 8GB/256 PC,644.00
portatiles,Zbitt,Toshiba - SAT PRO C40-G-119 i3-10110U 8G 256G W10P,647.00
portatiles,Zbitt,DELL - Vostro 3500 DDR4-SDRAM Portátil 39,6 cm (15.6"") 1920 x 1080 Pixeles Intel® Core™ i3 de 11ma Generación 8 GB 256 GB SSD,659.00
portatiles,Zbitt,Dynabook - Satellite Pro C50-H-103 DDR4-SDRAM Portátil 39,6 cm (15.6"") 1920 x 1080 Pixeles Intel® Core™ i3 de 10ma Generación 8,659.00
portatiles,Zbitt,ASUS - F415JA-EK395T - Ordenador Portátil de 14"" Full HD (Intel Core i5-1035G1, 8GB RAM, 512GB SSD, Intel UHD Graphics, Windows,662.00
portatiles,Zbitt,ASUS - VivoBook Flip TP412FA-EC641T - Ordenador Portátil de 14"" Full HD (Intel Core i3-10110U, 8GB RAM, 256GB SSD, Intel UHD Gra,663.00
portatiles,Zbitt,ASUS - VivoB Flip i3-1011U 8G256G Grey 14 W10H,664.00
portatiles,Zbitt,ASUS - M415DA-EK337T - Ordenador Portátil de 14"" Full HD (AMD Ryzen 7 3700U, 8GB RAM, 512GB SSD, AMD Radeon RX Vega 10, Windows,665.00
portatiles,Zbitt,Acer - CS/EX215-52-59MACi51035G18GB256GBSSDW10H,666.00
portatiles,Zbitt,Lenovo - V V14 DDR4-SDRAM Portátil 35,6 cm (14"") 1920 x 1080 Pixeles Intel® Core™ i5 de 10ma Generación 8 GB 256 GB SSD Wi-Fi 5,669.00
portatiles,Zbitt,Microsoft - Surface Laptop Go Portátil 31,6 cm (12.4"") 1536 x 1024 Pixeles Pantalla táctil Intel® Core™ i5 de 10ma Generación 4,669.00
portatiles,Zbitt,Lenovo - TB14-IIL I3-1005G1 8GB 256GB W10H,678.00
portatiles,Zbitt,HP - 340S G7 DDR4-SDRAM Portátil 35,6 cm (14"") 1920 x 1080 Pixeles Intel® Core™ i3 de 10ma Generación 8 GB 256 GB SSD Wi-Fi 6,681.00
portatiles,Zbitt,ASUS - P1411CJA-BV377R - Ordenador Portátil de 14"" HD (Intel Core i5-1035G1, 8GB RAM, 256GB SSD, Intel UHD Graphics, Windows 10,686.00
portatiles,Zbitt,Acer - Extensa 15 EX215-52 Portátil 39,6 cm (15.6"") 1920 x 1080 Pixeles Intel® Core™ i5 de 10ma Generación 8 GB DDR4-SDRAM 256 GB,687.00
portatiles,Zbitt,Lenovo - V V15 DDR4-SDRAM Portátil 39,6 cm (15.6"") 1920 x 1080 Pixeles Intel® Core™ i5 de 11ma Generación 8 GB 256 GB SSD Wi-Fi,691.00
portatiles,Zbitt,HP - 250 G8 DDR4-SDRAM Portátil 39,6 cm (15.6"") 1920 x 1080 Pixeles Intel® Core™ i5 de 11ma Generación 8 GB 256 GB SSD - 2W8Y5EA,691.00
portatiles,Zbitt,Acer - Extensa 15 EX215-53G-56MT DDR4-SDRAM Portátil 39,6 cm (15.6"") 1920 x 1080 Pixeles Intel® Core™ i5 de 10ma Generación 8 GB,695.00
portatiles,Zbitt,ASUS - VivoBook 14 X413JA-EB470 - Ordenador Portátil de "" Full HD (Intel Core i5-1035G1, 8GB RAM, 512GB SSD, Intel UHD Graphics,,699.00
portatiles,Zbitt,Lenovo - V V15 Portátil 39,6 cm (15.6"") 1920 x 1080 Pixeles Intel® Core™ i5 de 10ma Generación 8 GB DDR4-SDRAM 512 GB SSD Wi-Fi ,705.00
portatiles,Zbitt,Lenovo - ThinkBook 15 G2 Portátil Gris 39,6 cm (15.6"") 1920 x 1080 Pixeles AMD Ryzen 3 8 GB DDR4-SDRAM 256 GB SSD Wi-Fi 6 (802.1,705.00
portatiles,Zbitt,HP - 15s-fq1048ns DDR4-SDRAM Portátil 39,6 cm (15.6"") 1366 x 768 Pixeles Intel® Core™ i5 de 10ma Generación 8 GB 512 GB SSD Wi-F,706.00
portatiles,Zbitt,HP - 15s-fq2029ns DDR4-SDRAM Portátil 39,6 cm (15.6"") 1920 x 1080 Pixeles Intel® Core™ i5 de 11ma Generación 8 GB 512 GB SSD Wi-,706.00
portatiles,Zbitt,Lenovo - ThinkBook V15 IIL Portátil 39,6 cm (15.6"") 1920 x 1080 Pixeles Intel® Core™ i5 de 10ma Generación 8 GB DDR4-SDRAM 256 G,711.00
portatiles,Zbitt,Lenovo - ThinkBook 15 Portátil 39,6 cm (15.6"") 1920 x 1080 Pixeles Intel® Core™ i3 de 10ma Generación 8 GB DDR4-SDRAM 256 GB SSD,711.00
portatiles,Zbitt,MSI - Modern 14 B10MW-474XES DDR4-SDRAM Portátil 35,6 cm (14"") 1920 x 1080 Pixeles Intel® Core™ i5 de 10ma Generación 8 GB 512 G,712.00
portatiles,Zbitt,MSI - Modern 14 B10MW-421XES Portátil 35,6 cm (14"") 1920 x 1080 Pixeles Intel® Core™ i5 de 10ma Generación 8 GB DDR4-SDRAM 512 G,712.00
portatiles,Zbitt,HP - 250 G8 DDR4-SDRAM Portátil 39,6 cm (15.6"") 1920 x 1080 Pixeles Intel® Core™ i3 de 11ma Generación 8 GB 256 GB SSD Wi-Fi 6 (,713.00
portatiles,Zbitt,ASUS - F415JA-EK398T - Ordenador Portátil de 14"" Full HD (Intel Core i7-1065G7, 8GB RAM, 512GB SSD, Intel Iris Plus Graphics, Wi,715.00
portatiles,Zbitt,Lenovo - ThinkBook 15 IIL Portátil 39,6 cm (15.6"") 1920 x 1080 Pixeles Intel® Core™ i3 de 10ma Generación 8 GB 256 GB SSD Wi-Fi ,716.00
portatiles,Zbitt,Lenovo - V V15 DDR4-SDRAM Portátil 39,6 cm (15.6"") 1920 x 1080 Pixeles Intel® Core™ i5 de 11ma Generación 8 GB 512 GB SSD Wi-Fi ,718.00
portatiles,Zbitt,ASUS - Expertbook I5-1035G1 8G512G Grey 14W10P,719.00
portatiles,Zbitt,ASUS - VivoBook 14 M413DA-EB462T - Ordenador Portátil de Full HD (AMD Ryzen 7 3700U, 8GB RAM, 512GB SSD, AMD Radeon RX Vega 10"),719.00
portatiles,Zbitt,ASUS - Expertb I5-1035G1 8G512G Grey 15.6 W10P,719.00
portatiles,Zbitt,HP - 15s-fq1165ns DDR4-SDRAM Portátil 39,6 cm (15.6"") 1366 x 768 Pixeles Intel® Core™ i7 de 10ma Generación 8 GB 512 GB SSD Wi-F",722.00
portatiles,Zbitt,HP - 250 G8 DDR4-SDRAM Portátil 39,6 cm (15.6"") 1920 x 1080 Pixeles Intel® Core™ i5 de 11ma Generación 8 GB 256 GB SSD Wi-Fi 5 (",725.00
portatiles,Zbitt,ASUS - P1411CJA-BV378R - Ordenador Portátil de 14"" HD (Intel Core i5-1035G1, 8GB RAM, 512GB SSD, Intel UHD Graphics, Windows 10 ",727.00
portatiles,Zbitt,Acer - Extensa 15 EX215-53G-59RL DDR4-SDRAM Portátil 39,6 cm (15.6"") 1920 x 1080 Pixeles Intel® Core™ i5 de 10ma Generación 8 GB",734.00
portatiles,Zbitt,DELL - Vostro 3500 Portátil 39,6 cm (15.6"") 1920 x 1080 Pixeles Intel® Core™ i5 de 11ma Generación 8 GB DDR4-SDRAM 256 GB SSD Wi",738.00
portatiles,Zbitt,HP - 250 G7 DDR4-SDRAM Portátil 39,6 cm (15.6"") 1920 x 1080 Pixeles Intel® Core™ i5 de 10ma Generación 8 GB 256 GB SSD Wi-Fi 5 (",738.00
portatiles,Zbitt,Lenovo - TP V15 GEN2 I5-1135G7 4GB+4GB 256GB W10P,745.00
portatiles,Zbitt,Lenovo - ThinkBook 15 DDR4-SDRAM Portátil 39,6 cm (15.6"") 1920 x 1080 Pixeles Intel® Core™ i3 de 11ma Generación 8 GB 256 GB SSD",745.00
portatiles,Zbitt,Lenovo - ThinkBook 14 Portátil 35,6 cm (14"") 1920 x 1080 Pixeles Intel® Core™ i3 de 10ma Generación 8 GB DDR4-SDRAM 256 GB SSD W",751.00
portatiles,Zbitt,HP - 15s-fq1060ns DDR4-SDRAM Portátil 39,6 cm (15.6"") 1366 x 768 Pixeles Intel® Core™ i5 de 10ma Generación 16 GB 512 GB SSD Wi-",752.00
portatiles,Zbitt,Lenovo - ThinkBook 14 Portátil 35,6 cm (14"") 1920 x 1080 Pixeles Intel® Core™ i3 de 11ma Generación 8 GB DDR4-SDRAM 256 GB SSD W",756.00
portatiles,Zbitt,Acer - EX215-22 RYZ5-3500U 8/256FHDW10H,757.00
portatiles,Zbitt,DELL - Vostro 3400 DDR4-SDRAM Portátil 35,6 cm (14"") 1920 x 1080 Pixeles Intel® Core™ i5 de 11ma Generación 8 GB 256 GB SSD Wi-F",759.00
portatiles,Zbitt,Acer - Aspire 5 A515-56-77UC DDR4-SDRAM Portátil 39,6 cm (15.6"") 1920 x 1080 Pixeles Intel® Core™ i7 de 11ma Generación 8 GB 512",759.00
portatiles,Zbitt,Lenovo - TBOOK 15 RYZEN 5 4500U 8/256 W10P,764.00
portatiles,Zbitt,Lenovo - TB 14 G2 RYZEN 5 4500U 8GB 256GB W10P,764.00
portatiles,Zbitt,HP - 340S G7 Portátil 35,6 cm (14"") 1920 x 1080 Pixeles Intel® Core™ i5 de 10ma Generación 8 GB DDR4-SDRAM 256 GB SSD - 8VV95EA",765.00
portatiles,Zbitt,ASUS - VivoBook Flip TM420IA-EC198T - Ordenador Portátil de 14"" Full HD (AMD Ryzen 5 4500U, 8GB RAM, 512GB SSD, AMD Radeon Graph",765.00
portatiles,Zbitt,MSI - Modern 15 A10M-628XES DDR4-SDRAM Portátil 39,6 cm (15.6"") 1920 x 1080 Pixeles Intel® Core™ i5 de 10ma Generación 16 GB 512",766.00
portatiles,Zbitt,HP - 15s-fq1005ns DDR4-SDRAM Portátil 39,6 cm (15.6"") 1366 x 768 Pixeles Intel® Core™ i7 de 10ma Generación 8 GB 256 GB SSD Wi-F",767.00
portatiles,Zbitt,HP - Notebook 14s-dq1018ns DDR4-SDRAM Portátil 35,6 cm (14"") 1920 x 1080 Pixeles Intel® Core™ i7 de 10ma Generación 8 GB 256 GB ",770.00
portatiles,Zbitt,Huawei - Matebook D 14 DDR4-SDRAM Portátil 35,6 cm (14"") 1920 x 1080 Pixeles Intel® Core™ i5 de 10ma Generación 8 GB 512 GB SSD ",770.00
portatiles,Zbitt,MSI - MSI PORTATIL MODERN 15 A10M-610XES. 15.6 FHD (1920*1080) 60Hz. I5-10210U. UMA. DDR4 16GB (2666MHz). 512GB SSD. FREE DOS. P,771.00
portatiles,Zbitt,Dynabook - Satellite Pro C50-H-108 DDR4-SDRAM Portátil 39,6 cm (15.6"") 1920 x 1080 Pixeles Intel® Core™ i5 de 10ma Generación 8 ",774.00
portatiles,Zbitt,Toshiba - SATP C40-G-116 I5-10210U 8 256 W10P,777.00
portatiles,Zbitt,Lenovo - ThinkPad E14 Portátil 35,6 cm (14"") 1920 x 1080 Pixeles Intel® Core™ i3 de 10ma Generación 8 GB DDR4-SDRAM 256 GB SSD W",778.00
portatiles,Zbitt,Acer - CP713-2W Ci310110U 8GB 128GBSSD Chrome,781.00
portatiles,Zbitt,ASUS - VivoBook S15 S533EA-BN149T - Ordenador Portátil de 15.6"" Full HD (Intel Core i5-1135G7, 8GB RAM, 512GB SSD, Intel Iris Xe",782.00
portatiles,Zbitt,HP - 250 G7 DDR4-SDRAM Portátil 39,6 cm (15.6"") 1920 x 1080 Pixeles Intel® Core™ i5 de 10ma Generación 16 GB 512 GB SSD NVIDIA® ",784.00
portatiles,Zbitt,HP - 14s-dq1028ns DDR4-SDRAM Portátil 35,6 cm (14"") 1920 x 1080 Pixeles Intel® Core™ i7 de 10ma Generación 8 GB 512 GB SSD Wi-Fi",784.00
portatiles,Zbitt,HP - 340S G7 Portátil 35,6 cm (14"") 1920 x 1080 Pixeles Intel® Core™ i5 de 10ma Generación 8 GB DDR4-SDRAM 256 GB SSD - 8VV01EA",785.00
portatiles,Zbitt,ASUS - Expertb I7-1065G7 8G512G Grey 15.6 W10P,786.00
portatiles,Zbitt,Toshiba - SAT PRO C40-H-101 i5-1035G1 8G 256G W10P,788.00
portatiles,Zbitt,ASUS - Expertb I3-1005G1 8G256G Grey 15.6 W10P,795.00
portatiles,Zbitt,MSI - Bravo 15 A4DCR-288XES Portátil 39,6 cm (15.6"") 1920 x 1080 Pixeles AMD Ryzen 5 8 GB DDR4-SDRAM 512 GB SSD AMD Radeon RX 53",797.00
portatiles,Zbitt,DELL - Vostro 3500 DDR4-SDRAM Portátil 39,6 cm (15.6"") 1920 x 1080 Pixeles Intel® Core™ i5 de 11ma Generación 8 GB 512 GB SSD Wi",798.00
portatiles,Zbitt,Acer - TMP214-53 Ci51135G7 8GB 256GBSSD W10P,799.00
portatiles,Zbitt,DELL - Latitude 3510 DDR4-SDRAM Portátil 39,6 cm (15.6"") 1920 x 1080 Pixeles Intel® Core™ i5 de 10ma Generación 8 GB 256 GB SSD ",801.00
portatiles,Zbitt,DELL - Vostro 5301 LPDDR4-SDRAM Portátil 33,8 cm (13.3"") 1920 x 1080 Pixeles Intel® Core™ i5 de 11ma Generación 8 GB 256 GB SSD ",802.00
portatiles,Zbitt,HP - Pavilion 14-dv0002ns DDR4-SDRAM Portátil 35,6 cm (14"") 1920 x 1080 Pixeles Intel® Core™ i5 de 10ma Generación 8 GB 512 GB S",803.00
portatiles,Zbitt,Acer - Chromebook CB714-1W-57WF 35,6 cm (14"") 1920 x 1080 Pixeles 8ª generación de procesadores Intel® Core™ i5 8 GB DDR4-SDRAM ",803.00
portatiles,Zbitt,Acer - Chromebook CB715-1W-50LT 39,6 cm (15.6"") 1920 x 1080 Pixeles 8ª generación de procesadores Intel® Core™ i5 8 GB DDR4-SDRA",803.00
portatiles,Zbitt,ASUS - VivoBook S413FA-EB560T Portátil Negro 35,6 cm (14"") 1920 x 1080 Pixeles Intel® Core™ i5 de 10ma Generación 8 GB DDR4-SDRA",804.00
portatiles,Zbitt,Lenovo - ThinkBook 14 Portátil Gris 35,6 cm (14"") 1920 x 1080 Pixeles Intel® Core™ i5 de 10ma Generación 8 GB DDR4-SDRAM 256 GB ",804.00
portatiles,Zbitt,HP - 250 G8 DDR4-SDRAM Portátil 39,6 cm (15.6"") 1920 x 1080 Pixeles Intel® Core™ i5 de 11ma Generación 8 GB 256 GB SSD - 2W8Y9EA",806.00
portatiles,Zbitt,Acer - CS/SF314-57-5217 i5-1035G1 8GB 512GB W10,809.00
portatiles,Zbitt,ASUS - VivoB i5-1135G7 8G 512G White 14 W10H,809.00
portatiles,Zbitt,ASUS - VivoBook Flip TP412FA-EC707T - Ordenador Portátil de 14"" Full HD (Intel Core i5-10210U, 8GB RAM, 512GB SSD, Intel UHD Gra",810.00
portatiles,Zbitt,ASUS - VivoBook S14 S433EA-AM423T - Ordenador Portátil de 14"" Full HD (Intel Core i5-1135G7, 8GB RAM, 512GB SSD, Intel Iris Xe G",813.00
portatiles,Zbitt,Lenovo - ThinkBook 15 Portátil 39,6 cm (15.6"") 1920 x 1080 Pixeles Intel® Core™ i5 de 10ma Generación 8 GB DDR4-SDRAM 256 GB SSD",813.00
portatiles,Zbitt,ASUS - PRO P3540FA-BQ1301R - Ordenador Portátil de 15.6"" Full HD (Intel Core i5-8265U, 8GB RAM, 256GB SSD, Intel UHD Graphics, W",815.00
portatiles,Zbitt,Toshiba - SATP C40-G-11G I5-10210U 8 512 W10P,816.00
portatiles,Zbitt,DELL - Vostro 3400 Portátil 35,6 cm (14"") 1920 x 1080 Pixeles Intel® Core™ i5 de 11ma Generación 8 GB DDR4-SDRAM 512 GB SSD Wi-F",817.00
portatiles,Zbitt,DELL - Latitude 3410 DDR4-SDRAM Portátil 35,6 cm (14"") 1920 x 1080 Pixeles Intel® Core™ i5 de 10ma Generación 8 GB 256 GB SSD Wi",818.00
portatiles,Zbitt,ASUS - FLIP I5-10210U 8GB 512GB W10H,819.00
portatiles,Zbitt,Microsoft - SURFACE GO2 INTL CORE M3-8100Y SYST 128GB 8GB 10IN W10S LTE IN,821.00
portatiles,Zbitt,Acer - TMP214-53 Ci51135G7 8GB 512GBSSD W10P - NX.VQ6EB.002,823.00
portatiles,Zbitt,Acer - Chromebook CB714-1W-32YX 35,6 cm (14"") 1920 x 1080 Pixeles 8ª generación de procesadores Intel® Core™ i3 8 GB DDR4-SDRAM ",825.00
portatiles,Zbitt,Acer - Chromebook CB715-1W-30JY 39,6 cm (15.6"") 1920 x 1080 Pixeles 8ª generación de procesadores Intel® Core™ i3 8 GB DDR4-SDRA",825.00
portatiles,Zbitt,HP - 15s-fq1053ns DDR4-SDRAM Portátil 39,6 cm (15.6"") 1366 x 768 Pixeles Intel® Core™ i7 de 10ma Generación 8 GB 512 GB SSD Wi-F",829.00
portatiles,Zbitt,HP - Pavilion x360 14-dw1007ns DDR4-SDRAM Híbrido (2-en-1) 35,6 cm (14"") 1920 x 1080 Pixeles Pantalla táctil Intel® Core™ i5 de ",832.00
portatiles,Zbitt,Microsoft - Surface Laptop Go Portátil 31,6 cm (12.4"") 1536 x 1024 Pixeles Pantalla táctil Intel® Core™ i5 de 10ma G - 21L-00012",834.00
portatiles,Zbitt,HP - 340S G7 I5-1035G1 14 16/512 W10P,835.00
portatiles,Zbitt,Lenovo - TB 14 G2 ITL I5-1135G7 8GB 256GB W10P,836.00
portatiles,Zbitt,Lenovo - ThinkBook 15 Portátil 39,6 cm (15.6"") 1920 x 1080 Pixeles Intel® Core™ i5 de 11ma Generación 8 GB DDR4-SDRAM 256 GB SSD",836.00
portatiles,Zbitt,Toshiba - Tecra A40-G-123 DDR4-SDRAM Portátil 35,6 cm (14"") 1920 x 1080 Pixeles Intel® Core™ i5 de 10ma Generación 8 GB 256 GB S",837.00
portatiles,Zbitt,Lenovo - THINKPAD L14 AMD RYZEN_3_4300U SYST 8GB 256GB_SSD 14IN W10PRO IN,837.00
portatiles,Zbitt,Toshiba - SAT PRO C40-H-100 i5-1035G1 8G 512G W10P,841.00
portatiles,Zbitt,Lenovo - ThinkBook 14 Portátil 35,6 cm (14"") 1920 x 1080 Pixeles Intel® Core™ i5 de 11ma Generación 8 GB DDR4-SDRAM 256 GB SSD W",842.00
portatiles,Zbitt,Fujitsu - LIFEBOOK A3510 DDR4-SDRAM Portátil 39,6 cm (15.6"") 1920 x 1080 Pixeles Intel® Core™ i5 de 10ma Generación 16 GB 512 GB",842.00
portatiles,Zbitt,Toshiba - SAT PRO C50-G-10O i5-10210U 8G 512G W10P,844.00
portatiles,Zbitt,Lenovo - ThinkPad E15 Portátil 39,6 cm (15.6"") 1920 x 1080 Pixeles Intel® Core™ i5 de 10ma Generación 8 GB DDR4-SDRAM 256 GB SSD",845.00
portatiles,Zbitt,ASUS - WORK I3-10110U 8/256 FHD CHROME,849.00
portatiles,Zbitt,ASUS - VivoBook 14 K413EA-EB608T - Ordenador Portátil de "" Full HD (Intel Core i7-1165G7, 8GB RAM, 512GB SSD, Intel Iris Xe Grap",853.00
portatiles,Zbitt,DELL - Vostro 5502 DDR4-SDRAM Portátil 39,6 cm (15.6"") 1920 x 1080 Pixeles Intel® Core™ i5 de 11ma Generación 8 GB 256 GB SSD Wi",855.00
portatiles,Zbitt,ASUS - TUF Gaming FX505DT-BQ121 DDR4-SDRAM Portátil 39,6 cm (15.6"") 1920 x 1080 Pixeles AMD Ryzen 7 16 GB 512 GB SSD NVIDIA® GeF",857.00
portatiles,Zbitt,DELL - Vostro 5301 LPDDR4-SDRAM Portátil 33,8 cm (13.3"") 1920 x 1080 Pixeles Intel® Core™ i5 de 11ma Generación 8 GB 512 GB SSD ",857.00
portatiles,Zbitt,DELL - Vostro 5402 DDR4-SDRAM Portátil 35,6 cm (14"") 1920 x 1080 Pixeles Intel® Core™ i5 de 11ma Generación 8 GB 256 GB SSD Wi-F",858.00
portatiles,Zbitt,MSI - Modern 15 A10RBS-485XES Portátil 39,6 cm (15.6"") 1920 x 1080 Pixeles Intel® Core™ i5 de 10ma Generación 16 GB DDR4-SDRAM 5",859.00
portatiles,Zbitt,ASUS - VivoB i7-1165G7 8G 512G Silver 14 W10H,860.00
portatiles,Zbitt,MSI - Modern 15 A10M-627XES DDR4-SDRAM Portátil 39,6 cm (15.6"") 1920 x 1080 Pixeles Intel® Core™ i7 de 10ma Generación 16 GB 512",860.00
portatiles,Zbitt,Honor - HONOR MAGICBOOK PRO 16/512, AMD Ryzen 5 4600H, Pantalla HONOR FullView de 16,1, Batería de 56Wh",864.00
portatiles,Zbitt,DELL - Latitude 3301 LPDDR3-SDRAM Portátil 33,8 cm (13.3"") 1920 x 1080 Pixeles 8ª generación de procesadores Intel® Core™ i5 8 G",866.00
portatiles,Zbitt,ASUS - VivoB i5-10510U 8GB 256GB SSD 14 W10P,872.00
portatiles,Zbitt,Lenovo - X395 RYZEN 5 13.3IN 16GB 512GB SYST W10P 3Y SP,872.00
portatiles,Zbitt,MSI - Modern 15 A10M-486XES DDR4-SDRAM Portátil 39,6 cm (15.6"") 1920 x 1080 Pixeles Intel® Core™ i7 de 10ma Generación 16 GB 512",873.00
portatiles,Zbitt,Acer - CP713-2W Ci510210U 8GB 256GB SSD Chrome,875.00
portatiles,Zbitt,Lenovo - THINKBOOK 15 G2 ITL CI3-11-8GB SYST WITH MICROSOFT 365 BUSINESS STAN,876.00
portatiles,Zbitt,HP - ProBook x360 435 G7 DDR4-SDRAM Híbrido (2-en-1) 33,8 cm (13.3"") 1920 x 1080 Pixeles Pantalla táctil AMD Ryzen 3 8 GB 256 GB",877.00
portatiles,Zbitt,cer - EX215-53G CI7-1065G7 SYST 8GB 512SSD 15IN MX330 2GB W10H,880.00
portatiles,Zbitt,ASUS - ExpertBook P2 P2451FA-EB1533R - Ordenador Portátil de 14"" Full HD (Intel Core i5-10210U, 8GB RAM, 512GB SSD, Intel UHD Gr",882.00
portatiles,Zbitt,Lenovo - ThinkPad E15 Portátil 39,6 cm (15.6"") 1920 x 1080 Pixeles Intel® Core™ i5 de 11ma Generación 8 GB DDR4-SDRAM 256 GB SSD",888.00
portatiles,Zbitt,Lenovo - THINKBOOK 14 G2 ITL CI3-11-8GB SYST WITH MICROSOFT 365 BUSINESS STAN,889.00
portatiles,Zbitt,HP - Pavilion 14-dv0003ns DDR4-SDRAM Portátil 35,6 cm (14"") 1920 x 1080 Pixeles Intel® Core™ i5 de 11ma Generación 16 GB 512 GB ",896.00
portatiles,Zbitt,Lenovo - ThinkPad E14 Portátil 35,6 cm (14"") 1920 x 1080 Pixeles Intel® Core™ i5 de 11ma Generación 8 GB DDR4-SDRAM 256 GB SSD W",897.00
portatiles,Zbitt,Acer - TravelMate P2 P214-52-56MU Portátil 35,6 cm (14"") 1920 x 1080 Pixeles Intel® Core™ i5 de 10ma Generación 8 GB DDR4-SDRAM ",898.00
portatiles,Zbitt,Toshiba - SAT PRO C50-H-105 i7-1065G7 BGA 8GB 256,904.00
portatiles,Zbitt,Lenovo - L480 I5-8250U 8/256 W10P MC-IK,906.00
portatiles,Zbitt,Lenovo - ThinkPad L13 Portátil 33,8 cm (13.3"") 1920 x 1080 Pixeles Intel® Core™ i5 de 10ma Generación 8 GB DDR4-SDRAM 256 GB SSD",912.00
portatiles,Zbitt,DELL - Vostro 3500 DDR4-SDRAM Portátil 39,6 cm (15.6"") 1920 x 1080 Pixeles Intel® Core™ i7 de 11ma Generación 8 GB 512 GB SSD Wi",918.00
portatiles,Zbitt,Acer - TMP214-53 Ci51135G7 8GB 512GBSSD W10P - NX.VQ7EB.001,924.00
portatiles,Zbitt,HP - ProBook 440 G7 Portátil 35,6 cm (14"") 1920 x 1080 Pixeles Intel® Core™ i5 de 10ma Generación 8 GB DDR4-SDRAM 256 GB SSD Wi-",927.00
portatiles,Zbitt,Lenovo - ThinkPad E14 Portátil 35,6 cm (14"") 1920 x 1080 Pixeles Intel® Core™ i5 de 10ma Generación 8 GB DDR4-SDRAM 256 GB SSD W",929.00
portatiles,Zbitt,Lenovo - ThinkBook 14 Portátil Gris 35,6 cm (14"") 1920 x 1080 Pixeles Intel® Core™ i5 de 10ma Generación 16 GB DDR4-SDRAM 512 GB",929.00
portatiles,Zbitt,Lenovo - ThinkPad L13 Portátil 33,8 cm (13.3"") 1920 x 1080 Pixeles Intel® Core™ i5 de 11ma Generación 8 GB DDR4-SDRAM 256 GB SSD",929.00
portatiles,Zbitt,HP - ProBook 430 G7 DDR4-SDRAM Portátil 33,8 cm (13.3"") 1920 x 1080 Pixeles Intel® Core™ i5 de 10ma Generación 8 GB 256 GB SSD W",931.00
portatiles,Zbitt,Lenovo - ThinkBook 13s Portátil 33,8 cm (13.3"") 1920 x 1080 Pixeles Intel® Core™ i5 de 10ma Generación 8 GB DDR4-SDRAM 256 GB SS",938.00
portatiles,Zbitt,HP - K/340SG7 i5-1035G1 14 8GB/256+SC165,941.00
portatiles,Zbitt,MSI - Modern 14 B10RBSW-064XES Portátil 35,6 cm (14"") 1920 x 1080 Pixeles Intel® Core™ i7 de 10ma Generación 16 GB DDR4-SDRAM 51",942.00
portatiles,Zbitt,ASUS - C436FAFlip i5-10210U 8G256GWhi 14Chrome,943.00
portatiles,Zbitt,HP - ProBook 440 G8 DDR4-SDRAM Portátil 35,6 cm (14"") 1920 x 1080 Pixeles Intel® Core™ i5 de 11ma Generación 8 GB 256 GB SSD Wi-",945.00
portatiles,Zbitt,DELL - Vostro 5402 DDR4-SDRAM Portátil 35,6 cm (14"") 1920 x 1080 Pixeles Intel® Core™ i5 de 11ma Generación 8 GB 512 GB SSD Wi-F",946.00
portatiles,Zbitt,ASUS - C434TA FLIP I5-8200Y 8/128 14 CHROM,949.00
portatiles,Zbitt,HP - ProBook 430 G8 DDR4-SDRAM Portátil 33,8 cm (13.3"") 1920 x 1080 Pixeles Intel® Core™ i5 de 11ma Generación 8 GB 256 GB SSD W",951.00
portatiles,Zbitt,Microsoft - Surface Laptop Go Portátil 31,6 cm (12.4"") 1536 x 1024 Pixeles Pantalla táctil Intel® Core™ i5 de 10ma G - TNU-00012",951.00
portatiles,Zbitt,Lenovo - CTO/TP X390 i5-8265U 8GB 256GB W10P,952.00
portatiles,Zbitt,DELL - Vostro 5502 DDR4-SDRAM Portátil 39,6 cm (15.6"") 1920 x 1080 Pixeles Intel® Core™ i5 de 11ma Generación 8 GB 512 GB SSD Wi",954.00
portatiles,Zbitt,Acer - Chromebook CB714-1W-54WB Gris 35,6 cm (14"") 1920 x 1080 Pixeles 8ª generación de procesadores Intel® Core™ i5 8 GB DDR4-S",958.00
portatiles,Zbitt,Acer - Chromebook CB715-1W-54NE Gris 39,6 cm (15.6"") 1920 x 1080 Pixeles 8ª generación de procesadores Intel® Core™ i5 8 GB DDR4",958.00
portatiles,Zbitt,HP - ProBook 450 G7 Portátil 39,6 cm (15.6"") 1920 x 1080 Pixeles Intel® Core™ i5 de 10ma Generación 8 GB DDR4-SDRAM 256 GB SSD W",961.00
portatiles,Zbitt,ASUS - VivoBook Flip TP412FA-EC655T - Ordenador Portátil de 14"" Full HD (Intel Core i7-10510U, 8GB RAM, 512GB SSD, Intel UHD Gra",962.00
portatiles,Zbitt,Toshiba - SAT PR C50-G-10P i7-10510U 16G 512G W10P,966.00
portatiles,Zbitt,MSI - Modern 14 B10MW-473XES DDR4-SDRAM Portátil 35,6 cm (14"") 1920 x 1080 Pixeles Intel® Core™ i7 de 10ma Generación 16 GB 1000",967.00
portatiles,Zbitt,Huawei - Matebook 14 R5-16-512 Non-Touchscreen,967.00
portatiles,Zbitt,HP - ProBook 450 G8 DDR4-SDRAM Portátil 39,6 cm (15.6"") 1920 x 1080 Pixeles Intel® Core™ i5 de 11ma Generación 8 GB 256 GB SSD W",967.00
portatiles,Zbitt,Lenovo - ThinkPad E15 Portátil 39,6 cm (15.6"") 1920 x 1080 Pixeles Intel® Core™ i5 de 10ma Generación 16 GB DDR4-SDRAM 512 GB SS",968.00
portatiles,Zbitt,MSI - Modern 14 B10RBSW-420XES DDR4-SDRAM Portátil 35,6 cm (14"") 1920 x 1080 Pixeles Intel® Core™ i7 de 10ma Generación 16 GB 51",974.00
portatiles,Zbitt,MSI - Modern 14 B10RBSW-419XES Portátil 35,6 cm (14"") 1920 x 1080 Pixeles Intel® Core™ i7 de 10ma Generación 16 GB DDR4-SDRAM 10",974.00
portatiles,Zbitt,HP - K/340SG7 i5-1035G1 14 8GB/256+SC260,977.00
portatiles,Zbitt,Lenovo - ThinkBook 14 Portátil 35,6 cm (14"") 1920 x 1080 Pixeles Intel® Core™ i5 de 11ma Generación 16 GB DDR4-SDRAM 512 GB SSD ",978.00
portatiles,Zbitt,Lenovo - ThinkBook 15 Portátil 39,6 cm (15.6"") 1920 x 1080 Pixeles Intel® Core™ i5 de 11ma Generación 16 GB DDR4-SDRAM 512 GB SS",978.00
portatiles,Zbitt,MSI - Bravo 15 A4DDR-217XES Portátil 39,6 cm (15.6"") 1920 x 1080 Pixeles AMD Ryzen 7 16 GB DDR4-SDRAM 512 GB SSD AMD Radeon RX 5",981.00
portatiles,Zbitt,Lenovo - THINKBOOK 14 G2 ITL CI5-11-8GB SYST WITH MICROSOFT 365 BUSINESS STAN,982.00
portatiles,Zbitt,ASUS - VivoBook S15 S533EA-BN147T - Ordenador Portátil de 15.6"" Full HD (Intel Core i7-1165G7, 16GB RAM, 512GB SSD, Intel Iris X",982.00
portatiles,Zbitt,DELL - Latitude 3510 DDR4-SDRAM Portátil 39,6 cm (15.6"") 1920 x 1080 Pixeles Intel® Core™ i5 de 10ma Generación 8 GB 512 GB SSD ",987.00
portatiles,Zbitt,Acer - TMP214-53 Ci71165G7 16GB 512GBSSD W10P,988.00
portatiles,Zbitt,DELL - Vostro 3500 DDR4-SDRAM Portátil 39,6 cm (15.6"") 1920 x 1080 Pixeles Intel® Core™ i7 de 11ma Generación 8 GB 512 GB SSD NV",994.00
portatiles,Zbitt,HP - ProBook 440 G8 DDR4-SDRAM Portátil 35,6 cm (14"") 1920 x 1080 Pixeles Intel® Core™ i5 de 11ma Generación 16 GB 512 GB SSD Wi",999.00
portatiles,Zbitt,Lenovo - E14 I5-10210U 8/256GB W10P,1004.00
portatiles,Zbitt,Lenovo - THINKBOOK 15 G2 ITL CI3-11-8GB SYST WITH OFFICE HOME AND BUSINESS 20,1005.00
portatiles,Zbitt,Lenovo - ThinkPad E15 Portátil 39,6 cm (15.6"") 1920 x 1080 Pixeles Intel® Core™ i5 de 11ma Generación 16 GB DDR4-SDRAM 512 GB SS",1000.00
portatiles,Zbitt,DELL - Latitude 5510 DDR4-SDRAM Portátil 39,6 cm (15.6"") 1920 x 1080 Pixeles Intel® Core™ i5 de 10ma Generación 8 GB 256 GB SSD ",1005.00
portatiles,Zbitt,DELL - Vostro 5301 LPDDR4-SDRAM Portátil 33,8 cm (13.3"") 1920 x 1080 Pixeles Intel® Core™ i7 de 11ma Generación 8 GB 512 GB SSD ",1005.00
portatiles,Zbitt,DELL - Vostro 5502 DDR4-SDRAM Portátil 39,6 cm (15.6"") 1920 x 1080 Pixeles Intel® Core™ i5 de 11ma Generación 8 GB 512 GB SSD NV",1005.00
portatiles,Zbitt,Lenovo - THINKBOOK 15 G2 ITL CI5-11 -8GBSYST WITH MICROSOFT 365 BUSINESS STAN,1009.00
portatiles,Zbitt,ASUS - ZenBook 14 UM425IA-AM006T - Ordenador Portátil de "" Full HD (AMD Ryzen 7 4700U, 16GB RAM, 512GB SSD, AMD Radeon Graphics,",1005.00
portatiles,Zbitt,DELL - Latitude 3410 DDR4-SDRAM Portátil 35,6 cm (14"") 1920 x 1080 Pixeles Intel® Core™ i5 de 10ma Generación 8 GB 512 GB SSD Wi",1007.00
portatiles,Zbitt,Fujitsu - LIFEBOOK E5510 I5-10210U 8GB SYST SSD256 15.6IN FP SCARD CMARA IR,1012.00
portatiles,Zbitt,Fujitsu - LIFEBOOK E5510 DDR4-SDRAM Portátil 39,6 cm (15.6"") 1920 x 1080 Pixeles Intel® Core™ i5 de 10ma Generación 8 GB 256 GB ",1007.00
portatiles,Zbitt,HP - Pavilion 15-eg0001ns DDR4-SDRAM Portátil 39,6 cm (15.6"") 1920 x 1080 Pixeles Intel® Core™ i7 de 11ma Generación 8 GB 512 GB",1010.00
portatiles,Zbitt,MSI - MODERN 14 B11M-090XES I7-1165G7SYST 512GB 16GB 14IN NOOS,1013.00
portatiles,Zbitt,MSI - Modern B11M-091XES Portátil 35,6 cm (14"") 1920 x 1080 Pixeles Intel® Core™ i7 de 11ma Generación 16 GB DDR4-SDRAM 512 GB S",1013.00
portatiles,Zbitt,Microsoft - Surface Laptop Go Portátil 31,6 cm (12.4"") 1536 x 1024 Pixeles Pantalla táctil Intel® Core™ i5 de 10ma G - 21M-00012",1015.00
portatiles,Zbitt,HP - ProBook 440 G7 Portátil 35,6 cm (14"") 1920 x 1080 Pixeles Intel® Core™ i5 de 10ma Generación 16 GB DDR4-SDRAM 512 GB SSD Wi",1016.00
portatiles,Zbitt,Lenovo - THINKBOOK 14 G2 ITL CI3-11-8GB SYST WITH OFFICE HOME AND BUSINESS 20,1018.00
portatiles,Zbitt,Lenovo - THINKBOOK 13S G2 ITL CI5-1135G7SYST 16GB 512GB_SSD 13.3IN W10PRO IN,1021.00
portatiles,Zbitt,Acer - CP713-2W Ci710510U 16GB 256GBSSD Chrome,1022.00
portatiles,Zbitt,ASUS - VivoBook S14 S433EA-AM612T - Ordenador Portátil de 14"" Full HD (Intel Core i7-1165G7, 16GB RAM, 512GB SSD, Intel Iris Xe ",1024.00
portatiles,Zbitt,Toshiba - TECRA A30-G 116 CI5-10210U SYST 8GB 256GB 13.3IN W10P ES,1026.00
portatiles,Zbitt,HP - ProBook 450 G8 DDR4-SDRAM Portátil 39,6 cm (15.6"") 1920 x 1080 Pixeles Intel® Core™ i5 de 11ma Generación 16 GB 512 GB SSD ",1026.00
portatiles,Zbitt,HP - ProBook 430 G8 DDR4-SDRAM Portátil 33,8 cm (13.3"") 1920 x 1080 Pixeles Intel® Core™ i5 de 11ma Generación 16 GB 512 GB SSD ",1026.00
portatiles,Zbitt,MSI - Gaming GF63 10SCSR-876XES Thin Portátil 39,6 cm (15.6"") 1920 x 1080 Pixeles Intel® Core™ i7 de 10ma Generación 16 GB DDR4-",1028.00
portatiles,Zbitt,MSI - MODERN A10RBS-484XES I7-10510U SYST 1TB 16GB 15.6IN MX350 2GB NOOS,1028.00
portatiles,Zbitt,HP - ProBook 430 G7 Portátil 33,8 cm (13.3"") 1920 x 1080 Pixeles Intel® Core™ i5 de 10ma Generación 16 GB DDR4-SDRAM 512 GB SSD ",1033.00
portatiles,Zbitt,ASUS - ZenBook 14 UX425EA-BM136T - Ordenador Portátil de "" Full HD (Intel Core i5-1135G7, 16GB RAM, 512GB SSD, Intel Iris Xe Gra",1033.00
portatiles,Zbitt,Lenovo - E15 GEN 2-ITU T CI5-11 -8GB 256SYST WITH MICROSOFT 365 BUSINESS STAN,1034.00
portatiles,Zbitt,HP - ProBook 640 G8 DDR4-SDRAM Portátil 35,6 cm (14"") 1920 x 1080 Pixeles Intel® Core™ i5 de 11ma Generación 8 GB 256 GB SSD Wi-",1036.00
portatiles,Zbitt,HP - ProBook x360 435 G7 DDR4-SDRAM Híbrido (2-en-1) 33,8 cm (13.3"") 1920 x 1080 Pixeles Pantalla táctil AMD Ryzen 5 8 GB 256 GB",1036.00
portatiles,Zbitt,Dynabook - Satellite Pro L50-G-159 DDR4-SDRAM Portátil 39,6 cm (15.6"") 1920 x 1080 Pixeles Intel® Core™ i5 de 10ma Generación 8 ",1040.00
portatiles,Zbitt,HP - ProBook x360 435 G7 DDR4-SDRAM Híbrido (2-en-1) 33,8 cm (13.3"") 1920 x 1080 Pixeles Pantalla táctil AMD Ryzen 5 16 GB 512 G",1041.00
portatiles,Zbitt,Lenovo - ThinkBook 14s Yoga Híbrido (2-en-1) 35,6 cm (14"") 1920 x 1080 Pixeles Pantalla táctil Intel® Core™ i5 de 11ma Generació",1041.00
portatiles,Zbitt,Lenovo - CTO/TP X390 i5-8265U 8GB 512GB W10H,1041.00
portatiles,Zbitt,MSI - Modern 14 B11SB-009XES Portátil 35,6 cm (14"") 1920 x 1080 Pixeles Intel® Core™ i7 de 11ma Generación 16 GB DDR4-SDRAM 512 ",1042.00
portatiles,Zbitt,Lenovo - ThinkBook 15 Portátil 39,6 cm (15.6"") 1920 x 1080 Pixeles Intel® Core™ i7 de 10ma Generación 16 GB DDR4-SDRAM 512 GB SS",1045.00
portatiles,Zbitt,HP - Pavilion 14-dv0010ns DDR4-SDRAM Portátil 35,6 cm (14"") 1920 x 1080 Pixeles Intel® Core™ i7 de 11ma Generación 16 GB 1000 GB",1053.00
portatiles,Zbitt,ASUS - WORK I7-10510U 8/256 14 FLIP CHROME,1057.00
portatiles,Zbitt,Lenovo - ThinkBook 14 Portátil 35,6 cm (14"") 1920 x 1080 Pixeles Intel® Core™ i7 de 10ma Generación 16 GB DDR4-SDRAM 512 GB SSD ",1060.00
portatiles,Zbitt,Lenovo - TP L13 Yoga G2 I5-1135G7 8GB 256GB W10P,1060.00
portatiles,Zbitt,Lenovo - TP L13 Clam G2 I5-1135G7 16GB 512GB W10P,1060.00
portatiles,Zbitt,HP - ProBook 635 Aero G7 DDR4-SDRAM Portátil 33,8 cm (13.3"") 1920 x 1080 Pixeles AMD Ryzen 5 PRO 8 GB 256 GB SSD Wi-Fi 6 (802.11",1068.00
portatiles,Zbitt,Lenovo - ThinkBook 15 DDR4-SDRAM Portátil 39,6 cm (15.6"") 1920 x 1080 Pixeles Intel® Core™ i7 de 11ma Generación 16 GB 512 GB SS",1068.00
portatiles,Zbitt,Toshiba - PBS12E-09E019CE L50-G-1EF CEL SYST DDR4 2666 8GB 15.6 IN W10P 1Y SP SP,1068.00
portatiles,Zbitt,Lenovo - ThinkBook 14 DDR4-SDRAM Portátil 35,6 cm (14"") 1920 x 1080 Pixeles Intel® Core™ i7 de 11ma Generación 16 GB 512 GB SSD ",1068.00
portatiles,Zbitt,ASUS - ZenBook 14 BX425EA-BM200R - Ordenador Portátil de "" Full HD (Intel Core i5-1135G7, 8GB RAM, 512GB SSD, Intel Iris Xe Grap",1071.00
portatiles,Zbitt,DELL - Latitude 5310 DDR4-SDRAM Híbrido (2-en-1) 33,8 cm (13.3"") 1920 x 1080 Pixeles Pantalla táctil Intel® Core™ i5 de 10ma Gen",1071.00
portatiles,Zbitt,MSI - Modern 15 A11M-045XES Portátil 39,6 cm (15.6"") 1920 x 1080 Pixeles Intel® Core™ i7 de 11ma Generación 16 GB DDR4-SDRAM 512",1074.00
portatiles,Zbitt,Lenovo - L13 CLAM G2 T CI5-11 -8GB 256GBSYST WITH MICROSOFT 365 BUSINESS STAN,1075.00
portatiles,Zbitt,Microsoft - Surface Pro 7+i5/8/128 EDU Plat Nord,1076.00
portatiles,Zbitt,Acer - TMP414-51 Ci51135G7 16GB 512GBSSD W10P - NX.VPCEB.001,1080.00
portatiles,Zbitt,MSI - Alpha 15 A4DEK-006XES Portátil 39,6 cm (15.6"") 1920 x 1080 Pixeles AMD Ryzen 7 16 GB DDR4-SDRAM 512 GB SSD AMD Radeon RX 5",1082.00
portatiles,Zbitt,DELL - Latitude 3301 LPDDR3-SDRAM Portátil 33,8 cm (13.3"") 1920 x 1080 Pixeles 8ª generación de procesadores Intel® Core™ i7 8 G",1083.00
portatiles,Zbitt,ASUS - Zenbook I5-1135G7 8G 512G Grey 14 W10P,1084.00
portatiles,Zbitt,HP - K/340SG7 i5-1035G1 14 8GB/256+A460UC,1085.00
portatiles,Zbitt,HP - K/340SG7 i5-1035G1 14 8GB/256+A460T,1085.00
portatiles,Zbitt,Lenovo - TP L15 G1 T I5-10210U 8GB 512GB W10P,1087.00
portatiles,Zbitt,Lenovo - ThinkPad L14 Portátil 35,6 cm (14"") 1920 x 1080 Pixeles Intel® Core™ i5 de 10ma Generación 8 GB DDR4-SDRAM 256 GB SSD W",1087.00
portatiles,Zbitt,HP - EliteBook 755 G5 Portátil 39,6 cm (15.6"") 1920 x 1080 Pixeles AMD Ryzen 7 8 GB DDR4-SDRAM 256 GB SSD Wi-Fi 5 (802.11ac) Fre",1102.00
portatiles,Zbitt,Fujitsu - LIFEBOOK E5510 Portátil 39,6 cm (15.6"") 1920 x 1080 Pixeles Intel® Core™ i5 de 10ma Generación 16 GB DDR4-SDRAM 512 GB",1105.00
portatiles,Zbitt,Lenovo - THINKBOOK 14 G2 ITL CI5-11-8GB SYST WITH OFFICE HOME AND BUSINESS 20,1111.00
portatiles,Zbitt,DELL - Precision 3560 DDR4-SDRAM Estación de trabajo móvil 39,6 cm (15.6"") 1920 x 1080 Pixeles Intel® Core™ i5 de 11ma G - 0NDM4",1117.00
portatiles,Zbitt,ASUS - ZenBook 13 UX325JA-EG007T LPDDR4x-SDRAM Portátil 33,8 cm (13.3"") 1920 x 1080 Pixeles Intel® Core™ i7 de 10ma Generación 1",1119.00
portatiles,Zbitt,Lenovo - ThinkPad E15 Portátil 39,6 cm (15.6"") 1920 x 1080 Pixeles Intel® Core™ i7 de 11ma Generación 16 GB DDR4-SD - 20TD001JSP",1124.00
portatiles,Zbitt,LG - 14IN 14Z90N CI5G10 512 SSD SYST 8GB RAM SILVER W10H ES,1124.00
portatiles,Zbitt,Huawei - MateBook X Pro LPDDR3-SDRAM Portátil 35,3 cm (13.9"") 3000 x 2000 Pixeles Pantalla táctil Intel® Core™ i5 de 10ma Genera",1124.00
portatiles,Zbitt,MSI - Bravo 17 A4DDK-002XES Portátil 43,9 cm (17.3"") 1920 x 1080 Pixeles AMD Ryzen 7 16 GB DDR4-SDRAM 1000 GB SSD AMD Radeon RX ",1127.00
portatiles,Zbitt,Lenovo - TP L14 I5-10210U 8GB 512GB W10P,1134.00
portatiles,Zbitt,Acer - TravelMate P6 P614-51-G2-58XZ Portátil 35,6 cm (14"") 1920 x 1080 Pixeles Intel® Core™ i5 de 10ma Generación 8 GB DDR4-SDR",1135.00
portatiles,Zbitt,Microsoft - Surface Laptop Go Portátil 31,6 cm (12.4"") 1536 x 1024 Pixeles Pantalla táctil Intel® Core™ i5 de 10ma G - TNV-00012",1135.00
portatiles,Zbitt,Lenovo - THINKBOOK 15 G2 ITL CI5-11 -8GBSYST WITH OFFICE HOME AND BUSINESS 20,1137.00
portatiles,Zbitt,Lenovo - TP L13 CLAM G2 T CORE I5-1135G7SYST WITH MICROSOFT 365 BUSINESS STAN - 20VK000XSP#OFFICESTD,1141.00
portatiles,Zbitt,Acer - TravelMate X5 TMX514-51T Portátil 35,6 cm (14"") 1920 x 1080 Pixeles Pantalla táctil 8ª generación de procesadores Intel® ",1145.00
portatiles,Zbitt,Toshiba - PBS22E-00Q006CE L50-G-159 C5G10SYST 15.6IN W10P NOOD DDR4 8GB 1TB IN,1147.00
portatiles,Zbitt,"DELL - Latitude 5520 DDR4-SDRAM Portátil 39,6 cm (15.6"") 1920 x 1080 Pixeles Intel® Core™ i5 de 11ma Generación 8 GB 256 GB SSD ",1147.00
portatiles,Zbitt,"ASUS - TUF Gaming A17 FA706II-H7071 - Portátil Gaming de 17.3"" Full HD (Ryzen 7 4800H, 16GB RAM, 1TB SSD, GeForce GTX 1650 Ti 4G",1149.00
portatiles,Zbitt,"DELL - Latitude 5510 DDR4-SDRAM Portátil 39,6 cm (15.6"") 1920 x 1080 Pixeles Intel® Core™ i5 de 10ma Generación 8 GB 512 GB SSD ",1149.00
portatiles,Zbitt,DELL - Latitude 5320 DDR4-SDRAM Portátil 33,8 cm (13.3"") 1920 x 1080 Pixeles Intel® Core™ i5 de 11ma Generación 8 GB 256 GB SSD ",1151.00
portatiles,Zbitt,Acer - TMP414-51 Ci51135G7 16GB 512GBSSD W10P - NX.VPBEB.002,1152.00
portatiles,Zbitt,Lenovo - ThinkBook 14s Yoga DDR4-SDRAM Híbrido (2-en-1) 35,6 cm (14"") 1920 x 1080 Pixeles Pantalla táctil Intel® Core™ i5 de 11m",1153.00
portatiles,Zbitt,Lenovo - ThinkPad L13 Portátil 33,8 cm (13.3"") 1920 x 1080 Pixeles Intel® Core™ i7 de 11ma Generación 16 GB DDR4-SDRAM 512 GB SS",1153.00
portatiles,Zbitt,Acer - Chromebook Spin 13 CP713-1WN 34,3 cm (13.5"") 2256 x 1504 Pixeles Pantalla táctil 8ª generación de procesadores Intel® Cor",1157.00
portatiles,Zbitt,Lenovo - E15 GEN 2-ITU T CI5-11 -8GB 256SYST WITH OFFICE HOME AND BUSINESS 20,1163.00
portatiles,Zbitt,Toshiba - Portégé Z30-E-12M DDR4-SDRAM Portátil 33,8 cm (13.3"") 1920 x 1080 Pixeles 8ª generación de procesadores Intel® Core™ i",1164.00
portatiles,Zbitt,DELL - CTO/Insp13 7000 2in1 i5-10210U 8G512W10P,1168.00
portatiles,Zbitt,Lenovo - L13 CLAM G2 T CI5-11-16GB 256GBSYST WITH MICROSOFT 365 BUSINESS STAN,1168.00
portatiles,Zbitt,HP - ProBook 650 G8 DDR4-SDRAM Portátil 39,6 cm (15.6"") 1920 x 1080 Pixeles Intel® Core™ i5 de 11ma Generación 16 GB 512 GB SSD ",1169.00
portatiles,Zbitt,HP - ProBook 430 G8 DDR4-SDRAM Portátil 33,8 cm (13.3"") 1920 x 1080 Pixeles Intel® Core™ i7 de 11ma Generación 16 GB 512 GB SSD ",1172.00
portatiles,Zbitt,MSI - Modern 15 A11SB-066XES Portátil 39,6 cm (15.6"") 1920 x 1080 Pixeles Intel® Core™ i7 de 11ma Generación 16 GB DDR4-SDRAM 10",1180.00
portatiles,Zbitt,Lenovo - THINKBOOK 14S YOGA ITL CI5-11 SYST WITH MICROSOFT 365 BUSINESS STAN,1181.00
portatiles,Zbitt,Toshiba - Tecra A50-EC-10Z DDR4-SDRAM Portátil 39,6 cm (15.6"") 1920 x 1080 Pixeles 8ª generación de procesadores Intel® Core™ i7",1181.00
portatiles,Zbitt,Fujitsu - LB U7310 I7-10210U 13IN SYST W10 PRO SSD 256GB 8GB IN,1186.00
portatiles,Zbitt,MSI - Gaming GF75 10SER-427XES Thin Portátil 43,9 cm (17.3"") 1920 x 1080 Pixeles Intel® Core™ i7 de 10ma Generación 16 GB DDR4-S",1189.00
portatiles,Zbitt,Lenovo - TB 15 G2 I7-1165G7 8GB+8GB 512GB W10P,1192.00
portatiles,Zbitt,Lenovo - TP L13 Yoga G2 I5-1135G7 16GB 512GB W10P,1192.00
portatiles,Zbitt,ASUS - ZenBook 14 BX425JA-BM145R ordenador portatil Portátil Gris 35,6 cm (14"") 1920 x 1080 Pixeles Intel® Core™ i7 de 10ma Gene",1192.00
portatiles,Zbitt,LG - LG GRAM 14 I5 16GB RAM 512GB,1199.00
portatiles,Zbitt,Lenovo - ThinkPad L14 Portátil 35,6 cm (14"") 1920 x 1080 Pixeles Intel® Core™ i5 de 10ma Generación 16 GB DDR4-SDRAM 512 GB SSD ",1200.00
portatiles,Zbitt,Lenovo - L13 CLAM G2 T CI5-11 -8GB 256GBSYST WITH OFFICE HOME AND BUSINESS 20,1204.00
portatiles,Zbitt,Acer - TMP414-51 Ci71165G7 16GB 512GBSSD W10P,1206.00
portatiles,Zbitt,MSI - Gaming GF63 10SCSR-1051XES Thin DDR4-SDRAM Portátil 39,6 cm (15.6"") 1920 x 1080 Pixeles Intel® Core™ i7 de 10ma Generación",1208.00
portatiles,Zbitt,Fujitsu - LB E5510 15.6IN FHD I7-10510U SYST SSD 512GB 16 GB W10 PRO IN,1213.00
portatiles,Zbitt,Fujitsu - LB E5410 14IN I5-10210U SYST W10 PRO 8GB SSD 512GB IN,1213.00
portatiles,Zbitt,ASUS - ZenBook 14 UX425EA-BM094T - Ordenador Portátil de "" Full HD (Intel Core i7-1165G7, 16GB RAM, 512GB SSD, Intel Iris Xe Gra",1214.00
portatiles,Zbitt,ASUS - Zenbook I7-1165G7 16G512 Grey 13.3 W10H,1214.00
portatiles,Zbitt,ASUS - Zenbook i7-1165G7 16G512G Grey 14 W10H,1214.00
portatiles,Zbitt,ASUS - ZenBook 13 OLED UX325EA-KG245T - Ordenador Portátil de .3"" Full HD (Intel Core i7-1165G7, 16GB RAM, 512GB SSD, Intel Iris",1215.00
portatiles,Zbitt,Acer - TravelMate P6 P614-51-G2 Portátil 35,6 cm (14"") 1920 x 1080 Pixeles Intel® Core™ i7 de 10ma Generación 8 GB DDR4-SDRAM 51",1221.00
portatiles,Zbitt,ASUS - ExpertBook B9450FA-BM0306R Portátil Negro 35,6 cm (14"") 1920 x 1080 Pixeles Intel® Core™ i7 de 10ma Generación 16 GB LPDD",1224.00
portatiles,Zbitt,Fujitsu - LB U7410 14.0IN I510210U FHD SYST W10 PRO SSD 256GB 8 GB IN,1226.00
portatiles,Zbitt,Lenovo - ThinkPad E15 Portátil 39,6 cm (15.6"") 1920 x 1080 Pixeles Intel® Core™ i7 de 11ma Generación 16 GB DDR4-SD - 20TD002MSP",1227.00
portatiles,Zbitt,MSI - GF65 THIN 10SER-1256XES SYST I7-10750H 512GB 16GB 15.6IN RTX2,1234.00
portatiles,Zbitt,MSI - Modern 15 A11SB-011ES Portátil 39,6 cm (15.6"") 1920 x 1080 Pixeles Intel® Core™ i7 de 11ma Generación 16 GB DDR4-SDRAM 100",1234.00
portatiles,Zbitt,Apple - MacBook Air Portátil 33,8 cm (13.3"") 2560 x 1600 Pixeles Apple M 8 GB 256 GB SSD Wi-Fi 6 (802.11ax) macOS Big Sur Gris",1238.00
portatiles,Zbitt,Apple - MacBook Air Portátil 33,8 cm (13.3"") 2560 x 1600 Pixeles Apple M 8 GB 256 GB SSD Wi-Fi 6 (802.11ax) macOS Big Sur Oro",1238.00
portatiles,Zbitt,Apple - MacBook Air Portátil 33,8 cm (13.3"") 2560 x 1600 Pixeles Apple M 8 GB 256 GB SSD Wi-Fi 6 (802.11ax) macOS Big Sur Plata",1238.00
portatiles,Zbitt,HP - EliteBook x360 830 G6 Híbrido (2-en-1) 33,8 cm (13.3"") 1920 x 1080 Pixeles Pantalla táctil 8ª generación de procesadores In",1250.00
portatiles,Zbitt,MSI - MSI PORTATIL GL65 LEOPARD 10SDK-600XES. 15.6 FHD (1920*1080) 144Hz.i7-10750H. GTX 1660 Ti GDDR6 6GB. DDR4 16GB (2666MHz). ,1252.00
portatiles,Zbitt,MSI - MSI PORTATIL ALPHA 17 A4DEK-022XES. 17.3 FHD 144Hz. RYZEN 7 4800H. RX5600M GDDR6 6GB. DDR4 8GB*2 (3200MHz). 1TB SSD. FREE ,1255.00
portatiles,Zbitt,MSI - Gaming GF75 10SCSR-245XES ordenador portatil DDR4-SDRAM Portátil 43,9 cm (17.3"") 1920 x 1080 Pixeles Intel® Core™ i7 de 10",1255.00
portatiles,Zbitt,HP - ZBook 15v G5 DDR4-SDRAM Estación de trabajo móvil 39,6 cm (15.6"") 1920 x 1080 Pixeles 9na generación de procesadores Intel®",1257.00
portatiles,Zbitt,Lenovo - ThinkBook 14s Yoga Híbrido (2-en-1) 35,6 cm (14"") 1920 x 1080 Pixeles Pantalla táctil Intel® Core™ i7 de 11ma Generació",1258.00
portatiles,Zbitt,HP - ProBook 440 G8 DDR4-SDRAM Portátil 35,6 cm (14"") 1920 x 1080 Pixeles Intel® Core™ i7 de 11ma Generación 16 GB 512 GB SSD Wi",1261.00
portatiles,Zbitt,DELL - Precision 3550 DDR4-SDRAM Estación de trabajo móvil 39,6 cm (15.6"") 1920 x 1080 Pixeles Intel® Core™ i7 de 10ma Generació",1262.00
portatiles,Zbitt,Microsoft - Surface Laptop Go Portátil 31,6 cm (12.4"") 1536 x 1024 Pixeles Pantalla táctil Intel® Core™ i5 de 10ma G - 14M-00012",1264.00
portatiles,Zbitt,Acer - TMP414RN-51 CI5-1135G7 TOUCH SYST 16GB 512SSD 14IN W10PRO,1266.00
portatiles,Zbitt,Lenovo - TP L13 CLAM G2 T CORE I5-1135G7SYST WITH OFFICE HOME AND BUSINESS 20 - 20VK000XSP#OFFICE,1270.00
portatiles,Zbitt,Lenovo - ThinkBook 14s Yoga DDR4-SDRAM Híbrido (2-en-1) 35,6 cm (14"") 1920 x 1080 Pixeles Pantalla táctil Intel® Core™ i7 de 11m",1271.00
portatiles,Zbitt,Lenovo - TP L13 CLAM G2 T CORE I5-1135G7SYST WITH MICROSOFT 365 BUSINESS STAN - 20VK000WSP#OFFICESTD,1274.00
portatiles,Zbitt,HP - EliteBook 735 G6 Portátil 33,8 cm (13.3"") 1920 x 1080 Pixeles AMD Ryzen 5 8 GB DDR4-SDRAM 256 GB SSD Wi-Fi 6 (802 - 9FT15EA",1278.00
portatiles,Zbitt,MSI - Gaming GF63 10SCXR-042XES Thin Portátil 39,6 cm (15.6"") 1920 x 1080 Pixeles Intel® Core™ i7 de 10ma Generación 16 GB DDR4-",1279.00
portatiles,Zbitt,MSI - GL65 LEO 10SFR-483XES I7-10750HSYST 512GB 16GB 15IN RTX2070 8GB NOOS,1285.00
portatiles,Zbitt,Acer - TravelMate P6 P614-51-G2-790A Portátil 35,6 cm (14"") 1920 x 1080 Pixeles Intel® Core™ i7 de 10ma Generación 16 GB DDR4-SD",1286.00
portatiles,Zbitt,MSI - Gaming GF63 10SCSR-835ES Thin Portátil 39,6 cm (15.6"") 1920 x 1080 Pixeles Intel® Core™ i7 de 10ma Generación 16 GB DDR4-S",1292.00
portatiles,Zbitt,Lenovo - L13 CLAM G2 T CI5-11-16GB 256GBSYST WITH OFFICE HOME AND BUSINESS 20,1297.00
portatiles,Zbitt,MSI - MSI PORTATIL GL75 LEOPARD 10SDK-278XES. 17.3 FHD 144Hz. i7-10750H. GTX 1660 Ti GDDR6 6GB. DDR4 16GB (2666MHz). 1TB SSD. FR,1297.00
portatiles,Zbitt,ASUS - ZenBook 13 BX325JA-EG081R Portátil 33,8 cm (13.3"") 1920 x 1080 Pixeles Intel® Core™ i7 de 10ma Generación 16 GB LPDDR4x-S",1298.00
portatiles,Zbitt,Lenovo - ThinkPad L15 Portátil 39,6 cm (15.6"") 1920 x 1080 Pixeles Intel® Core™ i7 de 10ma Generación 16 GB DDR4-SDRAM 512 GB SS",1301.00
portatiles,Zbitt,ASUS - TUF Gaming F15 FX506LU-HN106 - Portátil Gaming de 15.6"" Full HD (Core i7-10850H, 16GB RAM, 1TB SSD, GeForce GTX 1660 Ti 6",1306.00
portatiles,Zbitt,MSI - Modern 14 B11SB-008ES Portátil 35,6 cm (14"") 1920 x 1080 Pixeles Intel® Core™ i7 de 11ma Generación 16 GB DDR4-SDRAM 1000 ",1306.00
portatiles,Zbitt,Fujitsu - LB U7410 14.0IN FHD I510210U SYST SSD 512GB 16 GB W10 PRO IN,1307.00
portatiles,Zbitt,Microsoft - Surface Laptop 3 Portátil 38,1 cm (15"") 2496 x 1664 Pixeles Pantalla táctil Intel® Core™ i5 de 10ma Generación 8 GB ",1308.00
portatiles,Zbitt,Lenovo - THINKBOOK 14S YOGA ITL CI5-11 SYST WITH OFFICE HOME AND BUSINESS 20,1310.00
portatiles,Zbitt,HP - EliteBook 735 G6 Portátil 33,8 cm (13.3"") 1920 x 1080 Pixeles AMD Ryzen 5 8 GB DDR4-SDRAM 256 GB SSD Wi-Fi 5 (802 - 7KN29EA",1318.00
portatiles,Zbitt,Acer - EN314-51W I5-10210U 8/1TB IPS W10P,1322.00
portatiles,Zbitt,Lenovo - X13 RYZEN 5 8/256 W10P,1324.00
portatiles,Zbitt,Lenovo - ThinkBook 13s Portátil 33,8 cm (13.3"") 1920 x 1200 Pixeles Pantalla táctil Intel® Core™ i7 de 11ma Generación 16 GB LPD",1324.00
portatiles,Zbitt,Lenovo - ThinkBook 15p Portátil 39,6 cm (15.6"") 1920 x 1080 Pixeles Intel® Core™ i5 de 10ma Generación 16 GB DDR4-SDRAM 512 GB S",1324.00
portatiles,Zbitt,MSI - Gaming GF75 10SC-011XES Thin DDR4-SDRAM Portátil 43,9 cm (17.3"") 1920 x 1080 Pixeles Intel® Core™ i7 de 10ma Generación 16",1332.00
portatiles,Zbitt,Lenovo - TP L14 G1 T I7-10510U 16GB 512GB W10P,1333.00
portatiles,Zbitt,Apple - PORTATIL APPLE MACBOOK AIR 13 MBA 2020 GOLD M1 TID/CHIP M1 8C/16GB/SSD256GB/GPU 7C/13.3""",1337.00
portatiles,Zbitt,Apple - PORTATIL APPLE MACBOOK AIR 13 MBA 2020 GOLD M1 TID/CHIP M1 8C/8GB/SSD512GB/GPU 7C/13.3,1337.00
portatiles,Zbitt,Apple - PORTATIL APPLE MACBOOK AIR 13 MBA 2020 SP. GREY M1 TID/CHIP M1 8C/8GB/SSD512GB/GPU 7C/13.3""",1337.00
portatiles,Zbitt,Apple - PORTATIL APPLE MACBOOK AIR 13 MBA 2020 SILVER M1 TID/CHIP M1 8C/8GB/SSD512GB/GPU 7C/13.3""",1337.00
portatiles,Zbitt,Apple - PORTATIL APPLE MACBOOK AIR 13 MBA 2020 SILVER M1 TID/CHIP M1 8C/16GB/SSD256GB/GPU 7C/13.3""",1337.00
portatiles,Zbitt,HP - EliteBook 735 G6 Portátil 33,8 cm (13.3"") 1920 x 1080 Pixeles AMD Ryzen 5 8 GB DDR4-SDRAM 256 GB SSD Wi-Fi 5 (802 - 7KN14EA",1337.00
portatiles,Zbitt,Apple - PORTATIL APPLE MACBOOK AIR 13 MBA 2020 SP. GREY M1 TID/CHIP M1 8C/16GB/SSD256GB/GPU 7C/13.3,1337.00
portatiles,Zbitt,DELL - Latitude 7410 DDR4-SDRAM Portátil 35,6 cm (14"") 1920 x 1080 Pixeles Intel® Core™ i5 de 10ma Generación 8 GB 256 GB SSD Wi",1339.00
portatiles,Zbitt,MSI - Gaming GL65 10SER-468XES Leopard Portátil 39,6 cm (15.6"") 1920 x 1080 Pixeles Intel® Core™ i7 de 10ma Generación 16 GB DDR",1339.00
portatiles,Zbitt,Toshiba - Portégé X50-G-120 i5-10210U 8 512 W10P,1340.00
portatiles,Zbitt,DELL - Precision 3560 DDR4-SDRAM Estación de trabajo móvil 39,6 cm (15.6"") 1920 x 1080 Pixeles Intel® Core™ i5 de 11ma G - 1RY1N",1347.00
portatiles,Zbitt,MSI - STEALTH A11SDK-056XES I7-1185G7SYST 1TB 16GB 15.6IN GTX1660 6GB NOOS,1350.00
portatiles,Zbitt,MSI - GF75 THIN 10SDR-283ES I7-10750HSYST 1TB 16GB GTX1660 6GB 17.3IN W10 IN,1354.00
portatiles,Zbitt,Acer - Nitro 5 AN517-52-758K DDR4-SDRAM Portátil 43,9 cm (17.3"") 1920 x 1080 Pixeles Intel® Core™ i7 de 10ma Generación 16 GB 10",1358.00
portatiles,Zbitt,Acer - Predator Helios 300 PH315-53-71NT DDR4-SDRAM Portátil 39,6 cm (15.6"") 1920 x 1080 Pixeles Intel® Core™ i7 de 10ma Generac",1358.00
portatiles,Zbitt,Toshiba - PORTEGE X30-F-14V CI5-G8 13.3INSYST 8GB 512GB W10P SP,1364.00
portatiles,Zbitt,HP - EliteBook 735 G6 Portátil 33,8 cm (13.3"") 1920 x 1080 Pixeles AMD Ryzen 5 PRO 8 GB DDR4-SDRAM 256 GB SSD Wi-Fi 5 (802.11ac)",1365.00
portatiles,Zbitt,MSI - GF75 THIN 10SER-613XES SYST I7-10750H 512GB 16GB 17.3IN RTX2,1365.00
portatiles,Zbitt,HP - OMEN 15-ek0023ns DDR4-SDRAM Portátil 39,6 cm (15.6"") 1920 x 1080 Pixeles Intel® Core™ i7 de 10ma Generación 16 GB 1000 GB S",1377.00
portatiles,Zbitt,Toshiba - PORTEGE X30L-J-130 I5 8/256 13 W10P,1381.00
portatiles,Zbitt,DELL - Latitude 7310 DDR4-SDRAM Portátil 33,8 cm (13.3"") 1920 x 1080 Pixeles Intel® Core™ i5 de 10ma Generación 8 GB 256 GB SSD ",1381.00
portatiles,Zbitt,Acer - ConceptD CN315 i5-10300H 8GB512GBSSDW10H,1387.00
portatiles,Zbitt,Acer - ConceptD CN314 i5-10300H 8GB512GBSSDW10H,1387.00
portatiles,Zbitt,ASUS - (AGP/E) PORTATIL ASUS GA502DU-BQ030,RYZEN 7 3750H,16GB,512GB SSD,15,6 FHD WV,VGANVGTX1660TI/6GB,NO ODD,ENDLESS,4 CELDAS",1388.00
portatiles,Zbitt,Microsoft - Surface Laptop Go Portátil 31,6 cm (12.4"") 1536 x 1024 Pixeles Pantalla táctil Intel® Core™ i5 de 10ma G - 21O-00012",1388.00
portatiles,Zbitt,LG - 16IN I5 SYST 16GB 512GB SSD WIN HOME + BLACK,1388.00
portatiles,Zbitt,Lenovo - ThinkPad L14 Portátil 35,6 cm (14"") 1920 x 1080 Pixeles Intel® Core™ i7 de 10ma Generación 16 GB DDR4-SDRAM 512 GB SSD ",1390.00
portatiles,Zbitt,Toshiba - PORT X30L-J-131 i5-1135G7 16G 512G W10P,1391.00
portatiles,Zbitt,MSI - Gaming GF75 10UE-017XES Thin Portátil 43,9 cm (17.3"") 1920 x 1080 Pixeles Intel® Core™ i7 de 10ma Generación 16 GB DDR4-SD",1394.00
portatiles,Zbitt,HP - HP X2 1012 G2 I5-7200U 8/256 W10P,1397.00
portatiles,Zbitt,Lenovo - TP L13 CLAM G2 T CORE I5-1135G7SYST WITH OFFICE HOME AND BUSINESS 20 - 20VK000WSP#OFFICE,403.00
portatiles,Zbitt,Fujitsu - LB U7410 14.0IN FHD I7-10510U SYST W10 PRO 16 GB SSD 512GB IN,414.00
portatiles,Zbitt,ASUS - ZenBook 14 Ultralight UX435EAL-KC096T - Portátil de 14"" Full HD (i7-1165G7, 16GB RAM, 512GB SSD, 32GB Intel Optane, Intel",1417.00
portatiles,Zbitt,HP - EliteBook 735 G6 Portátil 33,8 cm (13.3"") 1920 x 1080 Pixeles AMD Ryzen 5 8 GB DDR4-SDRAM 256 GB SSD Wi-Fi 5 (802 - 7KP20EA",1418.00
portatiles,Zbitt,HP - EliteBook 745 G6 Portátil 35,6 cm (14"") 1920 x 1080 Pixeles Pantalla táctil AMD Ryzen 5 PRO 8 GB DDR4-SDRAM 512 GB SSD Wi-F",1424.00
portatiles,Zbitt,HP - EliteBook 850 G7 DDR4-SDRAM Portátil 39,6 cm (15.6"") 1920 x 1080 Pixeles Intel® Core™ i5 de 10ma Generación 8 GB 256 GB SSD",1427.00
portatiles,Zbitt,HP - EliteBook 735 G6 Portátil 33,8 cm (13.3"") 1920 x 1080 Pixeles AMD Ryzen 5 8 GB DDR4-SDRAM 256 GB SSD Wi-Fi 6 (802 - 7KP87EA",1439.00
portatiles,Zbitt,ASUS - ZenBook Flip UX363EA-EM189T Híbrido (2-en-1) 33,8 cm (13.3"") 1920 x 1080 Pixeles Pantalla táctil Intel® Core™ i7 de 11ma ",1444.00
portatiles,Zbitt,Microsoft - Surface Laptop 3 Portátil 34,3 cm (13.5"") 2256 x 1504 Pixeles Pantalla táctil Intel® Core™ i7 de 10ma Ge - PLA-00011",1446.00
portatiles,Zbitt,HP - EliteBook 735 G6 Portátil 33,8 cm (13.3"") 1920 x 1080 Pixeles Pantalla táctil AMD Ryzen 5 8 GB DDR4-SDRAM 512 GB SSD Wi-Fi ",1446.00
portatiles,Zbitt,Microsoft - Surface Laptop 3 Portátil 34,3 cm (13.5"") 2256 x 1504 Pixeles Pantalla táctil Intel® Core™ i7 de 10ma Ge - PLA-00032",1446.00
portatiles,Zbitt,Lenovo - L14 G1 I7-10510U 16/512GB LTE W10P,1456.00
portatiles,Zbitt,Lenovo - ThinkPad T15 Portátil 39,6 cm (15.6"") 1920 x 1080 Pixeles Intel® Core™ i5 de 10ma Generación 8 GB DDR4-SDRAM 256 GB SSD",1456.00
portatiles,Zbitt,LG - 15U70N-J Portátil 39,6 cm (15.6"") 2560 x 1600 Pixeles Intel® Core™ i7 de 10ma Generación 16 GB DDR4-SDRAM 512 GB SSD NVIDIA",1456.00
portatiles,Zbitt,MSI - Gaming GP65 10SEK-029ES Leopard Portátil 39,6 cm (15.6"") 1920 x 1080 Pixeles Intel® Core™ i7 de 10ma Generación 16 GB DDR4",1458.00
portatiles,Zbitt,Acer - (E) PORTATIL ACER PREDATOR HELIOS 300 PH315-53-77M4 (NH.Q7ZEB.003) 15.6, CI7-10750H, 16GB, 1TB SSD, GTX 2070 8",1462.00
portatiles,Zbitt,ASUS - TUF Dash F15 FX516PM-HN026 - Portátil Gaming de 15.6"" Full HD (Core i7-11370H, 16GB RAM, 1TB SSD, GeForce RTX 3060 6GB GD",1462.00
portatiles,Zbitt,HP - EliteBook 735 G6 Portátil 33,8 cm (13.3"") 1920 x 1080 Pixeles AMD Ryzen 5 8 GB DDR4-SDRAM 512 GB SSD Wi-Fi 5 (802.11ac) Win",1465.00
portatiles,Zbitt,Lenovo - THINKPAD L14 CI7-10510U-16GB 25SYST WITH MICROSOFT 365 BUSINESS STAN,1473.00
portatiles,Zbitt,ASUS - TUF Gaming A15 FA506QM-HN016 - Portátil Gaming de 15.6"" Full HD (Ryzen 7 5800H, 16GB RAM, 512GB SSD, GeForce RTX 3060 6GB",1473.00
portatiles,Zbitt,LG - LG GRAM 14 I7 16 GB RAM,1482.00
portatiles,Zbitt,DELL - Latitude 5310 DDR4-SDRAM Híbrido (2-en-1) 33,8 cm (13.3"") 1920 x 1080 Pixeles Pantalla táctil Intel® Core™ i7 de 10ma Gen",1484.00
portatiles,Zbitt,Acer - ConceptD CN315i5-10300H 8GB512GBSSDW10H,1494.00
portatiles,Zbitt,LG - Gram 14Z90N-V-AA78B Portátil 35,6 cm (14"") 1920 x 1080 Pixeles Intel® Core™ i7 de 10ma Generación 16 GB DDR4-SDRAM 512 GB S",1497.00
portatiles,Zbitt,MSI - Gaming GF65 10UE-033ES Thin DDR4-SDRAM Portátil 39,6 cm (15.6"") 1920 x 1080 Pixeles Intel® Core™ i7 de 10ma Generación 16 ",1500.00
portatiles,Zbitt,MSI - WF65 10TH-1203XES I7-10750H SYST 1T 16G 15.6IN QUAD P620 4GB NOOS EN,1501.00
portatiles,Zbitt,HP - HP EBx3601030G3 i5-8350U 13 8GB/256 PC,1532.00
portatiles,Zbitt,Apple - MacBook Air Portátil 33,8 cm (13.3"") 2560 x 1600 Pixeles Apple M 8 GB 512 GB SSD Wi-Fi 6 (802.11ax) macOS Big Sur Oro",1535.00
portatiles,Zbitt,Apple - MacBook Air Portátil 33,8 cm (13.3"") 2560 x 1600 Pixeles Apple M 8 GB 512 GB SSD Wi-Fi 6 (802.11ax) macOS Big Sur Plata",1535.00
portatiles,Zbitt,Apple - MacBook Air Portátil 33,8 cm (13.3"") 2560 x 1600 Pixeles Apple M 8 GB 512 GB SSD Wi-Fi 6 (802.11ax) macOS Big Sur Gris",1535.00
portatiles,Zbitt,Microsoft - Surface Laptop 3 Portátil 34,3 cm (13.5"") 2256 x 1504 Pixeles Pantalla táctil Intel® Core™ i7 de 10ma Ge - QXS-00011",1536.00
portatiles,Zbitt,HP - EliteBook 735 G6 Portátil 33,8 cm (13.3"") 1920 x 1080 Pixeles AMD Ryzen 5 16 GB DDR4-SDRAM 512 GB SSD Wi-Fi 5 (802.11ac) Wi",1536.00
portatiles,Zbitt,Gigabyte - AORUS 15G KC Portátil 39,6 cm (15.6"") 1920 x 1080 Pixeles Intel® Core™ i7 de 10ma Generación 16 GB DDR4-SDRAM 512 GB ",1549.00
portatiles,Zbitt,HP - OMEN 15-ek0024ns DDR4-SDRAM Portátil 39,6 cm (15.6"") 1920 x 1080 Pixeles Intel® Core™ i7 de 10ma Generación 16 GB 1000 GB S",1550.00
portatiles,Zbitt,MSI - Prestige 15 A11SCX-018ES Portátil 39,6 cm (15.6"") 1920 x 1080 Pixeles Intel® Core™ i7 de 11ma Generación 16 GB DDR4-SDRAM ",1554.00
portatiles,Zbitt,MSI - Prestige A11SCX-002ES Portátil 35,6 cm (14"") 1920 x 1080 Pixeles Intel® Core™ i7 de 11ma Generación 16 GB LPDDR4-SDRAM 100",1565.00
portatiles,Zbitt,Toshiba - PORT X30W-J-10P i5-1135G7 16G 512G W10P,1569.00
portatiles,Zbitt,MSI - Prestige 14 A11SCX-060ES Portátil 35,6 cm (14"") 1920 x 1080 Pixeles Intel® Core™ i7 de 11ma Generación 16 GB LPDDR4-SDRAM ",1576.00
portatiles,Zbitt,DELL - Latitude 9510 LPDDR3-SDRAM Ultraportátil 38,1 cm (15"") 1920 x 1080 Pixeles Intel® Core™ i5 de 10ma Generación 8 GB 256 GB",1577.00
portatiles,Zbitt,Microsoft - Surface Laptop 3 Portátil 38,1 cm (15"") 2496 x 1664 Pixeles Pantalla táctil AMD Ryzen 5 8 GB DDR4-SDRAM 256 GB SSD W",1579.00
portatiles,Zbitt,LG - 14IN I7 SYST 16GB 1TB SSD WIN HOME + BLACK,1581.00
portatiles,Zbitt,MSI - Gaming GP75 10SEK-018ES Leopard Portátil 43,9 cm (17.3"") 1920 x 1080 Pixeles Intel® Core™ i7 de 10ma Generación 16 GB DDR4",1587.00
portatiles,Zbitt,Apple - MacBook Pro Portátil 33,8 cm (13.3"") 2560 x 1600 Pixeles Apple M 8 GB 256 GB SSD Wi-Fi 6 (802.11ax) macOS Big Sur Gris",1589.00
portatiles,Zbitt,Apple - MacBook Pro Portátil 33,8 cm (13.3"") 2560 x 1600 Pixeles Apple M 8 GB 256 GB SSD Wi-Fi 6 (802.11ax) macOS Big Sur Plata",1589.00
portatiles,Zbitt,Acer - ConceptD CN314 i5-10300H 8GB512GBSSDW10P,1601.00
portatiles,Zbitt,Lenovo - ThinkPad P15v Estación de trabajo móvil 39,6 cm (15.6"") 1920 x 1080 Pixeles Intel® Core™ i7 de 10ma Generación 16 GB DD",1601.00
portatiles,Zbitt,Acer - ConceptD CN314 i7-10750H 16GB1024GBSSDWP,1601.00
portatiles,Zbitt,Lenovo - THINKPAD L14 CI7-10510U-16GB 25SYST WITH OFFICE HOME AND BUSINESS 20,1602.00
portatiles,Zbitt,Gigabyte - AORUS 15P WB-7PT1130SD Portátil 39,6 cm (15.6"") 1920 x 1080 Pixeles Intel® Core™ i7 de 10ma Generación 16 GB DDR4-SDR",604.00
portatiles,Zbitt,Apple - MacBook Pro Portátil 33,8 cm (13.3"") 2560 x 1600 Pixeles 8ª generación de procesadores Intel® Core™ i5 8 GB LPDDR3-SDRAM",604.00
portatiles,Zbitt,MSI - Prestige 14 A11SCS-039ES LPDDR4-SDRAM Portátil 35,6 cm (14"") 1920 x 1080 Pixeles Intel® Core™ i7 de 11ma Generación 16 GB ",607.00
portatiles,Zbitt,Lenovo - CTO/TP X1 I7-8650 16G 256G 4G W10P UK 1N,620.00
portatiles,Zbitt,HP - Elite Dragonfly LPDDR3-SDRAM Híbrido (2-en-1) 33,8 cm (13.3"") 1920 x 1080 Pixeles Pantalla táctil 8ª generación d - 8MK78EA",1623.00
portatiles,Zbitt,HP - EliteBook x360 1030 G4 LPDDR3-SDRAM Híbrido (2-en-1) 33,8 cm (13.3"") 1920 x 1080 Pixeles Pantalla táctil 8ª generación de p",1623.00
portatiles,Zbitt,LG - Gram 15Z95N-G.AA78B ordenador portatil LPDDR4x-SDRAM Portátil 39,6 cm (15.6"") 1920 x 1080 Pixeles Intel® Core™ i7 de 10ma G",1629.00
portatiles,Zbitt,MSI - Prestige 15 A11SCS-031ES Portátil 39,6 cm (15.6"") 1920 x 1080 Pixeles Intel® Core™ i7 de 11ma Generación 16 GB DDR4-SDRAM ",1630.00
portatiles,Zbitt,Lenovo - P15V I7-10750H 16/512 W10P PS,1641.00
portatiles,Zbitt,Lenovo - ThinkPad P14s Estación de trabajo móvil 35,6 cm (14"") 1920 x 1080 Pixeles Intel® Core™ i7 de 10ma Generación 16 GB DDR4",1654.00
portatiles,Zbitt,HP - EliteBook 830 G7 DDR4-SDRAM Portátil 33,8 cm (13.3"") 1920 x 1080 Pixeles Intel® Core™ i5 de 10ma Generación 16 GB 512 GB SS",1659.00
portatiles,Zbitt,DELL - Precision 3551 DDR4-SDRAM Estación de trabajo móvil 39,6 cm (15.6"") 1920 x 1080 Pixeles Intel® Core™ i7 de 10ma Generació",1673.00
portatiles,Zbitt,MSI - Gaming GF75 10UE-016ES Thin Portátil 43,9 cm (17.3"") 1920 x 1080 Pixeles Intel® Core™ i7 de 10ma Generación 16 GB DDR4-SDR",1679.00
portatiles,Zbitt,LG - LG GRAM 16 I7 16GB RAM 512 MB,1680.00
portatiles,Zbitt,Lenovo - P15S I7-10510U 16/512 P520 W10P PS,1682.00
portatiles,Zbitt,MSI - Creator 15 A10SD-276ES Portátil 39,6 cm (15.6"") 1920 x 1080 Pixeles Intel® Core™ i7 de 10ma Generación 32 GB DDR4-SDRAM 10",1690.00
portatiles,Zbitt,HP - EliteBook 840 G7 DDR4-SDRAM Ultraportátil 35,6 cm (14"") 1920 x 1080 Pixeles Intel® Core™ i5 de 10ma Generación 16 GB 512 GB",1695.00
portatiles,Zbitt,Acer - ConceptD CN314 i7-10750H8GB1024GBSSDW10P,1707.00
portatiles,Zbitt,Lenovo - ThinkPad P14s DDR4-SDRAM Estación de trabajo móvil 35,6 cm (14"") 1920 x 1080 Pixeles Intel® Core™ i7 de 10ma Generación",1709.00
portatiles,Zbitt,HP - EliteBook 850 G7 DDR4-SDRAM Portátil 39,6 cm (15.6"") 1920 x 1080 Pixeles Intel® Core™ i5 de 10ma Generación 16 GB 512 GB SS",1715.00
portatiles,Zbitt,Lenovo - TP X13 I5-10210U 16GB 512GB W10P,1719.00
portatiles,Zbitt,Lenovo - TB PLUS I5-10210U 8GB 512GB W10P,1719.00
portatiles,Zbitt,LG - Ultra Portátil 43,2 cm (17"") 2560 x 1600 Pixeles Intel® Core™ i7 de 10ma Generación 16 GB DDR4-SDRAM 512 GB SSD NVIDIA® GeF",1720.00
portatiles,Zbitt,LG - Gram Híbrido (2-en-1) 35,6 cm (14"") 1920 x 1080 Pixeles Pantalla táctil Intel® Core™ i7 de 10ma Generación 16 GB DDR4-SDRAM",1722.00
portatiles,Zbitt,MSI - Creator 15 A10SD-490XES DDR4-SDRAM Portátil 39,6 cm (15.6"") 1920 x 1080 Pixeles Intel® Core™ i7 de 10ma Generación 32 GB 1",1731.00
portatiles,Zbitt,Lenovo - ThinkBook 15p Portátil 39,6 cm (15.6"") 3840 x 2160 Pixeles Intel® Core™ i7 de 10ma Generación 16 GB DDR4-SDRAM 1000 GB ",1733.00
portatiles,Zbitt,Lenovo - ThinkPad P14s (Intel) Estación de trabajo móvil 35,6 cm (14"") 1920 x 1080 Pixeles Intel® Core™ i7 de 10ma Generación 16",1734.00
portatiles,Zbitt,ASUS - Expertbook i710510U 16G 1TSSD 14 W10P,1738.00
portatiles,Zbitt,ASUS - ExpertBook B9 B9400CEA-KC0304R - Ordenador Portátil de 14"" Full HD (Intel Core i7-1165G7, 16GB RAM, 1TB SSD, Intel Iris X",1758.00
portatiles,Zbitt,LG - 17IN COREI7 1.5 NOOS SYST 16GB RAM 512GB SSD IN,1766.00
portatiles,Zbitt,ASUS - ROG Zephyrus G14 GA401IU-HA123T - Portátil Gaming de 14"" Quad HD (Ryzen 9 4900HS, 16GB RAM, 1TB SSD, GTX 1660 Ti 6GB GDDR",1776.00
portatiles,Zbitt,DELL - Latitude 9410 LPDDR3-SDRAM Ultraportátil 35,6 cm (14"") 1920 x 1080 Pixeles Pantalla táctil Intel® Core™ i7 de 10ma Genera",1779.00
portatiles,Zbitt,MSI - Gaming GP66 10UE-065ES Leopard Portátil 39,6 cm (15.6"") 1920 x 1080 Pixeles Intel® Core™ i7 de 10ma Generación 16 GB DDR4-",1783.00
portatiles,Zbitt,Lenovo - P14S I7-10510U 16/512 P520 W10P PS,1785.00
portatiles,Zbitt,Lenovo - P15V I7-10750H 16/512 P620 W10P PS,1785.00
portatiles,Zbitt,MSI - Creator 15 A10SDT-065ES Portátil Carbono, Gris 39,6 cm (15.6"") 1920 x 1080 Pixeles Pantalla táctil Intel® Core™ i7 de 10ma",1793.00
portatiles,Zbitt,MSI - Stealth 15M A11UEK-023ES DDR4-SDRAM Portátil 39,6 cm (15.6"") 1920 x 1080 Pixeles Intel® Core™ i7 de 11ma Generación 16 GB ",1796.00
portatiles,Zbitt,ASUS - ROG GV301QH-K6069T - Ordenador Portátil Gaming de 13.4"" WUXGA (AMD Ryzen 7 5800HS, 16GB RAM, 512GB SSD, NVIDIA GeForce GT",1821.00
portatiles,Zbitt,DELL - Latitude 7410 DDR4-SDRAM Portátil 35,6 cm (14"") 1920 x 1080 Pixeles Intel® Core™ i7 de 10ma Generación 16 GB 512 GB SSD W",1826.00
portatiles,Zbitt,Apple - MacBook Pro Portátil 33,8 cm (13.3"") 2560 x 1600 Pixeles Apple M 8 GB 512 GB SSD Wi-Fi 6 (802.11ax) macOS Big Sur Gris",1842.00
portatiles,Zbitt,Apple - MacBook Pro Portátil 33,8 cm (13.3"") 2560 x 1600 Pixeles Apple M 8 GB 512 GB SSD Wi-Fi 6 (802.11ax) macOS Big Sur Plata",1842.00
portatiles,Zbitt,MSI - PRESTIGE14A11SCS038ES I7-1185G7SYST 1TB 16GB 14IN GTX1650 4GB W10 SP,1847.00
portatiles,Zbitt,Lenovo - ThinkPad T15 Portátil 39,6 cm (15.6"") 1920 x 1080 Pixeles Intel® Core™ i7 de 10ma Generación 16 GB DDR4-SDRAM 512 GB SS",1851.00
portatiles,Zbitt,DELL - Latitude 7310 DDR4-SDRAM Portátil 33,8 cm (13.3"") 1920 x 1080 Pixeles Intel® Core™ i7 de 10ma Generación 16 GB 512 GB SSD",1851.00
portatiles,Zbitt,DELL - Latitude 7520 LPDDR4x-SDRAM Portátil 39,6 cm (15.6"") 1920 x 1080 Pixeles Intel® Core™ i7 de 11ma Generación 16 GB 512 GB ",1851.00
portatiles,Zbitt,MSI - CREATOR15 A10SET-082ES I7-10750SYST 1TB 32GB RTX2060 6GB 15.6IN W10 IN,1852.00
portatiles,Zbitt,MSI - Gaming GP66 10UE-226XES Leopard Portátil 39,6 cm (15.6"") 1920 x 1080 Pixeles Intel® Core™ i7 de 10ma Generación 16 GB DDR4",1854.00
portatiles,Zbitt,Gigabyte - GIGABYTE PORTATIL AORUS 15G XC, i7-10870H,32GB,SSD 512G,15.6 FHD,VGARTX3070Q/8GB,NO ODD,W10",1857.00
portatiles,Zbitt,DELL - XPS 15 9500 DDR4-SDRAM Portátil 39,6 cm (15.6"") 1920 x 1200 Pixeles Intel® Core™ i5 de 10ma Generación 8 GB 512 GB SSD Wi",1865.00
portatiles,Zbitt,Fujitsu - LB U9310X RED I5-10210U 13.3IN SYST 16GB 256GB SSD WIN10 PRO,1869.00
portatiles,Zbitt,Fujitsu - LIFEBOOK U9310X CI5G10 SYST 8GB 256GB SSD WIN10 PRO BLACK 4G,1869.00
portatiles,Zbitt,Fujitsu - LB U9310 I7-10610U 13.3IN SYST WIN10 PRO 256GB 8GB IN - VFY:U9310M17A0ES,1869.00
portatiles,Zbitt,Fujitsu - LB U9310 I7-10610U 13.3IN SYST WIN10 PRO 256GB 8GB IN - VFY:U9310M17A1ES,1869.00
portatiles,Zbitt,HP - Elite Dragonfly LPDDR3-SDRAM Híbrido (2-en-1) 33,8 cm (13.3"") 1920 x 1080 Pixeles Pantalla táctil 8ª generación d - 8MK82EA",1872.00
portatiles,Zbitt,MSI - Gaming GP76 10UE-060ES Leopard Portátil 43,9 cm (17.3"") 1920 x 1080 Pixeles Intel® Core™ i7 de 10ma Generación 16 GB DDR4-",1888.00
portatiles,Zbitt,HP - EliteBook 850 G7 DDR4-SDRAM Portátil 39,6 cm (15.6"") 1920 x 1080 Pixeles Intel® Core™ i7 de 10ma Generación 16 GB 512 GB SS",1892.00
portatiles,Zbitt,Microsoft - Surface Book 3 Híbrido (2-en-1) 34,3 cm (13.5"") 3000 x 2000 Pixeles Pantalla táctil Intel® Core™ i5 de 10ma Generaci",1917.00
portatiles,Zbitt,Gigabyte - AERO 17 KC DDR4-SDRAM Portátil 43,9 cm (17.3"") 1920 x 1080 Pixeles Intel® Core™ i7 de 10ma Generación 16 GB 1000 GB S",1918.00
portatiles,Zbitt,ASUS - ROG Zephyrus G14 GA401IU-HE118T - Portátil Gaming de 14"" Full HD (Ryzen 9 4900HS, 16GB RAM, 1TB SSD, GTX 1660 Ti 6GB GDDR",1922.00
portatiles,Zbitt,HP - ZBook Firefly 14 G8 DDR4-SDRAM Estación de trabajo móvil 35,6 cm (14"") 1920 x 1080 Pixeles Intel® Core™ i7 de 11ma Generaci",1937.00
portatiles,Zbitt,Lenovo - ThinkPad X13 Yoga Híbrido (2-en-1) Negro 33,8 cm (13.3"") 1920 x 1080 Pixeles Pantalla táctil Intel® Core™ i7 de 10ma Ge",1943.00
portatiles,Zbitt,DELL - XPS 13 9310 LPDDR4x-SDRAM Portátil 34 cm (13.4"") 1920 x 1200 Pixeles Intel® Core™ i7 de 11ma Generación 16 GB 1000 GB SSD",1962.00
portatiles,Zbitt,DELL - Latitude 9510 LPDDR3-SDRAM Ultraportátil 38,1 cm (15"") 1920 x 1080 Pixeles Intel® Core™ i7 de 10ma Generación 16 GB 512 G",1963.00
portatiles,Zbitt,HP - ZBook Power G7 DDR4-SDRAM Estación de trabajo móvil 39,6 cm (15.6"") 1920 x 1080 Pixeles Intel® Core™ i7 de 10ma Generación ",1963.00
portatiles,Zbitt,MSI - Gaming GP66 Leopard 10UG-445XES DDR4-SDRAM Portátil 39,6 cm (15.6"") 1920 x 1080 Pixeles Intel® Core™ i7 de 10ma Generación",1992.00
portatiles,Zbitt,ASUS - ROG Zephyrus G14 GA401IU-HA134T - Portátil Gaming de 14"" Quad HD (Ryzen 9 4900HS, 16GB RAM, 1TB SSD, GTX 1660 Ti 6GB GDDR",1995.00
portatiles,Zbitt,MSI - Workstation WF65 10TH-1202ES Estación de trabajo móvil 39,6 cm (15.6"") 1920 x 1080 Pixeles Intel® Core™ i7 de 10ma Generac",2000.00
portatiles,Zbitt,MSI - MSI PORTATIL SUMMIT E14 A11SCS-037ES. 14 UHD (3840*2160) 4K. i7-1185G7. GTX 1650 Ti MAX Q GDDR5 4GB. LPDDR3 32GB (2133MHz),2009.00
portatiles,Zbitt,ASUS - ProArt StudioBook Pro 17 W700G1T-AV046R Portátil 43,2 cm (17"") 1920 x 1200 Pixeles 9na generación de pr - 90NB0NX2-M01850",2049.00
portatiles,Zbitt,MSI - Summit E15 A11SCS-078ES DDR4-SDRAM Portátil 39,6 cm (15.6"") 3840 x 2160 Pixeles Intel® Core™ i7 de 11ma Generación 32 GB 1",2063.00
portatiles,Zbitt,MSI - MSI PORTATIL CREATOR 15 A10SE-265ES. 15.6 UHD (3840*2160) 4K. i7-10875H. RTX 2060 GDDR6 6GB. DDR4 16GB*2 (2666MHz). 1TB SS,2070.00
portatiles,Zbitt,HP - ZBook Firefly 14 G7 DDR4-SDRAM Ultraportátil 35,6 cm (14"") 1920 x 1080 Pixeles Intel® Core™ i7 de 10ma Generación 16 GB 512",2079.00
portatiles,Zbitt,MSI - Gaming GP76 10UG-065ES Leopard Portátil 43,9 cm (17.3"") 1920 x 1080 Pixeles Intel® Core™ i7 de 10ma Generación 16 GB DDR4-",2087.00
portatiles,Zbitt,HP - ZBook Firefly 15 G7 DDR4-SDRAM Estación de trabajo móvil 39,6 cm (15.6"") 1920 x 1080 Pixeles Pantalla táctil Intel® Core™ i",2095.00
portatiles,Zbitt,MSI - Workstation WF65 10TI-468ES Estación de trabajo móvil 39,6 cm (15.6"") 1920 x 1080 Pixeles Intel® Core™ i7 de 10ma Generaci",2097.00
portatiles,Zbitt,Fujitsu - LB U9310 I7-10610U 13.3IN SYST NOOS 256GB 8GB - VFY:U931XM17A0ES,2097.00
portatiles,Zbitt,Fujitsu - LB U9310 I7-10610U 13.3IN SYST NOOS 256GB 8GB - VFY:U931XM17A1ES,2097.00
portatiles,Zbitt,MSI - Gaming GP66 10UG-064ES Leopard Portátil 39,6 cm (15.6"") 1920 x 1080 Pixeles Intel® Core™ i7 de 10ma Generación 16 GB DDR4-",2112.00
portatiles,Zbitt,HP - Elite Dragonfly LPDDR3-SDRAM Híbrido (2-en-1) 33,8 cm (13.3"") 1920 x 1080 Pixeles Pantalla táctil 8ª generación d - 8MK79EA",2121.00
portatiles,Zbitt,ASUS - ROG Zephyrus G14 GA401QM-K2029T - Portátil Gaming de 14"" Quad HD (Ryzen 9 5900HS, 16GB RAM, 1TB SSD, RTX 3060 6GB GDDR6, ",2125.00
portatiles,Zbitt,ASUS - ROG G713QR-HG016 - Ordenador Portátil Gaming de 17.3"" Full HD (AMD Ryzen 7 5800H, 16GB RAM, 1TB SSD, NVIDIA GeForce RTX 3",2125.00
portatiles,Zbitt,ASUS - ProArt StudioBook 15 H500GV-HC039R Portátil 39,6 cm (15.6"") 3840 x 2160 Pixeles 9na generación de procesadores Intel® Cor",2137.00
portatiles,Zbitt,HP - ZBook Firefly 15.6 G8 DDR4-SDRAM Estación de trabajo móvil 39,6 cm (15.6"") 1920 x 1080 Pixeles Intel® Core™ i7 de 11ma Gene",2149.00
portatiles,Zbitt,DELL - XPS 13 9310 LPDDR4x-SDRAM Portátil 34 cm (13.4"") 3840 x 2400 Pixeles Pantalla táctil Intel® Core™ i7 de 11ma Generación 1",2160.00
portatiles,Zbitt,ASUS - ProArt StudioBook Pro 17 W700G2T-AV065R Portátil 43,2 cm (17"") 1920 x 1200 Pixeles 9na generación de procesadores Intel® ",2181.00
portatiles,Zbitt,Lenovo - ThinkPad P15 Estación de trabajo móvil 39,6 cm (15.6"") 1920 x 1080 Pixeles Intel® Core™ i7 de 10ma Generación 16 GB DDR",2186.00
portatiles,Zbitt,MSI - Gaming GP76 10UG-066XES Leopard Portátil 43,9 cm (17.3"") 1920 x 1080 Pixeles Intel® Core™ i7 de 10ma Generación 16 GB DDR4",2201.00
portatiles,Zbitt,ASUS - ProArt StudioBook Pro 17 W700G2T-AV065R Portátil Gris 43,2 cm (17"") 1920 x 1200 Pixeles 9na generación de procesadores In",2203.00
portatiles,Zbitt,MSI - Workstation WF75 10TI-210ES Estación de trabajo móvil 43,9 cm (17.3"") 1920 x 1080 Pixeles Intel® Core™ i7 de 10ma Generaci",2217.00
portatiles,Zbitt,MSI - Gaming GS66 10UE-260ES Stealth Portátil 39,6 cm (15.6"") 1920 x 1080 Pixeles Intel® Core™ i7 de 10ma Generación 32 GB DDR4-",2217.00
portatiles,Zbitt,ASUS - ROG Zephyrus G15 GA503QM-HQ046T - Portátil Gaming de 15.6"" Quad HD (AMD Ryzen 7 5800HS, 16GB RAM, 1TB SSD, GeForce RTX 30",2226.00
portatiles,Zbitt,Lenovo - ThinkPad P17 Estación de trabajo móvil 43,9 cm (17.3"") 1920 x 1080 Pixeles Intel® Core™ i7 de 10ma Generación 16 GB DDR",2226.00
portatiles,Zbitt,HP - ZBook Studio G7 DDR4-SDRAM Estación de trabajo móvil 39,6 cm (15.6"") 1920 x 1080 Pixeles Intel® Core™ i7 de 10ma Generación",2231.00
portatiles,Zbitt,ASUS - CS/90NR01Q1-M03940_Gaming,2238.00
portatiles,Zbitt,DELL - XPS 15 9500 DDR4-SDRAM Portátil 39,6 cm (15.6"") 1920 x 1200 Pixeles Intel® Core™ i7 de 10ma Generación 16 GB 512 GB SSD N",2249.00
portatiles,Zbitt,HP - K/Zb Ffly 15 G7 i7-10510U 16GB 512GB+A3 - 1J3Q1EA#ABE+EP1000209,2264.00
portatiles,Zbitt,HP - K/Zb Ffly 15 G7 i7-10510U 16GB 512GB+A3 - 1J3Q1EA#ABE+EP1000210,2264.00
portatiles,Zbitt,HP - K/Zb Ffly 15 G7 i7-10510U 16GB 512GB+A4,2298.00
portatiles,Zbitt,"HP - EliteBook x360 1040 G7 LPDDR4-SDRAM Híbrido (2-en-1) 35,6 cm (14"") 1920 x 1080 Pixeles Pantalla táctil Intel® Core™ i7 de 1",2306.00
portatiles,Zbitt,"MSI - Workstation WF65 10TJ-467ES Estación de trabajo móvil 39,6 cm (15.6"") 1920 x 1080 Pixeles Intel® Core™ i7 de 10ma Generaci",2306.00
portatiles,Zbitt,"ASUS - ROG Strix SCAR 17 G713QR-HG022T - Portátil Gaming de 17.3"" Full HD (Ryzen 9 5900HX, 16GB RAM, 1TB SSD, GeForce RTX 3070 8",2327.00
portatiles,Zbitt,"Apple - MacBook Pro Portátil 33,8 cm (13.3"") 2560 x 1600 Pixeles Intel® Core™ i5 de 10ma Generación 16 GB LPDDR4x-SDR - MWP72Y/A",2335.00
portatiles,Zbitt,Apple - MacBook Pro Portátil 33,8 cm (13.3"") 2560 x 1600 Pixeles Intel® Core™ i5 de 10ma Generación 16 GB LPDDR4x-SDR - MWP42Y/A",2335.00
portatiles,Zbitt,ASUS - ProArt StudioBook Pro 17 W700G1T-AV046R Portátil 43,2 cm (17"") 1920 x 1200 Pixeles 9na generación de pr - 90NB0NX2-M02160",2337.00
portatiles,Zbitt,Gigabyte - GIGABYTE PORTATIL AORUS 15G YC, i7-10870H,32GB,SSD 1TB,15.6 FHD,VGARTX3080Q/8G,NO ODD,W10",2383.00
portatiles,Zbitt,Gigabyte - PORTATIL GIGABYTE AORUS 15G WB-8ES2130MH 15.6 FHD 240Hz/i7-10875H /,2403.00
portatiles,Zbitt,MSI - Gaming 10UH-446XES DDR4-SDRAM Portátil 39,6 cm (15.6"") 1920 x 1080 Pixeles Intel® Core™ i7 de 10ma Generación 16 GB 1000 G",2410.00
portatiles,Zbitt,MSI - Gaming GS66 10UG-035ES Stealth Portátil 39,6 cm (15.6"") 1920 x 1080 Pixeles Intel® Core™ i7 de 10ma Generación 32 GB DDR4-",2410.00
portatiles,Zbitt,MSI - Workstation WF75 10TJ-209ES Estación de trabajo móvil 43,9 cm (17.3"") 1920 x 1080 Pixeles Intel® Core™ i7 de 10ma Generaci",2410.00
portatiles,Zbitt,HP - EliteBook x360 1030 G3 LPDDR3-SDRAM Híbrido (2-en-1) 33,8 cm (13.3"") 1920 x 1080 Pixeles Pantalla táctil 8ª generación de p",2459.00
portatiles,Zbitt,MSI - Creator 15 A10UET-217ES Portátil 39,6 cm (15.6"") 1920 x 1080 Pixeles Pantalla táctil Intel® Core™ i7 de 10ma Generación 32",2515.00
portatiles,Zbitt,ASUS - CS/StudioB i7-9750H 32G1T RTX3 17.3 W10P,2535.00
portatiles,Zbitt,Millenium - PORTATIL MILLENIUM AURELION ML3/ i7-9750H/16GB/500GB SSD/GTX 1660/6GB/15.6FHD/WIN10,2537.00
portatiles,Zbitt,ASUS - ROG Strix G732LXS-HG014T DDR4-SDRAM Portátil 43,9 cm (17.3"") 1920 x 1070 Pixeles Intel® Core™ i7 de 10ma Generación 32 GB",2560.00
portatiles,Zbitt,ASUS - ProArt StudioBook Pro 17 W700G3T-AV093R - Portátil de 17"" WUXGA (i7-9750H, 32GB RAM, 1TB SSD, Quadro RTX 3000 6GB GDDR6, ",2566.00
portatiles,Zbitt,ASUS - ProArt StudioBook 15 H500GV-HC039R - Portátil de .6"" 4K Ultra HD (i7-9750H, 32GB RAM, 512GB + 512GB SSD, GeForce RTX 2060",2566.00
portatiles,Zbitt,HP - ZBook Create G7 DDR4-SDRAM Estación de trabajo móvil 39,6 cm (15.6"") 1920 x 1080 Pixeles Intel® Core™ i7 de 10ma Generación",2583.00
portatiles,Zbitt,DELL - Precision 5550 DDR4-SDRAM Estación de trabajo móvil 39,6 cm (15.6"") 1920 x 1200 Pixeles Intel® Core™ i7 de 10ma G - GFYG3",2583.00
portatiles,Zbitt,Apple - MacBook Pro Portátil Gris 33,8 cm (13.3"") 2560 x 1600 Pixeles Intel® Core™ i5 de 10ma Generación 16 GB LPDDR4x-SDRAM 100",2587.00
portatiles,Zbitt,Apple - MacBook Pro Portátil 33,8 cm (13.3"") 2560 x 1600 Pixeles Intel® Core™ i5 de 10ma Generación 16 GB LPDDR4x-SDRAM 1000 GB ",2587.00
portatiles,Zbitt,HP - ZBook Firefly 15 G7 DDR4-SDRAM Estación de trabajo móvil 39,6 cm (15.6"") 3840 x 2160 Pixeles Intel® Core™ i7 de 10ma Genera",2616.00
portatiles,Zbitt,MSI - Workstation WF75 10TK-265ES Estación de trabajo móvil 43,9 cm (17.3"") 1920 x 1080 Pixeles Intel® Core™ i7 de 10ma Generaci",2619.00
portatiles,Zbitt,Microsoft - Surface Book 3 Híbrido (2-en-1) 38,1 cm (15"") 3240 x 2160 Pixeles Pantalla táctil Intel® Core™ i7 de 10ma Generación",2650.00
portatiles,Zbitt,HP - ZBook Firefly 15.6 G8 DDR4-SDRAM Estación de trabajo móvil 39,6 cm (15.6"") 3840 x 2160 Pixeles Intel® Core™ i7 de 11ma Gene",2653.00
portatiles,Zbitt,DELL - Precision 5550 DDR4-SDRAM Estación de trabajo móvil 39,6 cm (15.6"") 1920 x 1200 Pixeles Intel® Core™ i7 de 10ma G - 3X6FV",2657.00
portatiles,Zbitt,Lenovo - Y920 Portátil 43,9 cm (17.3"") 1920 x 1080 Pixeles 7ª generación de procesadores Intel® Core™ i7 8 GB DDR4-SDRAM 1256 GB",2659.00
portatiles,Zbitt,Lenovo - ThinkPad X1 Nano LPDDR4x-SDRAM Portátil 33 cm (13"") 2160 x 1350 Pixeles Intel® Core™ i7 de 11ma Generación 16 GB 1000 G",2660.00
portatiles,Zbitt,Acer - ConceptD7Pro i7-10750H 32GB1024GBSSDW10P,2668.00
portatiles,Zbitt,Lenovo - ThinkPad P15 Estación de trabajo móvil 39,6 cm (15.6"") 1920 x 1080 Pixeles Intel® Core™ i7 de 10ma Generación 32 GB DDR",2691.00
portatiles,Zbitt,Lenovo - ThinkPad T15g Portátil 39,6 cm (15.6"") 1920 x 1080 Pixeles Intel® Core™ i7 de 10ma Generación 16 GB DDR4-SDRAM 512 GB S",2704.00
portatiles,Zbitt,DELL - Precision 7550 DDR4-SDRAM Estación de trabajo móvil 39,6 cm (15.6"") 1920 x 1080 Pixeles Intel® Core™ i7 de 10ma Generació",2723.00
portatiles,Zbitt,MSI - WS66 10TK-482XES I7-10875H 1TB SYST 32GB 15.6IN RTX3000 6GB FREEDOS,2724.00
portatiles,Zbitt,Microsoft - Surface Book 2 Híbrido (2-en-1) 34,3 cm (13.5"") 3000 x 2000 Pixeles Pantalla táctil 8ª generación de pro - HNL-00017",2735.00
portatiles,Zbitt,HP - Elite Dragonfly LPDDR3-SDRAM Híbrido (2-en-1) 33,8 cm (13.3"") 1920 x 1080 Pixeles Pantalla táctil 8ª generación d - 8MK74EA",2756.00
portatiles,Zbitt,Lenovo - ThinkPad X1 Yoga LPDDR3-SDRAM Híbrido (2-en-1) 35,6 cm (14"") 1920 x 1080 Pixeles Pantalla táctil Intel® Core™ i7 de 10m",2773.00
portatiles,Zbitt,HP - ZBook Fury 17 G7 DDR4-SDRAM Estación de trabajo móvil 43,9 cm (17.3"") 1920 x 1080 Pixeles Intel® Core™ i7 de 10ma - 2C9V1EA",2818.00
portatiles,Zbitt,MSI - Gaming GE66 10UG-270ES Raider Portátil 39,6 cm (15.6"") 1920 x 1080 Pixeles Intel® Core™ i9 de 10ma Generación 32 GB DDR4-S",2828.00
portatiles,Zbitt,MSI - Workstation WS63 8SL-013ES Estación de trabajo móvil 39,6 cm (15.6"") 3840 x 2160 Pixeles 8ª generación de procesadores Int",2829.00
portatiles,Zbitt,HP - Elite Dragonfly LPDDR3-SDRAM Híbrido (2-en-1) 33,8 cm (13.3"") 1920 x 1080 Pixeles Pantalla táctil 8ª generación d - 8MK83EA",2837.00
portatiles,Zbitt,ASUS - ProArt StudioBook Pro X W730G2T-H8007R Portátil 43,2 cm (17"") 1920 x 1200 Pixeles 9na generación de procesadores Intel® C",2870.00
portatiles,Zbitt,HP - Elite x2 G4 Híbrido (2-en-1) 33 cm (13"") 1920 x 1280 Pixeles Pantalla táctil 8ª generación de procesadores Intel® Core™ i5 ",2891.00
portatiles,Zbitt,HP - Elite Dragonfly LPDDR3-SDRAM Híbrido (2-en-1) 33,8 cm (13.3"") 1920 x 1080 Pixeles Pantalla táctil 8ª generación d - 8ML20EA",2895.00
portatiles,Zbitt,Microsoft - Surface Book 3 Híbrido (2-en-1) 34,3 cm (13.5"") 3000 x 2000 Pixeles Pantalla táctil Intel® Core™ i7 de 10ma Generaci",2905.00
portatiles,Zbitt,MSI - Creator 15 A10UG-294ES Portátil 39,6 cm (15.6"") 3840 x 2160 Pixeles Intel® Core™ i7 de 10ma Generación 32 GB DDR4-SDRAM 10",2932.00
portatiles,Zbitt,MSI - WS66 10TK-281ES I7-10875H SYST 1TB 32GB 15.6IN RTX3000 6GB W10P IN,2933.00
portatiles,Zbitt,HP - EliteBook x360 1040 G7 LPDDR4-SDRAM Ultraportátil 35,6 cm (14"") 1920 x 1080 Pixeles Pantalla táctil Intel® Core™ i7 de 10ma",2939.00
portatiles,Zbitt,HP - Elite Dragonfly LPDDR3-SDRAM Híbrido (2-en-1) 33,8 cm (13.3"") 1920 x 1080 Pixeles Pantalla táctil 8ª generación d - 8ML08EA",2951.00
portatiles,Zbitt,Acer - EN714-51W I5-8250U 8/256 14IPS W10P,2952.00
portatiles,Zbitt,DELL - Precision 7750 DDR4-SDRAM Estación de trabajo móvil 43,9 cm (17.3"") 1920 x 1080 Pixeles Intel® Core™ i7 de 10ma Generació",2982.00
portatiles,Zbitt,HP - Elite Dragonfly LPDDR3-SDRAM Híbrido (2-en-1) 33,8 cm (13.3"") 1920 x 1080 Pixeles Pantalla táctil 8ª generación d - 9FT18EA",2020.00
portatiles,Zbitt,Apple - MacBook Pro Portátil 40,6 cm (16"") 3072 x 1920 Pixeles 9na generación de procesadores Intel® Core™ i7 16 GB DDR4-SDRAM 5",2028.00
portatiles,Zbitt,HP - Elite Dragonfly LPDDR3-SDRAM Híbrido (2-en-1) 33,8 cm (13.3"") 1920 x 1080 Pixeles Pantalla táctil 8ª generación d - 8ML06EA",2037.00
portatiles,Zbitt,MSI - Gaming GS66 10UH-034ES Stealth Portátil 39,6 cm (15.6"") 1920 x 1080 Pixeles Intel® Core™ i7 de 10ma Generación 32 GB DDR4-",2059.00
portatiles,Zbitt,HP - ZBook Create G7 DDR4-SDRAM Estación de trabajo móvil 39,6 cm (15.6"") 1920 x 1080 Pixeles Intel® Core™ i9 de 10ma Generación",2086.00
portatiles,Zbitt,HP - Elite Dragonfly LPDDR3-SDRAM Híbrido (2-en-1) 33,8 cm (13.3"") 1920 x 1080 Pixeles Pantalla táctil 8ª generación d - 8MK84EA",2095.00
portatiles,Zbitt,Microsoft - Surface Book 3 Híbrido (2-en-1) Platino 34,3 cm (13.5"") 3000 x 2000 Pixeles Pantalla táctil Intel® Core™ i7 de 10ma ",2104.00
portatiles,Zbitt,HP - Elite Dragonfly LPDDR3-SDRAM Híbrido (2-en-1) 33,8 cm (13.3"") 1920 x 1080 Pixeles Pantalla táctil 8ª generación d - 9FT16EA",2106.00
portatiles,Zbitt,Acer - PH717-72-766P CI7-10875H SYST 1TBSSD 32GB 17IN RTX20708G W10H,2123.00
portatiles,Zbitt,ASUS - ROG Zephyrus Duo 15 SE GX551QM-HF052T - Portátil Gaming de 15.6"" Full HD (AMD Ryzen 7 5800H, 32GB RAM, 1TB SSD, GeForce R",2137.00
portatiles,Zbitt,HP - Elite Dragonfly LPDDR3-SDRAM Híbrido (2-en-1) 33,8 cm (13.3"") 3840 x 2160 Pixeles Pantalla táctil 8ª generación de procesad",2163.00
portatiles,Zbitt,HP - HP Ex21013G3 i5-8350U 16G 512G W10P,2174.00
portatiles,Zbitt,Acer - ConceptD7EzelPi7-10875H32GB1024GBSSDW10P,2202.00
portatiles,Zbitt,MSI - Gaming GE66 10UG-269ES Raider Portátil 39,6 cm (15.6"") 1920 x 1080 Pixeles Intel® Core™ i9 de 10ma Generación 64 GB DDR4-S",2246.00
portatiles,Zbitt,Microsoft - Surface Book 2 Híbrido (2-en-1) 34,3 cm (13.5"") 3000 x 2000 Pixeles Pantalla táctil 8ª generación de pro - HNN-00028",2301.00
portatiles,Zbitt,HP - ZBook Fury 17 G7 DDR4-SDRAM Estación de trabajo móvil 43,9 cm (17.3"") 1920 x 1080 Pixeles Intel® Core™ i7 de 10ma - 2C9V2EA",2405.00
portatiles,Zbitt,Apple - MacBook Pro Portátil 40,6 cm (16"") 3072 x 1920 Pixeles 9na generación de procesadores Intel® Core™ i9 16 GB D - MVVK2Y/A",2508.00
portatiles,Zbitt,Apple - MacBook Pro Portátil 40,6 cm (16"") 3072 x 1920 Pixeles 9na generación de procesadores Intel® Core™ i9 16 GB D - MVVM2Y/A",2508.00
portatiles,Zbitt,HP - ZBook Studio G7 DDR4-SDRAM Portátil 39,6 cm (15.6"") 1920 x 1080 Pixeles Intel® Core™ i7 de 10ma Generación 32 GB 512 GB SSD",2523.00
portatiles,Zbitt,Acer - ConceptD7Pro i7-10875H32GB1024GBSSD W10P,2736.00
portatiles,Zbitt,MSI - Creator 15 A10UH-037ES Portátil 39,6 cm (15.6"") 3840 x 2160 Pixeles Intel® Core™ i7 de 10ma Generación 64 GB DDR4-SDRAM 20",2873.00
portatiles,Zbitt,Apple - 13IN MACBOOK AIR CI5 1.1 SYST 8GB SSD 256GB ESP SP,2947.00
portatiles,Zbitt,HP - EliteBook x360 1020 G2 LPDDR3-SDRAM Portátil 31,8 cm (12.5"") 3840 x 2160 Pixeles Pantalla táctil 7ª generación de procesado",2967.00
portatiles,Zbitt,HP - ZBook Fury 15 G7 DDR4-SDRAM Estación de trabajo móvil 39,6 cm (15.6"") 1920 x 1080 Pixeles Intel® Core™ i7 de 10ma Generació",3610.00
portatiles,Zbitt,HP - ZBook Fury 17 G7 DDR4-SDRAM Estación de trabajo móvil 43,9 cm (17.3"") 3840 x 2160 Pixeles Intel® Core™ i9 de 10ma Generació",3686.00
portatiles,Zbitt,MSI - Workstation WS66 10TM-279ES DDR4-SDRAM Estación de trabajo móvil 39,6 cm (15.6"") 3840 x 2160 Pixeles Intel® Core™ i9 de 10",3709.00