1,mujer,pantalones,Brownie,PANTALON DULCE CAMPANA,54.46
2,mujer,pantalones,Brownie,PANTALON DULCE CAMPANA,54.46
3,mujer,pantalones,Brownie,PANTALON MIRANDA BAJO...,49.50
4,mujer,pantalones,Brownie,PANTALON RILA CULOTTE,54.46
5,mujer,pantalones,Brownie,PANTALON VENICE CROPPED,54.46
6,mujer,pantalones,Brownie,PANTALON NEREA CULOTTE...,54.46
7,mujer,pantalones,Brownie,PANTALON ARI CULOTTE...,54.46
8,mujer,pantalones,Brownie,PANTALON LAILA MOM FIT,46.20
9,mujer,pantalones,Brownie,PANTALON MARIA RECTO,54.46
10,mujer,pantalones,Brownie,PANTALON MARIA RECTO,54.46
11,mujer,pantalones,Brownie,PANTALON JUAN CULOTTE,54.46
12,mujer,pantalones,Brownie,PANTALON NIN TWILL PITILLO,54.46
13,mujer,pantalones,Brownie,PANTALON FRIENDLY BOLSILLOS...,69.90
14,mujer,pantalones,Brownie,PANTALON JUAN CULOTTE,65.90
15,mujer,pantalones,Brownie,PANTALON JUAN CULOTTE,65.90
16,mujer,pantalones,Brownie,PANTALON HOMY PUNTO CROPPED,45.90
17,mujer,pantalones,Brownie,PANTALON SHASHA CULOTTE...,65.90
18,mujer,pantalones,Brownie,PANTALON BILLY PUNTO,55.90
19,mujer,pantalones,Brownie,PANTALON LAZIO FLARE CROPPED,59.90
20,mujer,pantalones,Brownie,PANTALON SLOW PINZAS,59.90
21,mujer,pantalones,Brownie,PANTALON JOLIE ACORDONADO,65.90
22,mujer,pantalones,Brownie,PANTALON JOLIE ACORDONADO,65.90
23,mujer,pantalones,Brownie,PANTALON MARIONA CROPPED,65.90
24,mujer,pantalones,Brownie,PANTALON JUAN CULOTTE,49.90
25,mujer,pantalones,Brownie,PANTALON JUAN PANA CULOTTE,35.90
26,mujer,pantalones,Brownie,PANTALON SIMONA LUREX CAMPANA,15.90
27,mujer,pantalones,Brownie,PANTALON FRIENDLY BOLSILLOS...,69.90
28,mujer,pantalones,Brownie,PANTALON NIN PITILLO,45.90
29,mujer,pantalones,Brownie,PANTALON NIN PITILLO,45.90
30,mujer,pantalones,Brownie,PANTALON CONFORT PUNTO,19.90
31,mujer,pantalones,Brownie,PANTALON VENICE CROPPED,39.90
32,mujer,pantalones,Brownie,PANTALON TONIA,35.90
33,mujer,pantalones,Brownie,PANTALON SIMONA TERCIOPELO,25.90
34,mujer,pantalones,Brownie,PANTALON RILA CULOTTE,45.90
35,mujer,pantalones,Brownie,PANTALON RILA CULOTTE,49.90
36,mujer,pantalones,Brownie,PANTALON SIMONA PU CAMPANA...,29.90
37,mujer,pantalones,Brownie,LEGGING NIKI EFECTO ANTE,15.90
38,mujer,pantalones,Brownie,PANTALON SPORTY PUNTO,39.90
