1,mujer,camisetas,Coquette,ALTEA,90.00
2,mujer,camisetas,Coquette,ALYNA,28.00
3,mujer,camisetas,Coquette,BLUSA TRABILLA,130.00
4,mujer,camisetas,Coquette,CALIFORNIA,49.00
5,mujer,camisetas,Coquette,CAMISETA APRES LA PLAGE,40.00
6,mujer,camisetas,Coquette,CAMISETA CALVEL NEGRA,52.00
7,mujer,camisetas,Coquette,CAMISETA FLOWERS TO THE PEOPLE,52.00
8,mujer,camisetas,Coquette,CAMISETA FRESAS,40.00
9,mujer,camisetas,Coquette,CELESTINE CAMEL,49.00
10,mujer,camisetas,Coquette,CELESTINE MARINE,49.00
11,mujer,camisetas,Coquette,HERA TOP,85.00
12,mujer,camisetas,Coquette,KAMALA ROSE,26.00
13,mujer,camisetas,Coquette,LAIANE,94.00
14,mujer,camisetas,Coquette,LANA,89.00
15,mujer,camisetas,Coquette,LIA,79.00
16,mujer,camisetas,Coquette,LIANA,85.00
17,mujer,camisetas,Coquette,MADDI KHAKI,58.00
18,mujer,camisetas,Coquette,MAYA VERDE,46.00
19,mujer,camisetas,Coquette,MAYA VIOLETA,46.00
20,mujer,camisetas,Coquette,PALM,49.00
21,mujer,camisetas,Coquette,PENELOPE KHAKI,49.00
22,mujer,camisetas,Coquette,PENELOPE LILA,49.00
23,mujer,camisetas,Coquette,QUALI,65.00
24,mujer,camisetas,Coquette,QUALINE,75.00
25,mujer,camisetas,Coquette,SOFIA,63.00
26,mujer,camisetas,Coquette,SOFIA BLUSA,96.00
27,mujer,camisetas,Coquette,SUNSET,49.00
28,mujer,camisetas,Coquette,TANK TOP NEGRA,47.00
29,mujer,camisetas,Coquette,TANK TOP TEJA,47.00
30,mujer,camisetas,Coquette,TOP BOMBA FLORES,120.00
31,mujer,camisetas,Coquette,TOP CECILIE BIRCH,33.00
32,mujer,camisetas,Coquette,TOP CECILIE BLACK,33.00
33,mujer,camisetas,Coquette,TOP HOJAS VICHY,130.00
34,mujer,camisetas,Coquette,VERO TOP,68.00
35,mujer,camisetas,Coquette,VIGREENAS,46.00
36,mujer,camisetas,Coquette,VIMILTA BLACK,32.00
37,mujer,camisetas,Coquette,VIMILTA CURRY,32.00
