1,hombre,sudaderas,G-STAR,Sudadera Premium Core Hooded Zip,89.95
2,hombre,sudaderas,G-STAR,Sudadera Tech Fleece Funnel Zip,64.97
3,hombre,sudaderas,G-STAR,Sudadera con capucha Applique Logo,44.97
4,hombre,sudaderas,G-STAR,Sudadera Premium Core Hooded,79.95
5,hombre,sudaderas,G-STAR,Sudadera Premium Core Hooded Zip,89.95
6,hombre,sudaderas,G-STAR,Sudadera Premium Core,69.95
7,hombre,sudaderas,G-STAR,Sudadera con capucha PM,99.95
8,hombre,sudaderas,G-STAR,Sudadera Object Graphic,89.95
9,hombre,sudaderas,G-STAR,Sudadera Premium Core Hooded,79.95
10,hombre,sudaderas,G-STAR,Sudadera Mixed Woven Baseball Zip Through,129.95
11,hombre,sudaderas,G-STAR,Sudadera Brush Stroke Allover Hooded,89.95
12,hombre,sudaderas,G-STAR,Sudadera Baseball Zip Through,119.95
13,hombre,sudaderas,G-STAR,Sudadera Premium Core,69.95
14,hombre,sudaderas,G-STAR,Sudadera Originals,79.95
15,hombre,sudaderas,G-STAR,Sudadera G-Star Hooded,89.95
16,hombre,sudaderas,G-STAR,Sudadera Originals,79.95
17,hombre,sudaderas,G-STAR,Sudadera Premium Core Hooded Zip,89.95
18,hombre,sudaderas,G-STAR,Premium Core Sweater,69.95
19,hombre,sudaderas,G-STAR,Sudadera Premium Core,69.95
20,hombre,sudaderas,G-STAR,Sudadera Raglan Taping,89.95
21,hombre,sudaderas,G-STAR,Sudadera con capucha Originals,99.95
22,hombre,sudaderas,G-STAR,Sudadera Raglan Taping,89.95
23,hombre,sudaderas,G-STAR,Sudadera con capucha Lash,89.95
24,hombre,sudaderas,G-STAR,Sudadera con capucha Premium Core,79.95
25,hombre,sudaderas,G-STAR,Sudadera Lash,79.95
26,hombre,sudaderas,G-STAR,Sudadera con capucha G RAW,79.95
27,hombre,sudaderas,G-STAR,Sudadera Premium Core Hooded,79.95
28,hombre,sudaderas,G-STAR,Sudadera Object Graphic,89.95
29,hombre,sudaderas,G-STAR,Sudadera Dropped Shoulder Objects Graphic,89.95
30,hombre,sudaderas,G-STAR,Sudadera Dropped Shoulder Objects Graphic,89.95
31,hombre,sudaderas,G-STAR,Sudadera G-Star Hooded,89.95
32,hombre,sudaderas,G-STAR,Sudadera Premium Core Hooded,79.95
33,hombre,sudaderas,G-STAR,Sudadera Premium Core Hooded,79.95
34,hombre,sudaderas,G-STAR,Sudadera G-Star Hooded,89.95
35,hombre,sudaderas,G-STAR,Sudadera Mixed Woven Baseball Zip Through,129.95
36,hombre,sudaderas,G-STAR,Sudadera Premium Core,69.95
37,hombre,sudaderas,G-STAR,Sudadera Premium Core Hooded,79.95
38,hombre,sudaderas,G-STAR,Sudadera Premium Core,69.95
39,hombre,sudaderas,G-STAR,Sudadera Premium Core Hooded Zip,89.95
40,hombre,sudaderas,G-STAR,Sudadera Originals,79.95
41,hombre,sudaderas,G-STAR,Sudadera Hammer Raw,99.95
42,hombre,sudaderas,G-STAR,Sudadera Hammer Raw,99.95
43,hombre,sudaderas,G-STAR,Sudadera Contrast Hooded,99.95
44,hombre,sudaderas,G-STAR,Sudadera RAW,69.95
45,hombre,sudaderas,G-STAR,Chaqueta Moto Track Sweat,129.95
46,hombre,sudaderas,G-STAR,Sudadera Contrast Hooded,99.95
47,hombre,sudaderas,G-STAR,Sudadera Moto Mesh,99.95
48,hombre,sudaderas,G-STAR,Sudadera Moto Mesh,99.95
49,hombre,sudaderas,G-STAR,Premium Core Sweater,79.95
50,hombre,sudaderas,G-STAR,Premium Core Sweater,89.95
51,hombre,sudaderas,G-STAR,Sudadera RAW,69.95
52,hombre,sudaderas,G-STAR,Sudadera RAW,69.95
53,hombre,sudaderas,G-STAR,Sudadera Premium Core Hooded,79.95
54,hombre,sudaderas,G-STAR,Sudadera Stitch,99.95
55,hombre,sudaderas,G-STAR,Sudadera Stitch,99.95
56,hombre,sudaderas,G-STAR,Sudadera Multi Graphic Pocket,89.95
57,hombre,sudaderas,G-STAR,Sudadera Multi Graphic Pocket,89.95
58,hombre,sudaderas,G-STAR,Sudadera Raglan Taping,89.95
59,hombre,sudaderas,G-STAR,Sudadera Moto Mesh Hooded,109.95
60,hombre,sudaderas,G-STAR,Suéter GR con Cremallera Bomber,129.95
61,hombre,sudaderas,G-STAR,Suéter GR con Cremallera Bomber,129.95
62,hombre,sudaderas,G-STAR,Sudadera Raw Dot Box Graphic,79.95
63,hombre,sudaderas,G-STAR,Sudadera Raw Dot Box Graphic,79.95
64,hombre,sudaderas,G-STAR,Sudadera con capucha Lash,89.95
65,hombre,sudaderas,G-STAR,Sudadera con capucha Lash,89.95
66,hombre,sudaderas,G-STAR,Sudadera Premium Core,69.95
67,hombre,sudaderas,G-STAR,Sudadera con capucha PM,99.95
68,hombre,sudaderas,G-STAR,Sudadera con capucha PM,89.95
69,hombre,sudaderas,G-STAR,Sudadera con capucha G RAW,79.95
70,hombre,sudaderas,G-STAR,Sudadera Lash,79.95
71,hombre,sudaderas,G-STAR,Sudadera Lash,79.95
72,hombre,sudaderas,G-STAR,Sudadera Premium Core,69.95
73,hombre,sudaderas,G-STAR,Sudadera Premium Core Hooded,79.95
74,hombre,sudaderas,G-STAR,Sudadera con capucha Reversible E Woven Zip Through,279.95
75,hombre,sudaderas,G-STAR,Sudadera Moto Mesh Hooded,109.95
76,hombre,sudaderas,G-STAR,Sudadera Premium Core,69.95
77,hombre,sudaderas,G-STAR,Sudadera con capucha Premium Core,79.95
78,hombre,sudaderas,G-STAR,Sudadera Premium Core,69.95
79,hombre,sudaderas,G-STAR,Sudadera con capucha PM,99.95
80,hombre,sudaderas,G-STAR,Sudadera con capucha PM,89.95
81,hombre,sudaderas,G-STAR,Sudadera Graphic Core,99.95
82,hombre,sudaderas,G-STAR,Sudadera Graphic Core,99.95
83,hombre,sudaderas,G-STAR,Sudadera Korpaz,69.95
84,hombre,sudaderas,G-STAR,Sudadera Graphic 17 Core,89.95
85,hombre,sudaderas,G-STAR,Libe Core Sweater,79.95
86,hombre,sudaderas,G-STAR,Graphic 14 Core Sweater,79.95
87,hombre,sudaderas,G-STAR,Hodin Sweater,89.95
88,hombre,sudaderas,G-STAR,Sudadera Loaq,39.97
89,hombre,sudaderas,G-STAR,Chaqueta Utility Quilted Sweat Track,54.97
90,hombre,sudaderas,G-STAR,Sudadera Loaq Hooded,44.97
91,hombre,sudaderas,G-STAR,Sudadera Loaq,39.97
92,hombre,sudaderas,G-STAR,Sudadera Loaq,39.97
93,hombre,sudaderas,G-STAR,Sudadera RAW Dot,44.97
94,hombre,sudaderas,G-STAR,Chaqueta Baseball Zip Through,59.97
95,hombre,sudaderas,G-STAR,Sudadera Premium Core,34.97
96,hombre,sudaderas,G-STAR,Sudadera Premium Core,48.96
