1,hombre,chaquetas,G-STAR,Chaqueta de piel Air Force,279.96
2,hombre,chaquetas,G-STAR,Chaqueta Citishield Zip Originals,99.97
3,hombre,chaquetas,G-STAR,Chaqueta Setscale Padded Hooded,74.97
4,hombre,chaquetas,G-STAR,Abrigo Biker Wool Long,244.96
5,hombre,chaquetas,G-STAR,Chaqueta Meefic Quilted,74.97
6,hombre,chaquetas,G-STAR,Chaqueta Attacc Heatseal Quilted Hooded,89.97
7,hombre,chaquetas,G-STAR,Chaleco Attacc Heatseal Quilted,74.97
8,hombre,chaquetas,G-STAR,Chaqueta Utility Hooded Softshell,84.97
9,hombre,chaquetas,G-STAR,Chaqueta Arc 3D Slim C,149.95
10,hombre,chaquetas,G-STAR,Chaqueta Lightweight Quilted,149.95
11,hombre,chaquetas,G-STAR,Chaqueta 3301 Slim,99.95
12,hombre,chaquetas,G-STAR,Chaqueta 3301 Slim Sherpa,159.95
13,hombre,chaquetas,G-STAR,Chaqueta E Scutar Slim,249.95
14,hombre,chaquetas,G-STAR,Chaqueta Scutar Slim,199.95
15,hombre,chaquetas,G-STAR,Chaqueta Arctic Expedition,269.95
16,hombre,chaquetas,G-STAR,Gabardina Utility HB Tape,199.95
17,hombre,chaquetas,G-STAR,Anorak Reversible,169.95
18,hombre,chaquetas,G-STAR,Sobrecamisa Fabric Mix,129.95
19,hombre,chaquetas,G-STAR,Sobrecamisa 2 Flap Pocket Relaxed,119.95
20,hombre,chaquetas,G-STAR,Chaleco Lightweight Quilted,99.95
21,hombre,chaquetas,G-STAR,Chaqueta Lightweight Quilted,149.95
22,hombre,chaquetas,G-STAR,Chaqueta 3301 Slim,99.95
23,hombre,chaquetas,G-STAR,Cazadora de aviador Transeasonal Softshell,199.95
24,hombre,chaquetas,G-STAR,Abrigo GSRR Hito,399.95
25,hombre,chaquetas,G-STAR,Chaqueta Batt Zip,129.95
26,hombre,chaquetas,G-STAR,Chaqueta Desert Storm Softshell,169.95
27,hombre,chaquetas,G-STAR,E Raf Bomber Repair,399.95
28,hombre,chaquetas,G-STAR,Chaqueta Multipocket Softshell,189.95
29,hombre,chaquetas,G-STAR,Sobrecamisa Short Biker,149.95
30,hombre,chaquetas,G-STAR,Chaleco Lightweight Quilted,99.95
31,hombre,chaquetas,G-STAR,Chaqueta Arc Artwork,119.95
32,hombre,chaquetas,G-STAR,Sobrecamisa Quilted,139.95
33,hombre,chaquetas,G-STAR,Chaqueta Lightweight Quilted,149.95
34,hombre,chaquetas,G-STAR,Sobrecamisa XPO Indigo Check,139.95
35,hombre,chaquetas,G-STAR,Chaleco E 2 in 1,299.95
36,hombre,chaquetas,G-STAR,Sobrecamisa Utility Straight,119.95
37,hombre,chaquetas,G-STAR,Sobrecamisa Utility Straight,119.95
38,hombre,chaquetas,G-STAR,Chaqueta Utility Hb Tape,159.95
39,hombre,chaquetas,G-STAR,Cazadora De Aviador Flight Bomber Repair,219.95
40,hombre,chaquetas,G-STAR,Chaqueta Utility Hb Tape,149.95
41,hombre,chaquetas,G-STAR,Sobrecamisa Quilted,139.95
42,hombre,chaquetas,G-STAR,Chaqueta Liner,149.95
43,hombre,chaquetas,G-STAR,Parka Troper,219.95
44,hombre,chaquetas,G-STAR,Cazadora Flight Combat,169.95
45,hombre,chaquetas,G-STAR,Cazadora Flight Combat,189.95
46,hombre,chaquetas,G-STAR,Chaqueta Trucker,169.95
47,hombre,chaquetas,G-STAR,Chaqueta Trucker,169.95
48,hombre,chaquetas,G-STAR,Chaqueta Arc 3D Slim C,139.95
49,hombre,chaquetas,G-STAR,Cazadora de aviador Transitional,189.95
50,hombre,chaquetas,G-STAR,Sobrecamisa XPO,149.95
51,hombre,chaquetas,G-STAR,Sobrecamisa XPO,149.95
52,hombre,chaquetas,G-STAR,Chaqueta denim Air Force,249.95
53,hombre,chaquetas,G-STAR,Anorak GSRR,699.95
54,hombre,chaquetas,G-STAR,Americana GSRR 4-Button,499.95
55,hombre,chaquetas,G-STAR,Cazadora de aviador GSRR,499.95
56,hombre,chaquetas,G-STAR,Parka Transitional,249.95
57,hombre,chaquetas,G-STAR,Chaqueta denim Air Force,169.95
58,hombre,chaquetas,G-STAR,Sobrecamisa E,229.95
59,hombre,chaquetas,G-STAR,Sobrecamisa E Liner,229.95
60,hombre,chaquetas,G-STAR,Expedic+ hdd down jkt,319.95
61,hombre,chaquetas,G-STAR,Americana GSRR Hito Utility,339.95
62,hombre,chaquetas,G-STAR,Chaqueta GSRR Hito JKT,179.95
63,hombre,chaquetas,G-STAR,3301 Slim Sherpa Jacket,169.95
64,hombre,chaquetas,G-STAR,Gabardina Padded,199.95
65,hombre,chaquetas,G-STAR,Chaleco E,229.95
66,hombre,chaquetas,G-STAR,Sobrecamisa 2 Flap Pocket Relaxed,119.95
67,hombre,chaquetas,G-STAR,Expedic+ hdd down jkt,319.95
68,hombre,chaquetas,G-STAR,Cazadora GSRR Cropped,299.95
69,hombre,chaquetas,G-STAR,Cazadora de aviador E-Raf Leather,499.95
70,hombre,chaquetas,G-STAR,Chaqueta Utility Hb Tape,149.95
71,hombre,chaquetas,G-STAR,Gabardina GSRR 2 in 1,499.95
72,hombre,chaquetas,G-STAR,Gabardina GSRR 2 in 1,799.95
73,hombre,chaquetas,G-STAR,Chaqueta E-Jacket,549.95
74,hombre,chaquetas,G-STAR,Chaqueta E-Jacket,549.95
75,hombre,chaquetas,G-STAR,Chaqueta Slim,199.95
76,hombre,chaquetas,G-STAR,Chaqueta City Zip Softshell,199.95
77,hombre,chaquetas,G-STAR,Chaqueta Whistler Hooded Puffer,99.97
78,hombre,chaquetas,G-STAR,Chaqueta Whistler Hooded Puffer,99.97
79,hombre,chaquetas,G-STAR,Chaqueta Arc 3D Slim Arrow Print,79.97
80,hombre,chaquetas,G-STAR,Chaqueta Whistler Hooded Puffer,99.97
81,hombre,chaquetas,G-STAR,Chaqueta Whistler Hooded Puffer,99.97
82,hombre,chaquetas,G-STAR,Chaleco Whistler Hooded,89.97
83,hombre,chaquetas,G-STAR,Chaqueta Xpo,69.97
84,hombre,chaquetas,G-STAR,Chaqueta Whistler Hooded Puffer,99.97
85,hombre,chaquetas,G-STAR,Chaleco Whistler Hooded,89.97
86,hombre,chaquetas,G-STAR,Chaqueta 3301 Slim,49.97
87,hombre,chaquetas,G-STAR,Americana Tuxedo,94.97
88,hombre,chaquetas,G-STAR,Parka Citishield Short Padded Hooded,164.97
89,hombre,chaquetas,G-STAR,Vodan pdd hdd faux fur parka,124.97
90,hombre,chaquetas,G-STAR,Chaleco Tuxedo,69.96
91,hombre,chaquetas,G-STAR,Chaqueta Moto Leather,199.97
92,hombre,chaquetas,G-STAR,Americana Utility 4 Button,84.97
93,hombre,chaquetas,G-STAR,Chaqueta Attacc Heatseal Quilted Hooded,125.96
94,hombre,chaquetas,G-STAR,Chaqueta Utility Washed Field,84.97
95,hombre,chaquetas,G-STAR,Chaqueta Airblaze,84.97
96,hombre,chaquetas,G-STAR,Chaqueta Utility Pocket Puffer,94.97
