1,hombre,pantalones,G-STAR,Rovic Zip 3D Tapered Pant,99.95
2,hombre,pantalones,G-STAR,Rovic Zip 3D Tapered Pant,99.95
3,hombre,pantalones,G-STAR,Pantalones Roxic Straight Tapered Cargo,49.97
4,hombre,pantalones,G-STAR,Pantalones Roxic Straight Tapered Cargo,49.97
5,hombre,pantalones,G-STAR,Pantalones Roxic Straight Tapered Cargo,49.97
6,hombre,pantalones,G-STAR,Pantalones Fatigue Relaxed Tapered,69.97
7,hombre,pantalones,G-STAR,Pantalones deportivos Premium Core Type C,79.95
8,hombre,pantalones,G-STAR,Rovic Zip 3D Tapered Pant,99.95
9,hombre,pantalones,G-STAR,Pantalones Chino Bronson Slim,99.95
10,hombre,pantalones,G-STAR,Rovic Zip 3D Tapered Cargo Pant,99.95
11,hombre,pantalones,G-STAR,Vetar Slim Chino,89.95
12,hombre,pantalones,G-STAR,Pantalones Chino Bronson Slim,99.95
13,hombre,pantalones,G-STAR,Bronson Slim Chino,99.95
14,hombre,pantalones,G-STAR,Chinos Vetar Slim,89.95
15,hombre,pantalones,G-STAR,Vetar Slim Chino,89.95
16,hombre,pantalones,G-STAR,Vetar Slim Chino,89.95
17,hombre,pantalones,G-STAR,Chinos Vetar Slim,89.95
18,hombre,pantalones,G-STAR,Chinos Vetar Slim,89.95
19,hombre,pantalones,G-STAR,Pantalones deportivos Taping,99.95
20,hombre,pantalones,G-STAR,Pantalones Chinos Skinny,89.95
21,hombre,pantalones,G-STAR,Premium Core Type C Sweatpants,79.95
22,hombre,pantalones,G-STAR,Pantalones deportivos Taping,99.95
23,hombre,pantalones,G-STAR,Pantalones Flight Cargo Relaxed Tapered Cuffed,139.95
24,hombre,pantalones,G-STAR,Pantalones Fatique Relaxed Tapered,129.95
25,hombre,pantalones,G-STAR,Chinos Vetar Slim,109.95
26,hombre,pantalones,G-STAR,Chinos Vetar Slim,89.95
27,hombre,pantalones,G-STAR,Pantalones Deportivos Premium Core Type C,79.95
28,hombre,pantalones,G-STAR,Pantalones Deportivos Premium Core Type C,79.95
29,hombre,pantalones,G-STAR,Pantalones Deportivos Woven Mix Cargo,129.95
30,hombre,pantalones,G-STAR,Pantalones Zip Pocket 3D Skinny Cargo,99.95
31,hombre,pantalones,G-STAR,Pantalones Zip Pocket 3D Skinny Cargo,99.95
32,hombre,pantalones,G-STAR,Pantalones deportivos Chino Relaxed Cuffed,99.95
33,hombre,pantalones,G-STAR,Pantalones deportivos Chino Relaxed Cuffed,99.95
34,hombre,pantalones,G-STAR,Pantalones deportivos Moto Mixed Mesh,99.95
35,hombre,pantalones,G-STAR,Pantalones deportivos Chino Relaxed Cuffed,99.95
36,hombre,pantalones,G-STAR,Pantalones deportivos Front Pocket PM Relaxed,119.95
37,hombre,pantalones,G-STAR,Pantalones deportivos Moto Mixed Mesh,99.95
38,hombre,pantalones,G-STAR,Chinos Vetar Slim,89.95
39,hombre,pantalones,G-STAR,Pantalones Zip Pocket 3D Skinny Cargo,99.95
40,hombre,pantalones,G-STAR,Pantalones deportivos 3D Relaxed Cuffed,119.95
41,hombre,pantalones,G-STAR,Pantalones Flight Cargo Relaxed Tapered Cuffed,139.95
42,hombre,pantalones,G-STAR,Pantalones GSRR Hito Relaxed Tapered,219.95
43,hombre,pantalones,G-STAR,Chinos Vetar Denim,99.95
44,hombre,pantalones,G-STAR,Vetar Slim Chino,89.95
45,hombre,pantalones,G-STAR,Pantalones deportivos Premium Core Type C,79.95
46,hombre,pantalones,G-STAR,Pantalones Rovic Zip 3D Straight Tapered,99.95
47,hombre,pantalones,G-STAR,Pantalones deportivos Lanc Sport PM,99.95
48,hombre,pantalones,G-STAR,Pantalones deportivos Lanc Sport PM,99.95
49,hombre,pantalones,G-STAR,Chinos Vetar Slim,109.95
50,hombre,pantalones,G-STAR,Chinos Vetar Trainer,119.95
51,hombre,pantalones,G-STAR,Pantalones Roxic,49.97
52,hombre,pantalones,G-STAR,Pantalones chinos Skinny,44.97
53,hombre,pantalones,G-STAR,Pantalones Chino Skinny,49.97
54,hombre,pantalones,G-STAR,Pantalones Roxic,49.97
55,hombre,pantalones,G-STAR,Pantalones Roxic Straight Tapered Cargo,49.97
56,hombre,pantalones,G-STAR,Pantalones Chino Skinny,49.97
57,hombre,pantalones,G-STAR,Pantalones Roxic,49.97
58,hombre,pantalones,G-STAR,Pantalones Chino Skinny,49.97
59,hombre,pantalones,G-STAR,Skinny chino Pant,44.97
60,hombre,pantalones,G-STAR,Pantalones Roxic,49.97
61,hombre,pantalones,G-STAR,Chinos Varve Relaxed Pleated,83.96
62,hombre,pantalones,G-STAR,Pantalones chinos Skinny,69.96
63,hombre,pantalones,G-STAR,Pantalones deportivos Rackam 3D Slim,59.97
64,hombre,pantalones,G-STAR,Motac Slim Tapered Sweatpants,49.97
65,hombre,pantalones,G-STAR,Arris straight tapered Army Pant,74.97
66,hombre,pantalones,G-STAR,Pantalones Citishield 3D Slim Tapered Cargo,74.97
67,hombre,pantalones,G-STAR,Pantalones deportivos Rackam 3D Slim,59.97
68,hombre,pantalones,G-STAR,Pantalones de deporte Powel Slim,64.97
69,hombre,pantalones,G-STAR,Vaqueros Citishield 3D Cargo Slim Tapered,74.97
70,hombre,pantalones,G-STAR,Pantalones Droner Relaxed Tapered Cargo,64.97
71,hombre,pantalones,G-STAR,Pantalones Chino Vetar Cuffed,49.97
72,hombre,pantalones,G-STAR,Sweatpants Premium Core,49.97
73,hombre,pantalones,G-STAR,Pantalones Chino Loic Relaxed Tapered,59.97
74,hombre,pantalones,G-STAR,Pantalones Droner Relaxed Tapered Cargo,64.97
75,hombre,pantalones,G-STAR,Pantalones Flight Cargo 3D Skinny,83.96
76,hombre,pantalones,G-STAR,Pantalones Flight Cargo 3D Skinny,83.96
77,hombre,pantalones,G-STAR,Pantalones Citishield 3D Slim Tapered Cargo,74.97
78,hombre,pantalones,G-STAR,Chinos Vetar Slim,76.96
79,hombre,pantalones,G-STAR,Pantalones Jungle Relaxed Tapered Cargo,69.97
80,hombre,pantalones,G-STAR,Chinos Varve Relaxed Pleated,59.97
81,hombre,pantalones,G-STAR,Pantalones Chino Vetar Cuffed Slim,49.97
82,hombre,pantalones,G-STAR,Chinos Vetar Slim,59.97
83,hombre,pantalones,G-STAR,Skinny chino Pant,44.97
84,hombre,pantalones,G-STAR,Chinos Loic Relaxed Tapered,59.97
85,hombre,pantalones,G-STAR,Pantalones Torrick Relaxed,64.97
86,hombre,pantalones,G-STAR,Chino Vetar Slim,44.97
87,hombre,pantalones,G-STAR,Jeans Citishield 3D Cargo Slim Tapered,74.97
88,hombre,pantalones,G-STAR,Jeans Citishield 3D Cargo Slim Tapered,104.96
89,hombre,pantalones,G-STAR,Pantalones deportivos 3D Relaxed Cuffed,59.97
90,hombre,pantalones,G-STAR,Pantalones Air Defence Zip 3D Sport Cuffed Slim,69.97
91,hombre,pantalones,G-STAR,Chinos Vetar Slim,49.97
92,hombre,pantalones,G-STAR,Pantalones D-Staq Slim 5-Pockets,49.97
93,hombre,pantalones,G-STAR,Pantalones deportivos 3D Relaxed,59.97
94,hombre,pantalones,G-STAR,Pantalones chinos Skinny,62.96
95,hombre,pantalones,G-STAR,Roxic straight tapered cargo pant,59.97
96,hombre,pantalones,G-STAR,Torrick Relaxed Army Pant,64.97
