1,mujer,sudaderas,G-STAR,Sudadera Premium Core Hooded,79.95
2,mujer,sudaderas,G-STAR,Sudadera Fabric Mix Zip,99.95
3,mujer,sudaderas,G-STAR,Sudadera Oversized Hood Cover,119.95
4,mujer,sudaderas,G-STAR,Sudadera con capucha Premium Core,79.95
5,mujer,sudaderas,G-STAR,Sudadera con capucha Premium Core Zip Through,89.95
6,mujer,sudaderas,G-STAR,Sudadera con capucha Premium Core Zip Through,89.95
7,mujer,sudaderas,G-STAR,Sudadera Loose Fit Camo All Over,89.95
8,mujer,sudaderas,G-STAR,Sudadera Oversized Hood Cover,119.95
9,mujer,sudaderas,G-STAR,Sudadera con capucha Premium Core Zip Through,89.95
10,mujer,sudaderas,G-STAR,Sudadera Boat Neck,79.95
11,mujer,sudaderas,G-STAR,Sudadera con capucha Loose Fit Faded Back Graphic,99.95
12,mujer,sudaderas,G-STAR,Sudadera con capucha Loose Fit Faded Back Graphic,99.95
13,mujer,sudaderas,G-STAR,Sudadera con capucha Reversible Zip Through,249.95
14,mujer,sudaderas,G-STAR,Sudadera Loose Fit Camo All Over,89.95
15,mujer,sudaderas,G-STAR,Sudadera Premium Core Hooded,79.95
16,mujer,sudaderas,G-STAR,Sudadera Premium Core,69.95
17,mujer,sudaderas,G-STAR,Sudadera Premium Core Hooded,79.95
18,mujer,sudaderas,G-STAR,Top deportivo Branded Tape,99.95
19,mujer,sudaderas,G-STAR,Sudadera Premium Core,69.95
20,mujer,sudaderas,G-STAR,Jersey Gráfico con Capucha,89.95
21,mujer,sudaderas,G-STAR,Jersey Gráfico con Capucha,89.95
22,mujer,sudaderas,G-STAR,Jersey Gráfico con Capucha,89.95
23,mujer,sudaderas,G-STAR,Sudadera Premium Core Hooded Zip Through,89.95
24,mujer,sudaderas,G-STAR,Sudadera Pabe,109.95
25,mujer,sudaderas,G-STAR,Sudadera Premium Core,69.95
26,mujer,sudaderas,G-STAR,Sudadera Raw Dot Collar Zip,99.95
27,mujer,sudaderas,G-STAR,Sudadera High Turtle Neck Loose,89.95
28,mujer,sudaderas,G-STAR,Sudadera High Turtle Neck Loose,89.95
29,mujer,sudaderas,G-STAR,Sudadera E Raglan Sleeve Cropped,149.95
30,mujer,sudaderas,G-STAR,Sudadera Premium Core,69.95
31,mujer,sudaderas,G-STAR,Sudadera con capucha Premium Core,79.95
32,mujer,sudaderas,G-STAR,Oluva Oversized Sweater,79.95
33,mujer,sudaderas,G-STAR,Sudadera con capucha Premium Core Zip Through,89.95
34,mujer,sudaderas,G-STAR,Top deportivo Branded Tape,99.95
35,mujer,sudaderas,G-STAR,Sudadera Premium Core Hooded,79.95
36,mujer,sudaderas,G-STAR,Sudadera con capucha Premium Core,79.95
37,mujer,sudaderas,G-STAR,Sudadera Premium Core,69.95
38,mujer,sudaderas,G-STAR,Lynaz Hooded Sweater,89.95
39,mujer,sudaderas,G-STAR,Sudadera Multi GR Relaxed,39.97
40,mujer,sudaderas,G-STAR,Sudadera Venarux Xzyph,39.97
41,mujer,sudaderas,G-STAR,Xzula Panel Raw GR Sweater,34.97
42,mujer,sudaderas,G-STAR,Sudadera Pleat Loose Collar,44.97
43,mujer,sudaderas,G-STAR,Sudadera Graphic Text Relaxed,34.97
44,mujer,sudaderas,G-STAR,Chaqueta deportiva Indigo Sweat,64.97
45,mujer,sudaderas,G-STAR,Sudadera Graphic Thistle Xzyph,34.97
46,mujer,sudaderas,G-STAR,Sudadera Premium Core,34.97
47,mujer,sudaderas,G-STAR,Sudadera Graphic 21 Lynaz,44.97
48,mujer,sudaderas,G-STAR,Sudadera Graphic Oversized,49.97
49,mujer,sudaderas,G-STAR,Sudadera Glossy Jasmar,39.97
50,mujer,sudaderas,G-STAR,Sudadera Xzyph Yarn Dyed Stripe,39.97
51,mujer,sudaderas,G-STAR,Sudadera con capucha Oversized Cropped,44.97
52,mujer,sudaderas,G-STAR,Sudadera Multi GR Relaxed,39.97
53,mujer,sudaderas,G-STAR,Sudadera Graphic Thistle Xzyph,34.97
54,mujer,sudaderas,G-STAR,Sudadera The Boyfriend Hooded,44.97
55,mujer,sudaderas,G-STAR,Sudadera Graphic Text Relaxed,34.97
56,mujer,sudaderas,G-STAR,Sudadera Loose,39.97
57,mujer,sudaderas,G-STAR,Sudadera Nostelle Cropped,34.97
58,mujer,sudaderas,G-STAR,Sudadera The Boyfriend Hooded,44.97
59,mujer,sudaderas,G-STAR,Sudadera Graphic Oversized,49.97
60,mujer,sudaderas,G-STAR,Sudadera Premium Core Hooded Zip Through,44.97
61,mujer,sudaderas,G-STAR,Sudadera Graphic Text Relaxed,34.97
62,mujer,sudaderas,G-STAR,Jasmar hooded sw wmn l\s,39.97
63,mujer,sudaderas,G-STAR,Sudadera Loose Hooded,44.97
64,mujer,sudaderas,G-STAR,Sudadera Loose,39.97
65,mujer,sudaderas,G-STAR,Sudadera Xzyph Allover,44.97
66,mujer,sudaderas,G-STAR,Sudadera Carley High Collar,90.96
67,mujer,sudaderas,G-STAR,Jasmar hooded sw wmn l\s,39.97
68,mujer,sudaderas,G-STAR,Sudadera Loose Hooded,44.97
69,mujer,sudaderas,G-STAR,Sudadera Rei Loose Collar,39.97
70,mujer,sudaderas,G-STAR,Sudadera Rei Loose Collar,39.97
71,mujer,sudaderas,G-STAR,Sudadera Xzyph Incremis Crossover,44.97
72,mujer,sudaderas,G-STAR,Sudadera Xzyph Yarn Dyed Stripe,39.97
73,mujer,sudaderas,G-STAR,Sudadera Xzyph Incremis,39.97
74,mujer,sudaderas,G-STAR,Sudadera Nostelle Cropped,39.97
75,mujer,sudaderas,G-STAR,Cazadora Xzula Bomber Sweat,49.97
76,mujer,sudaderas,G-STAR,Sudadera Jasmar Hooded,34.97
77,mujer,sudaderas,G-STAR,Sudadera Fyx Biker Hooded,49.97
78,mujer,sudaderas,G-STAR,Utility bf hdd sw wmn l\s,44.97
79,mujer,sudaderas,G-STAR,Sudadera con capucha Graphic Raw Oversized,44.97
80,mujer,sudaderas,G-STAR,Jersey Carley,83.96
81,mujer,sudaderas,G-STAR,Sudadera Premium Core Hooded,39.97
82,mujer,sudaderas,G-STAR,Sudadera Graphic Text Relaxed,48.96
83,mujer,sudaderas,G-STAR,Sudadera Rei Hooded,44.97
84,mujer,sudaderas,G-STAR,Sudadera Rei Hooded,44.97
85,mujer,sudaderas,G-STAR,Sudadera Fyx Biker Hooded,49.97
86,mujer,sudaderas,G-STAR,Sudadera Fyx Biker 2-Tone,49.97
87,mujer,sudaderas,G-STAR,Sudadera Xzula Zip,44.97
