1,mujer,sudaderas,Guess,SUDADERA TIE DYE BORDADOS,89.90
2,mujer,sudaderas,Guess,SUDADERA CON LOGO ,89.90
3,mujer,sudaderas,Guess,SUDADERA LOGOTIPO ICON,79.90
4,mujer,sudaderas,Guess,SUDADERA LOGO ICON,89.90
5,mujer,sudaderas,Guess,SUDADERA LOGOTIPO FRONTAL,69.90
6,mujer,sudaderas,Guess,SUDADERA CAPUCHA LOGOTIPO,69.90
7,mujer,sudaderas,Guess,SUDADERA CORTA LOGOTIPO FRONTAL,69.90
8,mujer,sudaderas,Guess,SUDADERA LOGOTIPO FRONTAL,59.90
9,mujer,sudaderas,Guess,SUDADERA LOGO FRONTAL,79.90
10,mujer,sudaderas,Guess,SUDADERA LOGO ICONO,79.90
11,mujer,sudaderas,Guess,SUDADERA LOGOTIPO FRONTAL,79.90
12,mujer,sudaderas,Guess,SUDADERA INSCRIPCIÓN LOGOTIPO,79.90
13,mujer,sudaderas,Guess,SUDADERA CON BANDA CON LOGO,69.90
14,mujer,sudaderas,Guess,SUDADERA CAPUCHA,69.90
15,mujer,sudaderas,Guess,SUDADERA LOGO TRIÁNGULO BORDADOS,69.90
16,mujer,sudaderas,Guess,SUDADERA LOGOTIPO CAPUCHA,89.90
17,mujer,sudaderas,Guess,SUDADERA LOGOTIPO CAPUCHA,89.90
18,mujer,sudaderas,Guess,SUDADERA CON CORDÓN AJUSTABLE CON LOGO,79.90
19,mujer,sudaderas,Guess,SUDADERA LOGO FRONTAL,69.90
20,mujer,sudaderas,Guess,SUDADERA LOGO FRONTAL,49.90
21,mujer,sudaderas,Guess,SUDADERA CIERRE CON CREMALLERA CON LOGO,69.90
22,mujer,sudaderas,Guess,SUDADERA CON CREMALLERA CON BANDA CON LOGO,79.90
23,mujer,sudaderas,Guess,SUDADERA INSCRIPCIÓN LOGOTIPO,79.90
24,mujer,sudaderas,Guess,SUDADERA TRIÁNGULO LOGOTIPO  ,69.90
25,mujer,sudaderas,Guess,SUDADERA CON CAPUCHA Y PARCHE CON LOGO,69.90
26,mujer,sudaderas,Guess,SUDADERA TRIÁNGULO LOGO,79.90
27,mujer,sudaderas,Guess,SUDADERA LOGOTIPO TRIÁNGULO STRASS,79.90
28,mujer,sudaderas,Guess,SUDADERA LOGOTIPO FRONTAL,79.90
29,mujer,sudaderas,Guess,SUDADERA TRIÁNGULO LOGO,99.90
30,mujer,sudaderas,Guess,SUDADERA LOGO TRIÁNGULO FRONTAL,69.90
31,mujer,sudaderas,Guess,SUDADERA DE SCUBA ,69.90
32,mujer,sudaderas,Guess,SUDADERA CROP CON CAPUCHA,99.90
33,mujer,sudaderas,Guess,SUDADERA CON CREMALLERA CON BANDA CON LOGO,79.90
34,mujer,sudaderas,Guess,SUDADERA J BALVIN COLOR BLOCK,79.90
35,mujer,sudaderas,Guess,SUDADERA LENTEJUELAS FRONTALES,79.90
36,mujer,sudaderas,Guess,SUDADERA CON CAPUCHA CON LOGO ALL OVER,79.90
37,mujer,sudaderas,Guess,SUDADERA CON CAPUCHÓN TRIÁNGULO LOGO,79.90
38,mujer,sudaderas,Guess,SUDADERA CROP CAPUCHÓN FRONTAL,79.90
39,mujer,sudaderas,Guess,SUDADERA CON LOGO,69.90
40,mujer,sudaderas,Guess,SUDADERA CREMALLERAS FRONTALES,69.90
41,mujer,sudaderas,Guess,SUDADERA SCUBA CROP CON CAPUCHA,69.90
42,mujer,sudaderas,Guess,SUDADERA LOGO FRONTAL LAMINADO,79.90
43,mujer,sudaderas,Guess,SUDADERA SCUBA CON LOGO,79.90
44,mujer,sudaderas,Guess,SUDADERA CON LOGO BORDADO,79.90
45,mujer,sudaderas,Guess,SUDADERA CON LOGO APLICACIONES JOYA,89.90
46,mujer,sudaderas,Guess,SUDADERA TIE DYE BORDADOS,89.90
47,mujer,sudaderas,Guess,SUDADERA TIE DYE BORDADOS,89.90
48,mujer,sudaderas,Guess,SUÉTER CUELLO PERKINS,89.90
49,mujer,sudaderas,Guess,SHORTS DE FELPA J BALVIN COLOR BLOCK,49.90
50,mujer,sudaderas,Guess,SUÉTER CUELLO ALTO,49.90
51,mujer,sudaderas,Guess,PANTALONES DE FELPA J BALVIN COLOR BLOCK,69.90
52,mujer,sudaderas,Guess,SUÉTER MANGAS GLOBO,69.90
53,mujer,sudaderas,Guess,SUÉTER ESCOTE V,69.90
54,mujer,sudaderas,Guess,SUÉTER MARCIANO CREMALLERA,69.90
55,mujer,sudaderas,Guess,SUÉTER MANGAS GLOBO,69.90
56,mujer,sudaderas,Guess,SUÉTER MARCIANO TRANSPARENCIAS,69.90
57,mujer,sudaderas,Guess,SUÉTER LOGO FRONTAL CON ESTRÁS,69.90
58,mujer,sudaderas,Guess,SUÉTER APLICACIONES JOYA FRONTALES,69.90
59,mujer,sudaderas,Guess,SUÉTER MARCIANO MEZCLA DE LANA,69.90
60,mujer,sudaderas,Guess,SUÉTER MARCIANO TEJIDO TRANSPARENTE,69.90
61,mujer,sudaderas,Guess,SUÉTER CUELLO ALTO ,69.90
62,mujer,sudaderas,Guess,SUÉTER MIXTO DE VISCOSA LOGO FRONTAL,69.90
63,mujer,sudaderas,Guess,SUÉTER CUELLO ALTO ,69.90
64,mujer,sudaderas,Guess,SUÉTER HOMBROS AL AIRE ,69.90
65,mujer,sudaderas,Guess,SUÉTER BORDADO LOGOTIPO 4G ,69.90
66,mujer,sudaderas,Guess,SUÉTER MEZCLA LANA MARCIANO,69.90
67,mujer,sudaderas,Guess,ROMPEVIENTOS DEPORTIVO SCUBA COLOR FLUO,89.90
68,mujer,sudaderas,Guess,SUDADERA CAPUCHA,69.90
69,mujer,sudaderas,Guess,CHAQUETA SCUBA CON CREMALLERA Y LOGO,69.90
70,mujer,sudaderas,Guess,SUDADERA LOGOTIPO FRONTAL,59.90
71,mujer,sudaderas,Guess,SUDADERA LOGOTIPO FRONTAL,59.90
72,mujer,sudaderas,Guess,SUDADERA TRIÁNGULO LOGO,79.90
73,mujer,sudaderas,Guess,SUDADERA TRIÁNGULO LOGO,79.90
74,mujer,sudaderas,Guess,SUDADERA LOGOTIPO FRONTAL,79.90
75,mujer,sudaderas,Guess,SUDADERA LOGOTIPO FRONTAL,79.90
76,mujer,sudaderas,Guess,SUDADERA TRIÁNGULO LOGO,99.90
77,mujer,sudaderas,Guess,SUDADERA SCUBA CON LOGO,79.90
78,mujer,sudaderas,Guess,SUDADERA TRIÁNGULO LOGO,99.90
79,mujer,sudaderas,Guess,SUDADERA CON BANDA CON LOGO,69.90
80,mujer,sudaderas,Guess,SUDADERA LOGOTIPO CAPUCHA,89.90
81,mujer,sudaderas,Guess,SUDADERA CAPUCHA LOGOTIPO FRONTAL,59.90
82,mujer,sudaderas,Guess,SUDADERA CON LOGO APLICACIONES JOYA,89.90
83,mujer,sudaderas,Guess,SUDADERA CIERRE CON CREMALLERA CON LOGO,69.90
84,mujer,sudaderas,Guess,SUDADERA CAPUCHA LOGOTIPO FRONTAL,59.90
85,mujer,sudaderas,Guess,SUDADERA CON CREMALLERA CON BANDA CON LOGO,79.90
86,mujer,sudaderas,Guess,SUDADERA J BALVIN COLOR BLOCK,79.90
87,mujer,sudaderas,Guess,CHAQUETA DE PIEL SINTÉTICA BORDADA,79.90
88,mujer,sudaderas,Guess,JERSEY APLICACIONES JOYA,79.90
89,mujer,sudaderas,Guess,JERSEY MARCIANO APLICACIONES,79.90
90,mujer,sudaderas,Guess,SUÉTER LOGO FRONTAL,39.90
91,mujer,sudaderas,Guess,SUÉTER DETALLE BORDADO,39.90
92,mujer,sudaderas,Guess,SUÉTER APLICACIONES FRONTALES,39.90
93,mujer,sudaderas,Guess,SUÉTER DETALLE BORDADO,39.90
94,mujer,sudaderas,Guess,SUÉTER MIXTO LANA ,39.90
95,mujer,sudaderas,Guess,SUÉTER MANGAS CON APLICACIONES,39.90
96,mujer,sudaderas,Guess,SUÉTER EFECTO GLITTER,39.90
97,mujer,sudaderas,Guess,SUÉTER ESCOTE REDONDO,39.90
98,mujer,sudaderas,Guess,SUÉTER APLICACIÓN ENCAJE,39.90
99,mujer,sudaderas,Guess,SUÉTER LABOR TRENZA,39.90
100,mujer,sudaderas,Guess,SUÉTER MOTIVO DE RAYAS,39.90
101,mujer,sudaderas,Guess,SUÉTER ESCOTE TACHAS,39.90
102,mujer,sudaderas,Guess,SUÉTER MOTIVO DE RAYAS,39.90
103,mujer,sudaderas,Guess,SUÉTER MOTIVO DE RAYAS,39.90
104,mujer,sudaderas,Guess,SUÉTER MARCIANO TRANSPARENCIAS,39.90
105,mujer,sudaderas,Guess,SUÉTER BAJO ENCAJE,39.90
106,mujer,sudaderas,Guess,SUÉTER MARCIANO CREMALLERAS HOMBROS,39.90
107,mujer,sudaderas,Guess,SUÉTER APLICACIONES BOTONES MANGAS,39.90
108,mujer,sudaderas,Guess,SUÉTER MARCIANO CUELLO ALTO,39.90
109,mujer,sudaderas,Guess,SUÉTER LOGO ESTAMPADO APLICACIONES,39.90
110,mujer,sudaderas,Guess,SUÉTER DETALLE CORSÉ MANGAS,39.90
111,mujer,sudaderas,Guess,SUÉTER DETALLE LOGO FRONTAL,39.90
112,mujer,sudaderas,Guess,SUÉTER MARCIANO MEZCLA DE LANA,39.90
113,mujer,sudaderas,Guess,SUÉTER CON ANIMAL PRINT BANDAS,39.90
114,mujer,sudaderas,Guess,SUÉTER MEZCLA DE LANA LABOR,39.90
115,mujer,sudaderas,Guess,SUÉTER DE CUELLO ALTO MARCIANO,39.90
116,mujer,sudaderas,Guess,SUÉTER CROP CIERRE TRASERO,39.90
117,mujer,sudaderas,Guess,SUÉTER MARCIANO UN SOLO HOMBRO,39.90
118,mujer,sudaderas,Guess,SUÉTER APLICACIONES PERLAS JOYA,39.90
119,mujer,sudaderas,Guess,SUÉTER TIRAS LOGO ESTAMPADO,39.90
120,mujer,sudaderas,Guess,SUÉTER MOTIVO A RAYAS TACHUELAS,39.90
121,mujer,sudaderas,Guess,SUÉTER MOTIVO A RAYAS TACHUELAS,39.90
122,mujer,sudaderas,Guess,SUÉTER CORTO CREMALLERA,39.90
123,mujer,sudaderas,Guess,SUÉTER CUELLO ALTO MIXTO ALPACA,39.90
124,mujer,sudaderas,Guess,SUÉTER MOTIVO DE RAYAS ESTAMPADO LOGO,39.90
125,mujer,sudaderas,Guess,SUÉTER DE CUELLO ALTO EFECTO PELUCHE,39.90
126,mujer,sudaderas,Guess,SUÉTER ESTILO COLLEGE LOGO FRONTAL,39.90
127,mujer,sudaderas,Guess,SUDADERA,39.90
128,mujer,sudaderas,Guess,SUÉTER LABOR JACQUARD INSCRIPCIONES,39.90
129,mujer,sudaderas,Guess,SUÉTER DETALLE LABOR CORSÉ,39.90
130,mujer,sudaderas,Guess,SUÉTER MARCIANO MANGAS DRAPEADAS,39.90
131,mujer,sudaderas,Guess,SUDADERA LOGOTIPO FRONTAL,39.90
132,mujer,sudaderas,Guess,SUDADERA CIERRE CON CREMALLERA,39.90
133,mujer,sudaderas,Guess,SUDADERA MODELO REVERSIBLE,39.90
134,mujer,sudaderas,Guess,SUDADERA CON CAPUCHA LOGO FRONTAL,39.90
135,mujer,sudaderas,Guess,SUDADERA SHOP THE LOOK NEGRO,39.90
136,mujer,sudaderas,Guess,SUDADERA SHOP THE LOOK BLANCO,39.90
