1,mujer,pantalones,Guess,LEGGINGS CINTURA ELÁSTICA ,69.90
2,mujer,pantalones,Guess,LEGGINGS PIEL SINTÉTICA,79.90
3,mujer,pantalones,Guess,PANTALÓN MARCIANO CAPRI,119.00
4,mujer,pantalones,Guess,PANTALÓN PALAZZO CROPPED,99.90
5,mujer,pantalones,Guess,JOGGERS PUNTO,89.90
6,mujer,pantalones,Guess,PANTALÓN ESTAMPADO FLORAL MARCIANO,159.00
7,mujer,pantalones,Guess,VAQUEROS FIT AND FLARE MARCIANO,139.00
8,mujer,pantalones,Guess,PANTALONES DE FELPA J BALVIN COLOR BLOCK,69.90
9,mujer,pantalones,Guess,PANTALÓN SKINNY CREMALLERA MARCIANO,149.00
10,mujer,pantalones,Guess,PANTALÓN MOLDEADOR PUSH UP ,99.90
11,mujer,pantalones,Guess,PANTALÓN PALAZZO ESTAMPADO ALL OVER,99.90
12,mujer,pantalones,Guess,PANTALÓN CINTURÓN RELAJADO,119.90
13,mujer,pantalones,Guess,PANTALÓN PUNTO BANDA LATERAL,89.90
14,mujer,pantalones,Guess,PANTALÓN SLIM MARCIANO,139.00
15,mujer,pantalones,Guess,PANTALÓN SKINNY CARGO,109.90
16,mujer,pantalones,Guess,PANTALÓN PITILLO MARCIANO,159.00
17,mujer,pantalones,Guess,PANTALÓN CINTURÓN COMFORT ,109.90
18,mujer,pantalones,Guess,PANTALÓN CON TRIÁNGULO LOGO,89.90
19,mujer,pantalones,Guess,PANTALÓN ESTAMPADO MARCIANO,179.00
20,mujer,pantalones,Guess,PANTALÓN CON LOGO FRONTAL,69.90
21,mujer,pantalones,Guess,PANTALÓN SKINNY CUADROS VICHY,79.90
22,mujer,pantalones,Guess,LEGGINGS CREMALLERA FRONTAL,89.90
23,mujer,pantalones,Guess,PANTALÓN SKINNY,89.90
24,mujer,pantalones,Guess,PANTALÓN SKINNY SUPERELÁSTICO,99.90
25,mujer,pantalones,Guess,PANTALÓN ESTAMPADO MARCIANO,159.00
26,mujer,pantalones,Guess,PANTALONES LENTEJUELAS PATA ANCHA,119.90
27,mujer,pantalones,Guess,LEGGINGS PIEL SINTÉTICA ,79.90
28,mujer,pantalones,Guess,PANTALÓN RELAJADO CINTURÓN,119.90
29,mujer,pantalones,Guess,JEGGINGS COLOR BLOCK,79.90
30,mujer,pantalones,Guess,PANTALÓN LOGOTIPO TRIÁNGULO,59.90
31,mujer,pantalones,Guess,PANTALÓN REGULAR CREMALLERA,89.90
32,mujer,pantalones,Guess,PANTALÓN PUNTO,99.90
33,mujer,pantalones,Guess,LEGGINGS MONACO PONTE,79.90
34,mujer,pantalones,Guess,PANTALONES J BALVIN COLOR BLOCK,89.90
35,mujer,pantalones,Guess,PANTALÓN PALAZZO ESTAMPADO ALL OVER,129.90
36,mujer,pantalones,Guess,LEGGINGS ELÁSTICOS MARCIANO,119.00
37,mujer,pantalones,Guess,PANTALÓN TALLE ALTO MARCIANO,119.00
38,mujer,pantalones,Guess,PANTALÓN SKINNY BORDADO,99.90
39,mujer,pantalones,Guess,PANTALÓN MOLDEADOR ANIMALIER ,109.90
40,mujer,pantalones,Guess,PANTALÓN CORTE SKINNY MARCIANO,139.00
41,mujer,pantalones,Guess,PANTALÓN SCUBA,79.90
42,mujer,pantalones,Guess,PANTALÓN CON LOGO,64.90
43,mujer,pantalones,Guess,PANTALÓN PITILLO MARCIANO,139.00
44,mujer,pantalones,Guess,PANTALÓN CON BANDA CON LOGO,79.90
45,mujer,pantalones,Guess,PANTALÓN PLACA METAL MARCIANO,79.90
46,mujer,pantalones,Guess,JOGGERS CARGO,79.90
47,mujer,pantalones,Guess,PANTALÓN CREPÉ HEBILLA MARCIANO,79.90
48,mujer,pantalones,Guess,PANTALÓN PALAZZO FLORAL,79.90
49,mujer,pantalones,Guess,PANTALÓN SKINNY FLOCADO,79.90
50,mujer,pantalones,Guess,PANTALÓN CARGO RASO,79.90
51,mujer,pantalones,Guess,PANTALÓN CORTE RELAJADO CINTURÓN,79.90
52,mujer,pantalones,Guess,MARCIANO PANTALÓN SKINNY,79.90
53,mujer,pantalones,Guess,JOGGER CON LOGO EN BANDA LATERAL CINTURA ELÁSTICA ,79.90
54,mujer,pantalones,Guess,PANTALÓN ESTAMPADO INTEGRAL,79.90
55,mujer,pantalones,Guess,MARCIANO PANTALÓN CON CINTURÓN,79.90
56,mujer,pantalones,Guess,JOGGERS CARGO CAMUFLAJE,79.90
57,mujer,pantalones,Guess,PANTALÓN CREPÉ CORTE MARCIANO,79.90
58,mujer,pantalones,Guess,PANTALÓN RELAJADO ESTAMPADO ALL OVER ,79.90
59,mujer,pantalones,Guess,PANTALÓN MARCIANO BOTÓN,79.90
60,mujer,pantalones,Guess,PANTALÓN CORTE SKINNY ESTAMPADO,79.90
61,mujer,pantalones,Guess,PANTALÓN SKINNY,79.90
62,mujer,pantalones,Guess,JOGGERS CARGO,79.90
63,mujer,pantalones,Guess,PANTALÓN MOTIVO LUNARES,79.90
64,mujer,pantalones,Guess,PANTALÓN CREPÉ,79.90
65,mujer,pantalones,Guess,PANTALÓN APLICACIONES TACHAS,79.90
66,mujer,pantalones,Guess,PANTALÓN PRÍNCIPE DE GALES ,79.90
67,mujer,pantalones,Guess,PANTALÓN CON CINTURÓN CARGO ,79.90
68,mujer,pantalones,Guess,PANTALÓN SKINNY ENCERADO ,79.90
69,mujer,pantalones,Guess,PANTALÓN CREPÉ CINTURÓN,79.90
70,mujer,pantalones,Guess,PANTALÓN ESTAMPADO MARCIANO,79.90
71,mujer,pantalones,Guess,PANTALÓN ESTAMPADO BARROCO MARCIANO,79.90
72,mujer,pantalones,Guess,PANTALÓN HILO LÚREX MARCIANO,79.90
73,mujer,pantalones,Guess,PANTALÓN SKINNY ESTAMPADO ANIMALIER,79.90
74,mujer,pantalones,Guess,PANTALÓN MARCIANO PALAZZO,79.90
75,mujer,pantalones,Guess,JOGGER DE RASO ,79.90
76,mujer,pantalones,Guess,PANTALÓN SUPER SKINNY CREMALLERA,79.90
77,mujer,pantalones,Guess,LEGGINGS TEJIDO PONTE MARCIANO,79.90
78,mujer,pantalones,Guess,LEGGINGS SKINNY PATA DE GALLO,79.90
79,mujer,pantalones,Guess,PANTALÓN ELÁSTICO CREPÉ ,79.90
80,mujer,pantalones,Guess,PANTALÓN SKINNY,79.90
81,mujer,pantalones,Guess,PANTALÓN TEJIDO PONTE MARCIANO,79.90
82,mujer,pantalones,Guess,PANTALÓN HILO LÚREX MARCIANO,79.90
83,mujer,pantalones,Guess,LEGGINGS DE CUERO SINTÉTICO SÚPER SLIM ,79.90
84,mujer,pantalones,Guess,PANTALÓN TARTAN MONACO PONTE,79.90
85,mujer,pantalones,Guess,LEGGING PIEL SINTÉTICA SIMIL PELLE RUGOSO ,79.90
