1,mujer,bolsos,Guess,MINIBOLSO DE MANO HENSELY,115.00
2,mujer,bolsos,Guess,BOLSO DE MANO DESTINY CHARM,139.00
3,mujer,bolsos,Guess,HOBO DESTINY,149.00
4,mujer,bolsos,Guess,BOLSO DE MANO DESTINY CHARM CORREA,129.00
5,mujer,bolsos,Guess,BOLSO DE HOMBRO ILLY ACOLCHADO,145.00
6,mujer,bolsos,Guess,MINIBANDOLERA HENSELY,115.00
7,mujer,bolsos,Guess,HOBO HENSELY,125.00
8,mujer,bolsos,Guess,RIÑONERA ILLY ACOLCHADA,99.00
9,mujer,bolsos,Guess,BOLSO DE MANO DESTINY CORREA,139.00
10,mujer,bolsos,Guess,HOBO BRIGHTSIDE,125.00
11,mujer,bolsos,Guess,BOLSO DE HOMBRO BRIGHTSIDE,119.00
12,mujer,bolsos,Guess,SHOPPER MIKA,149.00
13,mujer,bolsos,Guess,BOLSO DE MANO ILLY ACOLCHADO,145.00
14,mujer,bolsos,Guess,BANDOLERA ILLY ACOLCHADO,135.00
15,mujer,bolsos,Guess,BANDOLERA CESSILY TWEED,135.00
16,mujer,bolsos,Guess,BANDOLERA CORILY COCODRILO,95.00
17,mujer,bolsos,Guess,SHOPPER NOELLE LOGO 4G,139.00
18,mujer,bolsos,Guess,BOLSO DE MANO MIKA,145.00
19,mujer,bolsos,Guess,BOLSO DE MANO KATEY BANDOLERA,149.00
20,mujer,bolsos,Guess,BOLSO DE MANO CATHLEEN LOGOTIPO 4G,149.00
21,mujer,bolsos,Guess,MAXISHOPPER VIKKY 4G LOGOTIPO,145.00
22,mujer,bolsos,Guess,BOLSO DE MANO ILLY ACOLCHADO,145.00
23,mujer,bolsos,Guess,SHOPPER GRANDE VIKKY POCHETTE,135.00
24,mujer,bolsos,Guess,BOLSO LUXE REY ESTAMPADO COCODRILO,270.00
25,mujer,bolsos,Guess,SHOPPER NOELLE LOGOTIPO 4G,139.00
26,mujer,bolsos,Guess,SHOPPER MONIQUE LOGO 4G,129.00
27,mujer,bolsos,Guess,MAXICARTERA KATEY LOGOTIPO 4G,59.00
28,mujer,bolsos,Guess,SHOPPER NOELLE LOGOTIPO 4G,139.00
29,mujer,bolsos,Guess,MAXISHOPPER MONIQUE LOGOTIPO 4G,129.00
30,mujer,bolsos,Guess,MINICARTERA CATHLEEN LOGO 4G,45.00
31,mujer,bolsos,Guess,BOLSO DE MANO MIKA LOGOTIPO 4G,145.00
32,mujer,bolsos,Guess,BANDOLERA KATEY ESTAMPADO PITÓN,129.00
33,mujer,bolsos,Guess,MAXICARTERA MIKA,59.00
34,mujer,bolsos,Guess,MAXICARTERA MIKA,59.00
35,mujer,bolsos,Guess,SHOPPER ALBY 4G LOGOTIPO,135.00
36,mujer,bolsos,Guess,BOLSO DE MANO KATEY COCODRILO,135.00
37,mujer,bolsos,Guess,SHOPPER NOELLE CHARM LOGOTIPO,135.00
38,mujer,bolsos,Guess,BOLSO DE MANO VALY LOGO 4G,149.00
39,mujer,bolsos,Guess,MINISHOPPER MONIQUE 4G LOGOTIPO,115.00
40,mujer,bolsos,Guess,CARTERA ILLY ACOLCHADO,59.00
41,mujer,bolsos,Guess,BOLSO DE MANO KATEY BANDOLERA,109.00
42,mujer,bolsos,Guess,BANDOLERA KAMINA ACOLCHADA,129.00
43,mujer,bolsos,Guess,BOLSO DE MANO DESTINY CHARM,139.00
44,mujer,bolsos,Guess,BOLSO DE MANO KATEY LOGOTIPO 4G,149.00
45,mujer,bolsos,Guess,BOLSO DE HOMBRO KATEY,149.00
46,mujer,bolsos,Guess,MAXICARTERA DILLA,59.00
47,mujer,bolsos,Guess,SHOPPER NOELLE ELITE,135.00
48,mujer,bolsos,Guess,ORGANIZADOR VALY TIRADOR LARGO,59.00
49,mujer,bolsos,Guess,BOLSO DE MANO HENSELY LOGOTIPO 4G,145.00
50,mujer,bolsos,Guess,SHOPPER JENSEN DOS ASAS COCODRILO,149.00
51,mujer,bolsos,Guess,BOLSO DE MANO STEPHI COCODRILO,149.00
52,mujer,bolsos,Guess,BOLSO DE MANO MONIQUE LOGO 4G,115.00
53,mujer,bolsos,Guess,SHOPPER MIKA 4G LOGOTIPO,149.00
54,mujer,bolsos,Guess,BOLSO DE MANO BLING ANIMAL TACHUELA,145.00
55,mujer,bolsos,Guess,SHOPPER NAYA LOGOTIPO 4G,139.00
56,mujer,bolsos,Guess,MAXICARTERA VALY LOGOTIPO 4G,59.00
57,mujer,bolsos,Guess,BANDOLERA KAMINA DENIM,125.00
58,mujer,bolsos,Guess,MAXICARTERA AMBROSE,59.00
59,mujer,bolsos,Guess,MOCHILA MANHATTAN 4G LOGOTIPO,139.00
60,mujer,bolsos,Guess,TROLLEY WILDER 4G LOGOTIPO PEONÍA,185.00
61,mujer,bolsos,Guess,MINICARTERA MIKA LOGOTIPO 4G,55.00
62,mujer,bolsos,Guess,SHOPPER LORENNA LOGO 4G,149.00
63,mujer,bolsos,Guess,BOLSO DE MANO ILLY ACOLCHADO,145.00
64,mujer,bolsos,Guess,BOLSO DE MANO AMBROSE 4G LOGOTIPO,145.00
65,mujer,bolsos,Guess,SHOPPER NAYA LOGOTIPO 4G,139.00
66,mujer,bolsos,Guess,CARTERA MIKA LOGOTIPO 4G,59.00
67,mujer,bolsos,Guess,SHOPPER NAYA LOGOTIPO 4G,139.00
68,mujer,bolsos,Guess,BANDOLERA MIKA 4G LOGOTIPO,119.00
69,mujer,bolsos,Guess,BOLSO DE MANO CABANA LOGOTIPO,125.00
70,mujer,bolsos,Guess,BANDOLERA KATEY,129.00
71,mujer,bolsos,Guess,BOLSO DE MANO MIKA LOGOTIPO 4G,135.00
72,mujer,bolsos,Guess,SHOPPER ALBY POCHETTE,129.00
73,mujer,bolsos,Guess,MAXICARTERA DAYANE,59.00
74,mujer,bolsos,Guess,BANDOLERA ILLY ACOLCHADO,135.00
75,mujer,bolsos,Guess,BOLSO DE MANO DESTINY CHARM CORREA,129.00
76,mujer,bolsos,Guess,BANDOLERA MIKA 4G LOGOTIPO,119.00
77,mujer,bolsos,Guess,BOLSO DE MANO STEPHI COCODRILO,149.00
78,mujer,bolsos,Guess,BOLSO DE HOMBRO SANDRINE LOGOTIPO,149.00
79,mujer,bolsos,Guess,BOLSO DE MANO CARABEL COCODRILO,145.00
80,mujer,bolsos,Guess,BOLSO DE MANO DESTINY CORREA,155.00
81,mujer,bolsos,Guess,SHOPPER KAMINA ACOLCHADO,155.00
82,mujer,bolsos,Guess,SHOPPER MIKA LOGOTIPO 4G,149.00
83,mujer,bolsos,Guess,BOLSO KATEY LOGOTIPO 4G,135.00
84,mujer,bolsos,Guess,BOLSO DE MANO REAGAN DE PIEL SINTÉTICA,149.00
85,mujer,bolsos,Guess,BOLSO DE MANO GRANDE UPTOWN CHIC COCODRILO,149.00
86,mujer,bolsos,Guess,BOLSO DE MANO BLING ANIMAL TACHUELAS,145.00
87,mujer,bolsos,Guess,BOLSO DE MANO AMBROSE ACOLCHADO,145.00
88,mujer,bolsos,Guess,MAXI BANDOLERA WALK OF FAME LAMINADA,135.00
89,mujer,bolsos,Guess,BOLSO DE MANO TYREN 4G LOGOTIPO,135.00
90,mujer,bolsos,Guess,MINIMOCHILA MANHATTAN LOGO ALL OVER,125.00
91,mujer,bolsos,Guess,CARTERA MIKA,59.00
92,mujer,bolsos,Guess,BOLSO DE MANO STEPHI COCODRILO,149.00
93,mujer,bolsos,Guess,SHOPPER GRETA 4G LOGOTIPO PEONÍA,139.00
94,mujer,bolsos,Guess,MAXISHOPPER VIKKY 4G LOGOTIPO,145.00
95,mujer,bolsos,Guess,BOLSO DE HOMBRO DILLA LAMINADA,129.00
96,mujer,bolsos,Guess,BANDOLERA DILLA ESTAMPADO NATURA,129.00
97,mujer,bolsos,Guess,BOLSO DE MANO STEPHI COCODRILO,149.00
98,mujer,bolsos,Guess,MOCHILA MANHATTAN LOGOTIPO ALL OVER,135.00
99,mujer,bolsos,Guess,BOLSO DE MANO DESTINY CHARM,155.00
100,mujer,bolsos,Guess,MINICARTERA MIKA,55.00
101,mujer,bolsos,Guess,SHOPPER MONIQUE 4G LOGOTIPO,129.00
102,mujer,bolsos,Guess,MINIBOLSO DE MANO KATEY COCODRILO,109.00
103,mujer,bolsos,Guess,BANDOLERA KATEY LOGOTIPO 4G,125.00
104,mujer,bolsos,Guess,BOLSO DE MANO CATANIA,135.00
105,mujer,bolsos,Guess,SHOPPER ALBY TOGGLE DENIM,129.00
106,mujer,bolsos,Guess,BOLSO DE MANO TYREN 4G LOGOTIPO,129.00
107,mujer,bolsos,Guess,BOLSO DE MANO DESTINY CHARM,155.00
108,mujer,bolsos,Guess,MINI BANDOLERA UPTOWN CHIC LOGO,79.00
109,mujer,bolsos,Guess,MINI BOLSO DE MANO VALY LOGO 4G,95.00
110,mujer,bolsos,Guess,TROLLEY WILDER 4G LOGOTIPO PEONÍA,159.00
111,mujer,bolsos,Guess,SHOPPER WILDER 4G LOGOTIPO PEONÍA,159.00
112,mujer,bolsos,Guess,BOLSO DE HOMBRO BRIGHTSIDE FLORAL,119.00
113,mujer,bolsos,Guess,ORGANIZADOR DILLA,59.00
114,mujer,bolsos,Guess,MINIBANDOLERA NOELLE LOGOTIPO 4G,85.00
115,mujer,bolsos,Guess,SHOPPER MONIQUE 4G LOGOTIPO,129.00
116,mujer,bolsos,Guess,BANDOLERA ILLY ACOLCHADO,135.00
117,mujer,bolsos,Guess,BOLSO DE HOMBRO DESTINY CORREA,129.00
118,mujer,bolsos,Guess,SHOPPER DILLA FLORAL,155.00
119,mujer,bolsos,Guess,BOLSO DE MANO STEPHI COCODRILO,149.00
120,mujer,bolsos,Guess,MAXICARTERA DALMA,59.00
121,mujer,bolsos,Guess,MAXI BANDOLERA LUNA COCODRILO,135.00
122,mujer,bolsos,Guess,SHOPPER ALBY ,129.00
123,mujer,bolsos,Guess,BANDOLERA CARABEL COCODRILO,129.00
124,mujer,bolsos,Guess,MINI BANDOLERA NOELLE LOGO 4G,85.00
125,mujer,bolsos,Guess,SHOPPER NOELLE ELITE LOGOTIPO,139.00
126,mujer,bolsos,Guess,SHOPPER VIKKY ESTAMPADO LOGO POCHETTE,145.00
127,mujer,bolsos,Guess,BOLSO DE HOMBRO KATEY BANDA BICOLOR,149.00
128,mujer,bolsos,Guess,MOCHILA DILLA LAMINADA,129.00
129,mujer,bolsos,Guess,MINICARTERA MIKA,55.00
130,mujer,bolsos,Guess,MAXICARTERA BLING PITÓN,59.00
131,mujer,bolsos,Guess,BOLSO DE MANO CARABEL COCODRILO,145.00
132,mujer,bolsos,Guess,SHOPPER VIKKY POCHETTE,125.00
133,mujer,bolsos,Guess,BOLSO DE MANO DALMA CHARM LOGOTIPO,145.00
134,mujer,bolsos,Guess,BOLSO DE MANO DILLA FLORAL,149.00
135,mujer,bolsos,Guess,BOLSO DE MANO TYREN 4G LOGOTIPO,135.00
136,mujer,bolsos,Guess,BANDOLERA NOELLE LOGO 4G,95.00
137,mujer,bolsos,Guess,SHOPPER PALOMA LAMINADA,149.00
138,mujer,bolsos,Guess,BANDOLERA MIKA 4G LOGOTIPO,119.00
139,mujer,bolsos,Guess,BOLSO DE MANO STEPHI COCODRILO,129.00
140,mujer,bolsos,Guess,MAXIBOLSO JENSEN DOS ASAS COCODRILO,149.00
141,mujer,bolsos,Guess,BOLSO DE MANO BLING TACHUELAS,145.00
142,mujer,bolsos,Guess,SHOPPER BRIGHTSIDE ACOLCHADO,139.00
143,mujer,bolsos,Guess,SHOPPER MONIQUE FLORAL,129.00
144,mujer,bolsos,Guess,BOLSO DE MANO TYREN 4G LOGOTIPO,129.00
145,mujer,bolsos,Guess,BOLSO DE MANO STEPHI COCODRILO,149.00
146,mujer,bolsos,Guess,BANDOLERA SANDRINE,125.00
147,mujer,bolsos,Guess,BOLSO DE MANO STEPHI COCODRILO,129.00
148,mujer,bolsos,Guess,MOCHILA DILLA FLORAL,129.00
149,mujer,bolsos,Guess,HOBO HENSELY LOGOTIPO 4G,125.00
150,mujer,bolsos,Guess,BOLSO DE MANO KATEY ANIMALIER,149.00
151,mujer,bolsos,Guess,SHOPPER CABANA LOGOTIPO,139.00
152,mujer,bolsos,Guess,SHOPPER KAMINA ACOLCHADO,155.00
153,mujer,bolsos,Guess,MOCHILA DILLA ACOLCHADA,129.00
154,mujer,bolsos,Guess,BANDOLERA CARABEL COCODRILO,129.00
155,mujer,bolsos,Guess,BOLSO DE MANO GRANDE UPTOWN CHIC COCODRILO,149.00
156,mujer,bolsos,Guess,BANDOLERA ILLY ACOLCHADO,135.00
157,mujer,bolsos,Guess,MOCHILA AMBERLEI,129.00
158,mujer,bolsos,Guess,MAXICARTERA KATEY PITÓN,59.00
159,mujer,bolsos,Guess,BANDOLERA KATEY BANDA LOGOTIPO,129.00
160,mujer,bolsos,Guess,MAXI BOLSO DE MANO ALE POCHETTE,145.00
161,mujer,bolsos,Guess,BOLSO DE MANO STEPHI COCODRILO,129.00
162,mujer,bolsos,Guess,BOLSO DE MANO HENSELY CORREA,145.00
163,mujer,bolsos,Guess,MAXICARTERA KATEY,59.00
164,mujer,bolsos,Guess,BOLSO DE MANO EDERLE,115.00
165,mujer,bolsos,Guess,BOLSO DE MANO KATEY COCODRILO,135.00
166,mujer,bolsos,Guess,BOLSO DE MANO STEPHI COCODRILO,129.00
167,mujer,bolsos,Guess,BOLSO DE MANO CATANIA,145.00
168,mujer,bolsos,Guess,MOCHILA MANHATTAN TWEED,125.00
169,mujer,bolsos,Guess,BOLSO DE MANO DAYANE 4G LOGO PEONÍA,149.00
170,mujer,bolsos,Guess,BOLSO DE HOMBRO KATEY BANDA LOGO,149.00
171,mujer,bolsos,Guess,BOLSO DE HOMBRO TYREN,149.00
172,mujer,bolsos,Guess,BOLSO DE HOMBRO PALOMA LAMINADO,129.00
173,mujer,bolsos,Guess,SHOPPER NAYA LOGOTIPO 4G,139.00
174,mujer,bolsos,Guess,MOCHILA DILLA 4G LOGOTIPO,129.00
175,mujer,bolsos,Guess,SHOPPER VIKKY LOGOTIPO ALL OVER,129.00
176,mujer,bolsos,Guess,BOLSO DE MANO DILLA FLORAL,145.00
177,mujer,bolsos,Guess,SHOPPER DESTINY CHARM,155.00
178,mujer,bolsos,Guess,BOLSO DE MANO TYREN,139.00
179,mujer,bolsos,Guess,BANDOLERA ILLY ACOLCHADO,135.00
180,mujer,bolsos,Guess,BOLSO DE MANO MADDY ESTAMPADO COCODRILO,149.00
181,mujer,bolsos,Guess,MAXICARTERA STEPHI COCODRILO,59.00
182,mujer,bolsos,Guess,SHOPPER DESTINY,155.00
183,mujer,bolsos,Guess,MOCHILA DAYANE 4G LOGOTIPO PEONÍA,129.00
184,mujer,bolsos,Guess,BOLSO DE MANO GRETA 4G LOGO PEONÍA,155.00
185,mujer,bolsos,Guess,BANDOLERA KATEY BANDA BICOLOR,129.00
186,mujer,bolsos,Guess,BOLSO DE MANO KATEY BANDA LOGOTIPO,135.00
187,mujer,bolsos,Guess,BOLSO DE MANO TYREN 4G LOGOTIPO,129.00
188,mujer,bolsos,Guess,BOLSO DE MANO TYREN 4G LOGOTIPO,135.00
189,mujer,bolsos,Guess,MAXICARTERA KAMINA ACOLCHADO,59.00
190,mujer,bolsos,Guess,BOLSO DE MANO STEPHI COCODRILO,129.00
191,mujer,bolsos,Guess,BOLSO DE HOMBRO BRIGHTSIDE LOGOTIPO,125.00
192,mujer,bolsos,Guess,SHOPPER PALOMA,149.00
193,mujer,bolsos,Guess,BANDOLERA TRIPLE G LOGO ESTAMPADO COCODRILO,95.00
194,mujer,bolsos,Guess,MINIBOLSO DE MANO VALY LOGOTIPO 4G,145.00
195,mujer,bolsos,Guess,MINISHOPPER MONIQUE 4G LOGOTIPO,115.00
196,mujer,bolsos,Guess,BANDOLERA REAGAN PIEL SINTÉTICA,119.00
197,mujer,bolsos,Guess,SHOPPER TYREN 4G LOGOTIPO,149.00
198,mujer,bolsos,Guess,SHOPPER CESSILY TWEED,155.00
199,mujer,bolsos,Guess,BOLSO DE MANO ILLY ACOLCHADO,145.00
200,mujer,bolsos,Guess,BANDOLERA REAGAN PIEL SINTÉTICA,119.00
201,mujer,bolsos,Guess,BOLSO DE MANO STEPHI COCODRILO,149.00
202,mujer,bolsos,Guess,SHOPPER MONIQUE 4G LOGOTIPO,129.00
203,mujer,bolsos,Guess,BANDOLERA DAYANE 4G LOGOTIPO PEONÍA,119.00
204,mujer,bolsos,Guess,MINIBOLSO DE MANO VALY LOGOTIPO 4G,145.00
205,mujer,bolsos,Guess,BANDOLERA DILLA ACOLCHADA,129.00
206,mujer,bolsos,Guess,MINIMOCHILA KAMINA ACOLCHADA,119.00
207,mujer,bolsos,Guess,BOLSO DE MANO ILLY ACOLCHADO,145.00
208,mujer,bolsos,Guess,MAXIHOBO BRIGHTSIDE 4G LOGOTIPO,139.00
209,mujer,bolsos,Guess,BOLSO DE MANO TYREN 4G LOGOTIPO,135.00
210,mujer,bolsos,Guess,BOLSO AL HOMBRO TRIPLE G COCODRILO,139.00
211,mujer,bolsos,Guess,BOLSO DE MANO KATEY COCODRILO,135.00
212,mujer,bolsos,Guess,MAXIBOLSO DE MANO VALY LOGOTIPO 4G,149.00
213,mujer,bolsos,Guess,SHOPPER DILLA ACOLCHADO,155.00
214,mujer,bolsos,Guess,BOLSO DE MANO ANNARITA ,145.00
215,mujer,bolsos,Guess,SHOPPER EDERLE,129.00
216,mujer,bolsos,Guess,BOLSO DE HOMBRO BRIGHTSIDE DENIM,119.00
217,mujer,bolsos,Guess,MINISHOPPER MONIQUE 4G LOGOTIPO,115.00
218,mujer,bolsos,Guess,SHOPPER DILLA ACOLCHADO,155.00
219,mujer,bolsos,Guess,BANDOLERA CARABEL COCODRILO,129.00
220,mujer,bolsos,Guess,BANDOLERA SANDRINE LAMINADA,125.00
221,mujer,bolsos,Guess,BOLSO DE HOMBRO AMBERLEI,125.00
222,mujer,bolsos,Guess,BANDOLERA AMBROSE 4G LOGOTIPO,109.00
223,mujer,bolsos,Guess,MINISHOPPER MONIQUE FLORAL,115.00
224,mujer,bolsos,Guess,SHOPPER PALOMA,149.00
225,mujer,bolsos,Guess,BANDOLERA DAYANE 4G LOGOTIPO PEONÍA,119.00
226,mujer,bolsos,Guess,MINICARTERA LALIE ANIMALIER,29.00
227,mujer,bolsos,Guess,BOLSO DE MANO DILLA ACOLCHADO,145.00
228,mujer,bolsos,Guess,BANDOLERA KAMINA DENIM,129.00
229,mujer,bolsos,Guess,MAXI BANDOLERA LUNA COCODRILO,135.00
230,mujer,bolsos,Guess,BOLSO DE MANO TYREN 4G LOGOTIPO,135.00
231,mujer,bolsos,Guess,BANDOLERA NOELLE LOGO 4G,95.00
232,mujer,bolsos,Guess,BANDOLERA AMBERLEI,85.00
233,mujer,bolsos,Guess,MAXIBANDOLERA LUNA ANIMALIER,135.00
234,mujer,bolsos,Guess,BOLSO DE MANO TYREN,145.00
235,mujer,bolsos,Guess,BOLSO DE MANO EDERLE,115.00
236,mujer,bolsos,Guess,MINIBANDOLERA NOELLE,85.00
237,mujer,bolsos,Guess,CARTERA UPTOWN CHIC TIRADOR LARGO,59.00
238,mujer,bolsos,Guess,BOLSO DE MANO CARABEL COCODRILO,145.00
239,mujer,bolsos,Guess,MINIBANDOLERA HENSELY LOGOTIPO 4G,115.00
240,mujer,bolsos,Guess, BOLSO AL HOMBRO BLING ANIMALIER,135.00
241,mujer,bolsos,Guess,BANDOLERA CARABEL COCODRILO,129.00
242,mujer,bolsos,Guess,BOLSO BRIGHTSIDE COCODRILO,125.00
243,mujer,bolsos,Guess,MAXIMOCHILA KALIPSO LOGOTIPO,135.00
244,mujer,bolsos,Guess,BANDOLERA REAGAN PIEL SINTÉTICA,119.00
245,mujer,bolsos,Guess,BOLSO AL HOMBRO ASHER ANIMALIER,129.00
246,mujer,bolsos,Guess,MAXIBOLSO DE MANO UPTOWN CHIC,139.00
247,mujer,bolsos,Guess,BOLSO DE MANO AMBERLEI,125.00
248,mujer,bolsos,Guess,BOLSO DE MANO TYREN 4G LOGOTIPO,129.00
249,mujer,bolsos,Guess,BOLSO AL HOMBRO ASHER BANDOLERA,129.00
250,mujer,bolsos,Guess,BANDOLERA TYREN 4G LOGOTIPO,115.00
251,mujer,bolsos,Guess,ORGANIZADOR UPTOWN CHIC,59.00
252,mujer,bolsos,Guess,BOLSO DE HOMBRO DESTINY CORREA,155.00
253,mujer,bolsos,Guess,SHOPPER ILLY ACOLCHADO,149.00
254,mujer,bolsos,Guess,RIÑONERA MANHATTAN 4G LOGOTIPO,89.00
255,mujer,bolsos,Guess,BANDOLERA VALY LOGOTIPO 4G,125.00
256,mujer,bolsos,Guess,BOLSO DE HOMBRO PALOMA,129.00
257,mujer,bolsos,Guess,BOLSO DE HOMBRO LOGOTIPO VISION FLORAL,125.00
258,mujer,bolsos,Guess,BOLSO DE MANO DESTINY CORREA,139.00
259,mujer,bolsos,Guess,MAXICARTERA VALY LOGOTIPO 4G,59.00
260,mujer,bolsos,Guess,BOLSO DE MANO CATANIA,145.00
261,mujer,bolsos,Guess,BOLSO DE MANO TYREN 4G LOGOTIPO,129.00
262,mujer,bolsos,Guess,MAXICARTERA VALY LOGOTIPO 4G,59.00
263,mujer,bolsos,Guess,BANDOLERA CARABEL COCODRILO,129.00
264,mujer,bolsos,Guess,MOCHILA CESSILY TWEED,135.00
265,mujer,bolsos,Guess,MOCHILA LITTLE BAY,129.00
266,mujer,bolsos,Guess,BANDOLERA SANDRINE LOGOTIPO,129.00
267,mujer,bolsos,Guess,SHOPPER ALBY ESTAMPADO FLORAL,129.00
268,mujer,bolsos,Guess,MINISHOPPER MONIQUE 4G LOGOTIPO,115.00
269,mujer,bolsos,Guess,BOLSO AL HOMBRO PICNIC LOGO 4G,85.00
270,mujer,bolsos,Guess,BOLSO DE MANO CATANIA,135.00
271,mujer,bolsos,Guess,BOLSO DE MANO STEPHI COCODRILO,149.00
272,mujer,bolsos,Guess,BOLSO DE MANO DILLA ACOLCHADO,149.00
273,mujer,bolsos,Guess,MINIBANDOLERA CESSILY TWEED,95.00
274,mujer,bolsos,Guess,SHOPPER VIKKY ESTAMPADO LOGO,129.00
275,mujer,bolsos,Guess,MINIBANDOLERA HENSELY,115.00
276,mujer,bolsos,Guess,MINIBOLSO DE MANO HENSELY,115.00
277,mujer,bolsos,Guess,MAXICARTERA TYREN,59.00
278,mujer,bolsos,Guess,MINISHOPPER PICNIC LAMINADO,95.00
279,mujer,bolsos,Guess,BANDOLERA DILLA FLORAL,109.00
280,mujer,bolsos,Guess,BOLSO BANDOLERA GRETA LOGOTIPO,129.00
281,mujer,bolsos,Guess,MAXIBANDOLERA LUNA LAMINADA,135.00
282,mujer,bolsos,Guess,MAXI BANDOLERA LUNA COCODRILO,135.00
283,mujer,bolsos,Guess,BOLSO DE HOMBRO SANDRINE,145.00
284,mujer,bolsos,Guess,BOLSO DE MANO ALE POCHETTE,135.00
285,mujer,bolsos,Guess,BOLSO DE HOMBRO HENSELY,129.00
286,mujer,bolsos,Guess,BOLSO DE MANO TYREN 4G LOGOTIPO,129.00
287,mujer,bolsos,Guess,SHOPPER VIKKY LAMINADO,129.00
288,mujer,bolsos,Guess,MAXICARTERA DESTINY LOGOTIPO,59.00
289,mujer,bolsos,Guess,BOLSO DE MANO KATEY ANIMALIER,135.00
290,mujer,bolsos,Guess,CARTERA NAYA,59.00
291,mujer,bolsos,Guess,MINIBOLSO DE MANO DALMA CHARM,95.00
292,mujer,bolsos,Guess,SHOPPER NOELLE ELITE LOGOTIPO,139.00
293,mujer,bolsos,Guess,BOLSO DE MANO TYREN 4G LOGOTIPO,145.00
294,mujer,bolsos,Guess,MINICARTERA DESTINY,45.00
295,mujer,bolsos,Guess,HOBO HENSELY,125.00
296,mujer,bolsos,Guess,BOLSO DE HOMBRO HENSELY,129.00
297,mujer,bolsos,Guess,BOLSO AL HOMBRO TRIPLE G COCODRILO,139.00
298,mujer,bolsos,Guess,MINISHOPPER MONIQUE 4G LOGOTIPO,115.00
299,mujer,bolsos,Guess,SHOPPER MONIQUE LOGOTIPO 4G,129.00
300,mujer,bolsos,Guess,MINIBOLSO DE MANO HENSELY,115.00
301,mujer,bolsos,Guess,BOLSO DE MANO DESTINY CORREA CHARM,155.00
302,mujer,bolsos,Guess,BANDOLERA CARABEL COCODRILO,129.00
303,mujer,bolsos,Guess,BOLSO DE HOMBRO LOGOTIPO VISION 4G,125.00
304,mujer,bolsos,Guess,BOLSO DE MANO CARABEL COCODRILO,145.00
305,mujer,bolsos,Guess,BOLSO DE MANO DAYANE 4G LOGO PEONÍA,139.00
306,mujer,bolsos,Guess,BOLSO DE HOMBRO BRIGHTSIDE,119.00
307,mujer,bolsos,Guess,MINICARTERA DAYANE,45.00
308,mujer,bolsos,Guess,BOLSO DE MANO TYREN 4G LOGOTIPO,139.00
309,mujer,bolsos,Guess,SHOPPER UPTOWN CHIC ELITE,135.00
310,mujer,bolsos,Guess,BOLSO DE MANO DALMA CHARM LOGOTIPO,125.00
311,mujer,bolsos,Guess,BOLSO DE HOMBRO VALY LOGOTIPO 4G,149.00
312,mujer,bolsos,Guess,BOLSO DE MANO TYREN 4G LOGOTIPO,135.00
313,mujer,bolsos,Guess,SHOPPER UPTOWN CHIC,135.00
314,mujer,bolsos,Guess,BANDOLERA TYREN 4G LOGOTIPO,115.00
315,mujer,bolsos,Guess,BANDOLERA CESSILY TWEED,135.00
316,mujer,bolsos,Guess,BOLSO DE MANO EDERLE,115.00
317,mujer,bolsos,Guess,BOLSO DE MANO DAYANE 4G LOGO PEONÍA,139.00
318,mujer,bolsos,Guess,BANDOLERA DILLA 4G LOGOTIPO,109.00
319,mujer,bolsos,Guess,BANDOLERA GWEN PIEL SINTÉTICA,135.00
320,mujer,bolsos,Guess,BOLSO DE HOMBRO BRIGHTSIDE 4G LOGO,125.00
321,mujer,bolsos,Guess,SHOPPER LITTLE BAY,129.00
322,mujer,bolsos,Guess,MAXICARTERA VIKKY,59.00
323,mujer,bolsos,Guess,MINIMOCHILA MANHATTAN BOLSILLOS,125.00
324,mujer,bolsos,Guess,BOLSO DE MANO AMBERLEI,135.00
325,mujer,bolsos,Guess,BOLSO DE HOMBRO ILLY ACOLCHADO,129.00
326,mujer,bolsos,Guess,MAXICARTERA KAMINA ACOLCHADO,59.00
327,mujer,bolsos,Guess,MINI SHOPPER PICNIC LOGO 4G,95.00
328,mujer,bolsos,Guess,BANDOLERA DILLA FLORAL,129.00
329,mujer,bolsos,Guess,BOLSO DE MANO CARABEL COCODRILO,145.00
330,mujer,bolsos,Guess,MAXICARTERA DILLA ACOLCHADO,59.00
331,mujer,bolsos,Guess,BOLSO DE HOMBRO BLING ANIMALIER,135.00
332,mujer,bolsos,Guess,MOCHILA MANHATTAN DOBLE BOLSILLO,135.00
333,mujer,bolsos,Guess,BOLSO DE MANO AMBERLEI,125.00
334,mujer,bolsos,Guess,BANDOLERA KATEY LOGOTIPO 4G,125.00
335,mujer,bolsos,Guess,SHOPPER VIKKY LOGO 4G Y PEONY,149.00
336,mujer,bolsos,Guess,MAXICARTERA DALMA,59.00
337,mujer,bolsos,Guess,BOLSO DE HOMBRO BRIGHTSIDE 4G LOGO,125.00
338,mujer,bolsos,Guess,CLUTCH WALK OF FAME TACHUELAS,115.00
339,mujer,bolsos,Guess,BOLSO AL HOMBRO ASHER,129.00
340,mujer,bolsos,Guess,BOLSO DE MANO JUDE LAMINADO,129.00
341,mujer,bolsos,Guess,MINIBANDOLERA STEPHI COCODRILO,109.00
342,mujer,bolsos,Guess,MOCHILA ILLY ACOLCHADA,129.00
343,mujer,bolsos,Guess,SHOPPER UPTOWN CHIC,139.00
344,mujer,bolsos,Guess,BOLSO DE MANO DAYANE 4G LOGO PEONÍA,135.00
345,mujer,bolsos,Guess,BOLSO DE MANO CARABEL COCODRILO,145.00
346,mujer,bolsos,Guess,BOLSO DE MANO KATEY BANDA BICOLOR,135.00
347,mujer,bolsos,Guess,MAXI HOBO BRIGHTSIDE 4G LOGOTIPO,139.00
348,mujer,bolsos,Guess,BANDOLERA AMBERLEI,85.00
349,mujer,bolsos,Guess,BOLSO DE MANO AMBROSE,135.00
350,mujer,bolsos,Guess,MINIBOLSO DE MANO AMBROSE 4G LOGO,135.00
351,mujer,bolsos,Guess,SHOPPER NOELLE ELITE FLORAL,135.00
352,mujer,bolsos,Guess,BANDOLERA TYREN 4G LOGOTIPO,115.00
353,mujer,bolsos,Guess,BANDOLERA CARABEL COCODRILO,129.00
354,mujer,bolsos,Guess,BANDOLERA TRIPLE G LOGO ESTAMPADO COCODRILO,95.00
355,mujer,bolsos,Guess,BOLSO AL HOMBRO LORENNA LOGO 4G,125.00
356,mujer,bolsos,Guess,BOLSO DE HOMBRO DILLA LOGOTIPO 4G,129.00
357,mujer,bolsos,Guess,BOLSO DE MANO UPTOWN CHIC,139.00
358,mujer,bolsos,Guess,MOCHILA KALIPSO ESTAMPADO LOGOTIPO,125.00
359,mujer,bolsos,Guess,BOLSO DE MANO GRANDE UPTOWN CHIC BANDOLERA,139.00
360,mujer,bolsos,Guess,SHOPPER AMBERLEI,139.00
361,mujer,bolsos,Guess,MINICARTERA DESTINY,45.00
362,mujer,bolsos,Guess,BANDOLERA REAGAN PIEL SINTÉTICA,119.00
363,mujer,bolsos,Guess,MAXICARTERA ILLY ACOLCHADO,59.00
364,mujer,bolsos,Guess,BOLSO DE HOMBRO BRIGHTSIDE,119.00
365,mujer,bolsos,Guess,BOLSO DE HOMBRO BLING TACHUELAS,135.00
366,mujer,bolsos,Guess,HOBO BRIGHTSIDE CORREA,135.00
367,mujer,bolsos,Guess,BOLSO DE HOMBRO GRETA 4G PEONÍA,119.00
368,mujer,bolsos,Guess,HOBO HENSELY,125.00
369,mujer,bolsos,Guess,MINI BANDOLERA ASHER COCODRILO,95.00
370,mujer,bolsos,Guess,BOLSO AL HOMBRO REAGAN DE PIEL SINTÉTICA,129.00
371,mujer,bolsos,Guess,BANDOLERA TRIPLE G LOGO ESTAMPADO COCODRILO,95.00
372,mujer,bolsos,Guess,MINIBOLSO DE MANO HENSELY,115.00
373,mujer,bolsos,Guess,CARTERA UPTOWN CHIC,59.00
374,mujer,bolsos,Guess,MINIBANDOLERA HENSELY,115.00
375,mujer,bolsos,Guess,CARTERA KATEY,59.00
376,mujer,bolsos,Guess,BOLSO DE HOMBRO VALY LOGOTIPO 4G,149.00
377,mujer,bolsos,Guess,MINIBANDOLERA NOELLE FLORAL,85.00
378,mujer,bolsos,Guess,MAXICARTERA DALMA,59.00
379,mujer,bolsos,Guess,MINIBOLSO DE MANO CATANIA,109.00
380,mujer,bolsos,Guess,CARTERA VIAJE JENSEN,85.00
381,mujer,bolsos,Guess,BOLSO DE HOMBRO HENSELY,129.00
382,mujer,bolsos,Guess,BOLSO DE MANO DAYANE 4G LOGO PEONÍA,135.00
383,mujer,bolsos,Guess,BANDOLERA DEVIN ESTAMPADO GRAFITI,95.00
384,mujer,bolsos,Guess,BOLSO DE MANO SHILAH COCODRILO,95.00
385,mujer,bolsos,Guess,BANDOLERA KATEY LOGOTIPO 4G,125.00
386,mujer,bolsos,Guess,MOCHILA KALIPSO ESTAMPADO LOGOTIPO,125.00
387,mujer,bolsos,Guess,MOCHILA MANHATTAN BOUCLÉ,125.00
388,mujer,bolsos,Guess,BANDOLERA CARABEL COCODRILO,129.00
389,mujer,bolsos,Guess,BOLSO DE HOMBRO HENSELY LOGOTIPO 4G,129.00
390,mujer,bolsos,Guess,BOLSO DE HOMBRO HENSELY,129.00
391,mujer,bolsos,Guess,BOLSO DE HOMBRO LITTLE BAY LOGOTIPO,95.00
392,mujer,bolsos,Guess,BANDOLERA GWEN PIEL SINTÉTICA,135.00
393,mujer,bolsos,Guess,BOLSO DE MANO SHILAH COCODRILO,95.00
394,mujer,bolsos,Guess,MAXICARTERA DAYANE,59.00
395,mujer,bolsos,Guess,BANDOLERA CORILY COCODRILO,95.00
396,mujer,bolsos,Guess,BOLSO DE MANO SHILAH COCODRILO,95.00
397,mujer,bolsos,Guess,RIÑONERA MANHATTAN TWEED,85.00
398,mujer,bolsos,Guess,MINIBANDOLERA UPTOWN CHIC,79.00
399,mujer,bolsos,Guess,BANDOLERA LITTLE BAY,85.00
400,mujer,bolsos,Guess,BOLSO DE HOMBRO LOGOTIPO VISION 4G,125.00
401,mujer,bolsos,Guess,HOBO BRIGHTSIDE,125.00
402,mujer,bolsos,Guess,HOBO HENSELY,125.00
403,mujer,bolsos,Guess,MINIBANDOLERA NOELLE LOGOTIPO 4G,85.00
404,mujer,bolsos,Guess,BOLSO DE MANO AMBERLEI,125.00
405,mujer,bolsos,Guess,CARTERA UPTOWN CHIC,59.00
406,mujer,bolsos,Guess,MINICARTERA VALY LOGOTIPO 4G,55.00
407,mujer,bolsos,Guess,ORGANIZADOR BRINKLEY TIRADOR LARGO,59.00
408,mujer,bolsos,Guess,MINI BOLSO DE MANO ALE NAPA,109.00
409,mujer,bolsos,Guess,BOLSO DE HOMBRO BRIGHTSIDE,119.00
410,mujer,bolsos,Guess,BOLSO AL HOMBRO UPTOWN CHIC CORREA,109.00
411,mujer,bolsos,Guess,MINI BANDOLERA CESSILY TWEED,95.00
412,mujer,bolsos,Guess,MAXICARTERA NOELLE,59.00
413,mujer,bolsos,Guess,SHOPPER VIKKY POCHETTE,129.00
414,mujer,bolsos,Guess,BANDOLERA MANHATTAN,69.00
415,mujer,bolsos,Guess,BANDOLERA DEVIN LAMINADA,95.00
416,mujer,bolsos,Guess,BANDOLERA NOELLE LOGOTIPO 4G PEONÍA,95.00
417,mujer,bolsos,Guess,BANDOLERA WALK OF FAME LAMINADA,95.00
418,mujer,bolsos,Guess,MINICARTERA TYREN,45.00
419,mujer,bolsos,Guess,BANDOLERA DILLA ACOLCHADA,109.00
420,mujer,bolsos,Guess,MINIBANDOLERA HENSELY,115.00
421,mujer,bolsos,Guess,BANDOLERA AMBERLEI,85.00
422,mujer,bolsos,Guess,BANDOLERA CORILY COCODRILO,95.00
423,mujer,bolsos,Guess,MINIBANDOLERA STEPHI COCODRILO,109.00
424,mujer,bolsos,Guess,BOLSO DE MANO SHILAH COCODRILO,95.00
425,mujer,bolsos,Guess,MINICARTERA ILLY ACOLCHADO,55.00
426,mujer,bolsos,Guess,BANDOLERA CORILY,95.00
427,mujer,bolsos,Guess,BANDOLERA TRIPLE G LOGO ESTAMPADO COCODRILO,95.00
428,mujer,bolsos,Guess,CARTERA ALBY,59.00
429,mujer,bolsos,Guess,MINIBOLSO DE MANO CATANIA,109.00
430,mujer,bolsos,Guess,MINICARTERA TYREN LOGOTIPO 4G,55.00
431,mujer,bolsos,Guess,MINICARTERA UPTOWN CHIC,55.00
432,mujer,bolsos,Guess,MAXICARTERA AMBERLEI,59.00
433,mujer,bolsos,Guess,BANDOLERA LITTLE BAY,85.00
434,mujer,bolsos,Guess,MINIBANDOLERA PICNIC,85.00
435,mujer,bolsos,Guess,RIÑONERA KAMINA ACOLCHADA,95.00
436,mujer,bolsos,Guess,BANDOLERA AMBERLEI,85.00
437,mujer,bolsos,Guess,BANDOLERA CORILY COCODRILO,95.00
438,mujer,bolsos,Guess,BANDOLERA CORILY ESTAMPADO COCODRILO,95.00
439,mujer,bolsos,Guess,MAXICARTERA KAMINA ACOLCHADO,59.00
440,mujer,bolsos,Guess,BANDOLERA AMBERLEI,85.00
441,mujer,bolsos,Guess,CARTERA DAYANE LOGOTIPO IMPRESO,59.00
442,mujer,bolsos,Guess,BANDOLERA CORILY COCODRILO,95.00
443,mujer,bolsos,Guess,MINICARTERA DILLA,55.00
444,mujer,bolsos,Guess,MAXICARTERA AMBROSE,59.00
445,mujer,bolsos,Guess,MINIBOLSO DE MANO UPTOWN CHIC,109.00
446,mujer,bolsos,Guess,ORGANIZADOR TYREN LOGOTIPO 4G,59.00
447,mujer,bolsos,Guess,MINI BOLSO DE MANO VALY LOGO 4G,95.00
448,mujer,bolsos,Guess,BANDOLERA CORILY COCODRILO,95.00
449,mujer,bolsos,Guess,RIÑONERA DILLA ACOLCHADA,95.00
450,mujer,bolsos,Guess,RIÑONERA DILLA ESTAMPADO FLORAL,95.00
451,mujer,bolsos,Guess,BANDOLERA CORILY ESTAMPADO COCODRILO,95.00
452,mujer,bolsos,Guess,BANDOLERA NAYA BOLSILLO FRONTAL,89.00
453,mujer,bolsos,Guess,CLUTCH WALK OF FAME CHAROL,89.00
454,mujer,bolsos,Guess,RIÑONERA BRIGHTSIDE COCODRILO,95.00
455,mujer,bolsos,Guess,HOBO MANHATTAN BOUCLÉ,125.00
456,mujer,bolsos,Guess,BOLSO DE MANO AMBERLEI,125.00
457,mujer,bolsos,Guess,CLUTCH WALK OF FAME LAMINADA,85.00
458,mujer,bolsos,Guess,MINICARTERA NOELLE,45.00
459,mujer,bolsos,Guess,RIÑONERA MANHATTAN,85.00
460,mujer,bolsos,Guess,ORGANIZADOR UPTOWN CHIC,59.00
461,mujer,bolsos,Guess,CLUTCH WALK OF FAME LAMINADO,85.00
462,mujer,bolsos,Guess,MINICARTERA DILLA ACOLCHADO,55.00
463,mujer,bolsos,Guess,MINIBOLSO DE MANO HENSELY,115.00
464,mujer,bolsos,Guess,MINICARTERA VALY LOGOTIPO 4G,55.00
465,mujer,bolsos,Guess,MINICARTERA TYREN LOGOTIPO 4G,45.00
466,mujer,bolsos,Guess,MINICARTERA UPTOWN CHIC,55.00
467,mujer,bolsos,Guess,ORGANIZADOR TYREN TIRADOR LARGO,59.00
468,mujer,bolsos,Guess,MINICARTERA AMBERLEI,59.00
469,mujer,bolsos,Guess,MINI BANDOLERA WALK OF FAME LAMINADA,95.00
470,mujer,bolsos,Guess,MINIBANDOLERA UPTOWN CHIC,79.00
471,mujer,bolsos,Guess,RIÑONERA COLOR BLOCK J BALVIN,35.90
472,mujer,bolsos,Guess,MINICARTERA DILLA,55.00
473,mujer,bolsos,Guess,MINICARTERA CENTRAL CITY,55.00
474,mujer,bolsos,Guess,MINICARTERA NAYA,45.00
475,mujer,bolsos,Guess,RIÑONERA J BALVIN LOGO,35.90
476,mujer,bolsos,Guess,BANDOLERA DEVIN LAMINADA,95.00
477,mujer,bolsos,Guess,BANDOLERA NOELLE,95.00
478,mujer,bolsos,Guess,BANDOLERA CORILY ESTAMPADO COCODRILO,95.00
479,mujer,bolsos,Guess,BOLSO DE HOMBRO GEORGIANA,119.00
480,mujer,bolsos,Guess,BANDOLERA CORILY ESTAMPADO COCODRILO,95.00
481,mujer,bolsos,Guess,BANDOLERA AMBERLEI,85.00
482,mujer,bolsos,Guess,BOLSO DE MANO TYREN,135.00
483,mujer,bolsos,Guess,BOLSO DE HOMBRO SANDRINE LAMINADO,145.00
484,mujer,bolsos,Guess,BOLSO DE HOMBRO MANHATTAN BOUCLÉ,119.00
485,mujer,bolsos,Guess,BOLSO AL HOMBRO BRIGHTSIDE,129.00
486,mujer,bolsos,Guess,MINIBOLSO DE HOMBRO HENSELY,115.00
487,mujer,bolsos,Guess,MINIBOLSO DE MANO HENSELY,115.00
488,mujer,bolsos,Guess,BOLSO AL HOMBRO REAGAN BANDOLERA,129.00
489,mujer,bolsos,Guess,BOLSO DE HOMBRO DESTINY CORREA,129.00
490,mujer,bolsos,Guess,HOBO DESTINY BOLSILLOS LATERALES,149.00
491,mujer,bolsos,Guess,MINIBOLSO DE HOMBRO HENSELY,115.00
492,mujer,bolsos,Guess,BOLSO DE HOMBRO PALOMA,129.00
493,mujer,bolsos,Guess,MINIBANDOLERA NOELLE,85.00
494,mujer,bolsos,Guess,MINIMOCHILA KAMINA ACOLCHADA,119.00
495,mujer,bolsos,Guess,BANDOLERA NOELLE,95.00
496,mujer,bolsos,Guess,BOLSO DE HOMBRO GEORGIANA,119.00
497,mujer,bolsos,Guess,BANDOLERA PICNIC,69.00
498,mujer,bolsos,Guess,RIÑONERA KAMINA ACOLCHADA,95.00
499,mujer,bolsos,Guess,MINIBOLSO DE MANO PICNIC,85.00
500,mujer,bolsos,Guess,BANDOLERA PICNIC,69.00
501,mujer,bolsos,Guess,BOLSO DE HOMBRO REAGAN,129.00
502,mujer,bolsos,Guess,MINIMOCHILA KAMINA ACOLCHADA,119.00
503,mujer,bolsos,Guess,MINIBANDOLERA NOELLE,85.00
504,mujer,bolsos,Guess,MINIMOCHILA KAMINA DENIM,119.00
505,mujer,bolsos,Guess,BOLSO DE HOMBRO REAGAN,129.00
506,mujer,bolsos,Guess,MINIBOLSO DE MANO PICNIC LAMINADO,85.00
507,mujer,bolsos,Guess,BANDOLERA PIC NIC LOGOTIPO 4G,69.00
508,mujer,bolsos,Guess,RIÑONERA MANHATTAN BOLSILLO FRONTAL,85.00
509,mujer,bolsos,Guess,MINIBANDOLERA AMBROSE,89.00
510,mujer,bolsos,Guess,RIÑONERA DILLA 4G LOGOTIPO,95.00
511,mujer,bolsos,Guess,MOCHILA DAYANE 4G LOGOTIPO PEONÍA,129.00
512,mujer,bolsos,Guess,MINIBANDOLERA PICNIC 4G LOGOTIPO,85.00
513,mujer,bolsos,Guess,RIÑONERA KAMINA DENIM,95.00
514,mujer,bolsos,Guess,MINIBOLSO DE MANO PICNIC LOGOTIPO 4G,85.00
515,mujer,bolsos,Guess,MINIBOLSO DE HOMBRO PICNIC LAMINADO,85.00
516,mujer,bolsos,Guess,MAXICARTERA SANDRINE,59.00
517,mujer,bolsos,Guess,MINICARTERA UPTOWN CHIC,55.00
518,mujer,bolsos,Guess,MAXICARTERA TYREN,59.00
519,mujer,bolsos,Guess,ORGANIZADOR UPTOWN CHIC TIRADOR,59.00
520,mujer,bolsos,Guess,CARTERA EVE CUERO AUTÉNTICO LUXE,110.00
521,mujer,bolsos,Guess,MINICARTERA TYREN,55.00
522,mujer,bolsos,Guess,MAXICARTERA AMBROSE,59.00
523,mujer,bolsos,Guess,CARTERA NAYA,59.00
524,mujer,bolsos,Guess,MAXICARTERA NAYA,59.00
525,mujer,bolsos,Guess,BOLSO DE MANO TYREN,145.00
526,mujer,bolsos,Guess,BOLSO DE MANO KAMINA DENIM,145.00
527,mujer,bolsos,Guess,BOLSO DE MANO LAPIS CUERO AUTÉNTICO LUXE,320.00
528,mujer,bolsos,Guess,MINIBOLSO DE MANO AMBROSE LOGO 4G,135.00
529,mujer,bolsos,Guess,BOLSO DE MANO REAGAN,149.00
530,mujer,bolsos,Guess,BOLSO DE MANO DAYANE 4G LOGO PEONÍA,149.00
531,mujer,bolsos,Guess,BOLSO DE MANO GRANDE UPTOWN CHIC BANDOLERA,139.00
532,mujer,bolsos,Guess,MINIBOLSO DE MANO SHILAH CORREA,95.00
533,mujer,bolsos,Guess,BOLSO DE MANO KAMINA ACOLCHADO,145.00
534,mujer,bolsos,Guess,BOLSO DE MANO AMBROSE CORREA,135.00
535,mujer,bolsos,Guess,BOLSO DE MANO AMBROSE,145.00
536,mujer,bolsos,Guess,BOLSO DE MANO AMBROSE LOGOTIPO 4G,145.00
537,mujer,bolsos,Guess,BOLSO DE MANO REAGAN,149.00
538,mujer,bolsos,Guess,BOLSO DE MANO KAMINA ACOLCHADO,145.00
539,mujer,bolsos,Guess,BOLSO DE MANO AMBROSE POCHETTE,145.00
540,mujer,bolsos,Guess,MINIBANDOLERA STEPHI COCODRILO,109.00
541,mujer,bolsos,Guess,BANDOLERA CORILY COCODRILO LAMINADA,95.00
542,mujer,bolsos,Guess,MINIBANDOLERA STEPHI COCODRILO,109.00
543,mujer,bolsos,Guess,BANDOLERA REAGAN PELUCHE SINTÉTICO,119.00
544,mujer,bolsos,Guess,BANDOLERA DEVIN ESTAMPADO GRAFITI,95.00
545,mujer,bolsos,Guess,MINIBANDOLERA AMBROSE LOGOTIPO 4G,85.00
546,mujer,bolsos,Guess,BANDOLERA MADDY 4G IMPRESO,109.00
547,mujer,bolsos,Guess,BANDOLERA MANHATTAN BOUCLÉ,95.00
548,mujer,bolsos,Guess,BANDOLERA MANHATTAN TWEED,95.00
549,mujer,bolsos,Guess,BANDOLERA AMBROSE,89.00
550,mujer,bolsos,Guess,SHOPPER BRIGHTSIDE ACOLCHADO,139.00
551,mujer,bolsos,Guess,BANDOLERA AMBROSE,109.00
552,mujer,bolsos,Guess,BANDOLERA MANHATTAN,95.00
553,mujer,bolsos,Guess,BANDOLERA KAMINA ACOLCHADA,125.00
554,mujer,bolsos,Guess,SHOPPER KAMINA ACOLCHADO,155.00
555,mujer,bolsos,Guess,BANDOLERA KAMINA ACOLCHADA,125.00
556,mujer,bolsos,Guess,BANDOLERA KAMINA ACOLCHADA,129.00
557,mujer,bolsos,Guess,BANDOLERA NOELLE FLORAL,95.00
558,mujer,bolsos,Guess,BANDOLERA NAYA,95.00
559,mujer,bolsos,Guess,BANDOLERA NAYA BOLSILLO FRONTAL,89.00
560,mujer,bolsos,Guess,BANDOLERA AMBROSE,109.00
561,mujer,bolsos,Guess,BANDOLERA KAMINA ACOLCHADA,129.00
562,mujer,bolsos,Guess,BANDOLERA LOGO LOVE 4G PEONY IMPRESOS,119.00
563,mujer,bolsos,Guess,BANDOLERA NOELLE,95.00
564,mujer,bolsos,Guess,BANDOLERA REAGAN PELUCHE SINTÉTICO,119.00
565,mujer,bolsos,Guess,BANDOLERA AMBROSE 4G LOGOTIPO,109.00
566,mujer,bolsos,Guess,MINIBANDOLERA AMBROSE 4G LOGOTIPO,85.00
567,mujer,bolsos,Guess,SHOPPER UPTOWN CHIC,135.00
568,mujer,bolsos,Guess,CLUTCH CENTRAL CITY,125.00
569,mujer,bolsos,Guess,SHOPPER PALOMA,149.00
570,mujer,bolsos,Guess,SHOPPER NAYA POCHETTE,135.00
571,mujer,bolsos,Guess,SHOPPER KAMINA DENIM,155.00
572,mujer,bolsos,Guess,BOLSO DE HOMBRO PALOMA,129.00
573,mujer,bolsos,Guess,MINISHOPPER PICNIC CORREA,95.00
574,mujer,bolsos,Guess,BOLSO AL HOMBRO ASHER COCODRILO LAMINADO,129.00
575,mujer,bolsos,Guess,BOLSO AL HOMBRO BRIGHTSIDE PESPUNTEADO,119.00
576,mujer,bolsos,Guess,BOLSO AL HOMBRO REAGAN DE PIEL SINTÉTICA,129.00
577,mujer,bolsos,Guess,BANDOLERA NAYA LOGOTIPO 4G,95.00
578,mujer,bolsos,Guess,ORGANIZADOR UPTOWN CHIC,59.00
579,mujer,bolsos,Guess,MINIBOLSO DE MANO MIKA,135.00
580,mujer,bolsos,Guess,MAXICARTERA UPTOWN CHIC,59.00
581,mujer,bolsos,Guess,HOBO BRIGHTSIDE 4G LOGOTIPO,129.00
582,mujer,bolsos,Guess,MAXIBOLSO DE MANO MANHATTAN 4G LOGO,145.00
583,mujer,bolsos,Guess,MINICARTERA DAYANE,45.00
584,mujer,bolsos,Guess,MINICARTERA VALY LOGOTIPO 4G,55.00
585,mujer,bolsos,Guess,RIÑONERA KAMINA ACOLCHADA,95.00
586,mujer,bolsos,Guess,BANDOLERA NOELLE LOGOTIPO 4G,95.00
587,mujer,bolsos,Guess,BANDOLERA LITTLE BAY,85.00
588,mujer,bolsos,Guess,MAXIMOCHILA MANHATTAN DENIM,135.00
589,mujer,bolsos,Guess,MINIBOLSO DE MANO MIKA LOGOTIPO 4G,135.00
590,mujer,bolsos,Guess,MAXICARTERA DESTINY,59.00
591,mujer,bolsos,Guess,BANDOLERA ARIE LOGOTIPO 4G,59.00
592,mujer,bolsos,Guess,SHOPPER GENEVIEVE LOGOTIPO,59.00
593,mujer,bolsos,Guess,SHOPPER BELLE ISLE CHARM,59.00
594,mujer,bolsos,Guess,RIÑONERA NEW VIBE CREMALLERAS,59.00
595,mujer,bolsos,Guess,HOBO BRIGHTSIDE BANDOLERA,59.00
596,mujer,bolsos,Guess,BANDOLERA CESSILY COSTURAS,59.00
597,mujer,bolsos,Guess,BOLSO DE HOMBRO TIA TACHUELAS,59.00
598,mujer,bolsos,Guess,BANDOLERA BELLE ISLE TACHUELAS,59.00
599,mujer,bolsos,Guess,MOCHILA SAN DIEGO BOLSILLOS,59.00
600,mujer,bolsos,Guess,BOLSO DE MANO DIGITAL CHARM,59.00
601,mujer,bolsos,Guess,BOLSO DE MANO UPTOWN CHIC,59.00
602,mujer,bolsos,Guess,BOLSO DE MANO UPTOWN CHIC,59.00
