1,hombre,chaquetas,Guess,CHAQUETA MOTERA PIEL AUTÉNTICA,259.90
2,hombre,chaquetas,Guess,BÓMBER ACOLCHADA,159.90
3,hombre,chaquetas,Guess,CHAQUETA PIEL SINTÉTICA,149.90
4,hombre,chaquetas,Guess,ABRIGO MONTGOMERY ALGODÓN,239.90
5,hombre,chaquetas,Guess,PARKA BOLSILLOS FRONTALES,209.90
6,hombre,chaquetas,Guess,CHAQUETA ACOLCHADA PLEGABLE ,199.90
7,hombre,chaquetas,Guess,CAZADORA VAQUERA,99.90
8,hombre,chaquetas,Guess,CHAQUETA MULTIBOLSILLOS,239.90
9,hombre,chaquetas,Guess,CHAQUETA ACOLCHADA CAPUCHA,179.90
10,hombre,chaquetas,Guess,CHAQUETA ACOLCHADA,129.90
11,hombre,chaquetas,Guess,PARKA DE ALGODÓN,149.90
12,hombre,chaquetas,Guess,ABRIGO SARGA,179.90
13,hombre,chaquetas,Guess,CHAQUETA MOTERA PIEL MARCIANO,399.00
14,hombre,chaquetas,Guess,CHAQUETA CORTAVIENTOS MULTIESTAMPADA J BALVIN,129.90
15,hombre,chaquetas,Guess,BÓMBER ALGODÓN,159.90
16,hombre,chaquetas,Guess,CAZADORA MOTERA,169.90
17,hombre,chaquetas,Guess,CHAQUETA VAQUERA,199.90
18,hombre,chaquetas,Guess,BLAZER MARCIANO MEZCLA LINO,279.00
19,hombre,chaquetas,Guess,CHAQUETA ACOLCHADA CAPUCHA,159.90
20,hombre,chaquetas,Guess,CHAQUETA NAILON LOGOTIPO FRONTAL,99.90
21,hombre,chaquetas,Guess,BLAZER SLIM MARCIANO,229.00
22,hombre,chaquetas,Guess,CAZADORA VAQUERA GRAFITI,129.90
23,hombre,chaquetas,Guess,CHAQUETA NAILON CORTAVIENTOS,119.90
24,hombre,chaquetas,Guess,CHAQUETA IMPERMEABLE J BALVIN,109.90
25,hombre,chaquetas,Guess,CHAQUETA ACOLCHADA PARCHES,169.90
26,hombre,chaquetas,Guess,CHAQUETA ACOLCHADA PIEL SINTÉTICA,169.90
27,hombre,chaquetas,Guess,CHAQUETA VAQUERA J BALVIN CON LOGO ALL OVER,129.90
28,hombre,chaquetas,Guess,CHAQUETA VAQUERA J BALVIN LOGOTIPO,129.90
29,hombre,chaquetas,Guess,CHAQUETA J BALVIN LOGO,109.90
30,hombre,chaquetas,Guess,CHAQUETA BOLSILLO FRONTAL LOGO,129.90
31,hombre,chaquetas,Guess,CHAQUETA CAPUCHA CORDÓN AJUSTABLE,159.90
32,hombre,chaquetas,Guess,BÓMBER PARCHE FRONTAL,179.90
33,hombre,chaquetas,Guess,BLAZER ESTAMPADO MARCIANO,259.00
34,hombre,chaquetas,Guess,CHALECO J BALVIN COLOR BLOCK,109.90
35,hombre,chaquetas,Guess,BÓMBER SATÉN BOLSILLOS,149.90
36,hombre,chaquetas,Guess,CHAQUETA ESTAMPADO CAMUFLAJE,149.90
37,hombre,chaquetas,Guess,ABRIGO CRUZADO,209.90
38,hombre,chaquetas,Guess,CHAQUETA TYVEK ,209.90
39,hombre,chaquetas,Guess,CHAQUETA ACOLCHADA LOGOTIPO,209.90
40,hombre,chaquetas,Guess,CHAQUETA ACOLCHADA REVERSIBLE,209.90
41,hombre,chaquetas,Guess,CHAQUETA ACOLCHADA ELÁSTICA,209.90
42,hombre,chaquetas,Guess,CHAQUETA ACOLCHADA PIEL SINTÉTICA,209.90
43,hombre,chaquetas,Guess,CHAQUETA ELÁSTICA ACOLCHADA,209.90
44,hombre,chaquetas,Guess,CHAQUETA ACOLCHADA CAPUCHA,209.90
45,hombre,chaquetas,Guess,CHAQUETA ACOLCHADA PIEL SINTÉTICA,209.90
46,hombre,chaquetas,Guess,CHAQUETA SLIM ,209.90
47,hombre,chaquetas,Guess,BLAZER PRÍNCIPE DE GALES MARCIANO,209.90
48,hombre,chaquetas,Guess,BOMBER EFECTO ARAÑAZO,209.90
49,hombre,chaquetas,Guess,PARKA PLUMA AUTÉNTICA CAPUCHA,209.90
50,hombre,chaquetas,Guess,PARKA ACOLCHADA CAPUCHA,209.90
51,hombre,chaquetas,Guess,BÓMBER ACOLCHADA,209.90
52,hombre,chaquetas,Guess,CHAQUETA ACOLCHADA LOGOTIPO TRASERO,209.90
53,hombre,chaquetas,Guess,CHAQUETA MARCIANO EFECTO MOTERO,209.90
54,hombre,chaquetas,Guess,ABRIGO MEZCLA LANA MARCIANO,209.90
55,hombre,chaquetas,Guess,CHAQUETA ACOLCHADA MARCIANO,209.90
56,hombre,chaquetas,Guess,CHAQUETA SLIM ,209.90
57,hombre,chaquetas,Guess,ABRIGO PIEL SINTÉTICA,209.90
58,hombre,chaquetas,Guess,CHAQUETA TEJIDO EN CONTRASTE,209.90
59,hombre,chaquetas,Guess,CHAQUETA ACOLCHADA,209.90
60,hombre,chaquetas,Guess,CHAQUETA REVERSIBLE LOGO ALL OVER,209.90
61,hombre,chaquetas,Guess,CHAQUETA ACOLCHADA,209.90
62,hombre,chaquetas,Guess,PARKA MEZCLA LANA MARCIANO,209.90
63,hombre,chaquetas,Guess,CHAQUETA  CUADROS,209.90
64,hombre,chaquetas,Guess,BLAZER SLIM,209.90
65,hombre,chaquetas,Guess,CHAQUETA CALCE CEÑIDO,209.90
66,hombre,chaquetas,Guess,ABRIGO MARCIANO SUPERPUESTO,209.90
67,hombre,chaquetas,Guess,BOMBER COLOR BLOCK LOGOTIPO,209.90
68,hombre,chaquetas,Guess,PARKA NEOPRENO MARCIANO,209.90
69,hombre,chaquetas,Guess,BLAZER MELANGE MARCIANO,209.90
70,hombre,chaquetas,Guess,ABRIGO DE PLUMA ACOLCHADO,209.90
71,hombre,chaquetas,Guess,BLAZER ESMOQUIN MARCIANO,209.90
72,hombre,chaquetas,Guess,CHALECO PRÍNCIPE DE GALES MARCIANO,209.90
73,hombre,chaquetas,Guess,CHAQUETA PLUMA AUTÉNTICA,209.90
74,hombre,chaquetas,Guess,CHAQUETA REPELENTE AL AGUA MARCIANO,209.90
75,hombre,chaquetas,Guess,PLUMÍFERO CUELLO ALTO CAPUCHA,209.90
76,hombre,chaquetas,Guess,CHAQUETA TIE DYE CON LOGO,209.90
77,hombre,chaquetas,Guess,CHAQUETA ACOLCHADA EFECTO PESPUNTEADO,209.90
78,hombre,chaquetas,Guess,CHAQUETA ACOLCHADA MARCIANO,209.90
79,hombre,chaquetas,Guess,CHAQUETA MARCIANO EFECTO MOTERO,209.90
80,hombre,chaquetas,Guess,BLAZER MOTIVO DE RAYAS,209.90
81,hombre,chaquetas,Guess,CHAQUETA ELÁSTICA MARCIANO,209.90
82,hombre,chaquetas,Guess,ABRIGO DE PLUMAS DE TEJIDO SINTÉTICO ,209.90
83,hombre,chaquetas,Guess,GABARDINA MARCIANO CON CINTURÓN,209.90
84,hombre,chaquetas,Guess,BLAZER MARCIANO EFECTO TERCIOPELO,209.90
85,hombre,chaquetas,Guess,CHAQUETA ACOLCHADA PARCHE,209.90
86,hombre,chaquetas,Guess,BÓMBER CON CAPUCHA,209.90
87,hombre,chaquetas,Guess,BLAZER MARCIANO MEZCLA DE LANA,209.90
88,hombre,chaquetas,Guess,CHAQUETA MARCIANO EFECTO REVESTIDO,209.90
89,hombre,chaquetas,Guess,ABRIGO CLÁSICO EFECTO MÉLANGE,209.90
90,hombre,chaquetas,Guess,CHAQUETA CON TEJIDO EN CONTRASTE ,209.90
91,hombre,chaquetas,Guess,CHAQUETA ACOLCHADA CANALÉ,209.90
92,hombre,chaquetas,Guess,ABRIGO ACOLCHADO MARCIANO CONTRASTE,209.90
93,hombre,chaquetas,Guess,CHAQUETA ACOLCHADA,209.90
94,hombre,chaquetas,Guess,CHAQUETA ACOLCHADA,209.90
95,hombre,chaquetas,Guess,CHAQUETA VAQUERO SLIM ESTAMPADO CENTRAL ,209.90
96,hombre,chaquetas,Guess,CHAQUETA CON ETIQUETA CON LOGO,209.90
97,hombre,chaquetas,Guess,BLAZER SLIM,209.90
98,hombre,chaquetas,Guess,BLAZER ALGODÓN SUPIMA MARCIANO,209.90
99,hombre,chaquetas,Guess,BLAZER CLÁSICA MARCIANO,209.90
100,hombre,chaquetas,Guess,ABRIGO ACOLCHADO,209.90
101,hombre,chaquetas,Guess,CHAQUETA COLOR BLOCK,209.90
102,hombre,chaquetas,Guess,CHAQUETA PIEL ACOLCHADA MARCIANO,209.90
103,hombre,chaquetas,Guess,BLAZER LANA MARCIANO,209.90
104,hombre,chaquetas,Guess,CHAQUETA VAQUERA CORTE SLIM,209.90
