1,hombre,sudaderas,Guess,SUDADERA CIERRE CREMALLERA,109.90
2,hombre,sudaderas,Guess,SUDADERA CAPUCHA,79.90
3,hombre,sudaderas,Guess,SUDADERA CIERRE CREMALLERA,99.90
4,hombre,sudaderas,Guess,SUDADERA CAPUCHA,79.90
5,hombre,sudaderas,Guess,SUDADERA CON LOGO DE FELPA CON CANALÉ,69.90
6,hombre,sudaderas,Guess,PANTALÓN CON LOGO DE FELPA CON CANALÉ,69.90
7,hombre,sudaderas,Guess,SUDADERA CON LOGO DE FELPA CON CANALÉ,69.90
8,hombre,sudaderas,Guess,SUDADERA BICOLOR,59.90
9,hombre,sudaderas,Guess,SUDADERA TEÑIDO AÑUDADO,59.90
10,hombre,sudaderas,Guess,SUDADERA TERCIOPELO,99.90
11,hombre,sudaderas,Guess,SUDADERA CON LOGO,99.90
12,hombre,sudaderas,Guess,SUDADERA TRIÁNGULO LOGOTIPO,79.90
13,hombre,sudaderas,Guess,SUDADERA LOGOTIPO ESPALDA,79.90
14,hombre,sudaderas,Guess,SUDADERA CON CAPUCHÓN,79.90
15,hombre,sudaderas,Guess,SUDADERA LOGOTIPO FRONTAL,79.90
16,hombre,sudaderas,Guess,SUDADERA CIERRE CREMALLERA,89.90
17,hombre,sudaderas,Guess,SUDADERA DE PIQUÉ CIERRE CON CREMALLERA,79.90
18,hombre,sudaderas,Guess,SUDADERA CIERRE CON CREMALLERA ,89.90
19,hombre,sudaderas,Guess,SUDADERA LOGOTIPO MARCIANO,99.90
20,hombre,sudaderas,Guess,SUDADERA CIERRE CREMALLERA,89.90
21,hombre,sudaderas,Guess,SUDADERA CIERRE CREMALLERA,89.90
22,hombre,sudaderas,Guess,SUDADERA LOGOTIPO FRONTAL,89.90
23,hombre,sudaderas,Guess,SUDADERA LOGOTIPO FRONTAL,79.90
24,hombre,sudaderas,Guess,SUDADERA TRIÁNGULO LOGOTIPO,79.90
25,hombre,sudaderas,Guess,SUDADERA DE PIQUÉ CON MANGA RAGLÁN,89.90
26,hombre,sudaderas,Guess,SUDADERA BANDA LOGOTIPO ESTAMPADO,79.90
27,hombre,sudaderas,Guess,SUDADERA J BALVIN LOGO,79.90
28,hombre,sudaderas,Guess,SUDADERA LOGO FRONTAL,79.90
29,hombre,sudaderas,Guess,SUDADERA CIERRE CON CREMALLERA ,89.90
30,hombre,sudaderas,Guess,SUDADERA TEÑIDO AÑUDADO,89.90
31,hombre,sudaderas,Guess,SUDADERA ESTAMPADO INTEGRAL,99.90
32,hombre,sudaderas,Guess,SUDADERA CON CREMALLERA CUELLO ALTO,99.90
33,hombre,sudaderas,Guess,SUDADERA LOGO FRONTAL,79.90
34,hombre,sudaderas,Guess,SUDADERA POLO TRIÁNGULO LOGO,69.90
35,hombre,sudaderas,Guess,SUDADERA TRIÁNGULO LOGO,69.90
36,hombre,sudaderas,Guess,SUDADERA TRIÁNGULO LOGO ,79.90
37,hombre,sudaderas,Guess,SUDADERA TRIÁNGULO LOGOTIPO ,69.90
38,hombre,sudaderas,Guess,SUDADERA J BALVIN TIE DYE,99.90
39,hombre,sudaderas,Guess,SUDADERA CREMALLERA,99.90
40,hombre,sudaderas,Guess,SUDADERA CON CAPUCHÓN,79.90
41,hombre,sudaderas,Guess,SUDADERA J BALVIN COLOR BLOCK,89.90
42,hombre,sudaderas,Guess,SUDADERA LOGOTIPO FRONTAL ,69.90
43,hombre,sudaderas,Guess,SUDADERA LOGO FRONTAL,69.90
44,hombre,sudaderas,Guess,SUDADERA LOGOTIPO,69.90
45,hombre,sudaderas,Guess,SUDADERA CIERRE CON CREMALLERA,69.90
46,hombre,sudaderas,Guess,SUDADERA LOGOTIPO TRASERO,69.90
47,hombre,sudaderas,Guess,SUDADERA TEJIDO MIXTO ALGODÓN ,69.90
48,hombre,sudaderas,Guess,SUDADERA TRIÁNGULO LOGO FRONTAL,69.90
49,hombre,sudaderas,Guess,SUDADERA LOGO FRONTAL CON BORDADO ,69.90
50,hombre,sudaderas,Guess,SUDADERA TEÑIDA EN PRENDA CON TRIÁNGULO LOGO,69.90
51,hombre,sudaderas,Guess,SUÉTER DE ALGODÓN,69.90
52,hombre,sudaderas,Guess,PANTALÓN CON LOGO DE FELPA CON CANALÉ,69.90
53,hombre,sudaderas,Guess,SUÉTER MARCIANO ESTAMPADO FLORAL,69.90
54,hombre,sudaderas,Guess,SUÉTER MARCIANO MOTIVO DE LUNARES,69.90
55,hombre,sudaderas,Guess,CHAQUETA CON BANDA ELÁSTICA CON LOGO,69.90
56,hombre,sudaderas,Guess,CHAQUETA SCUBA CON LOGO FRONTAL,89.90
57,hombre,sudaderas,Guess,SUDADERA LOGOTIPO,79.90
58,hombre,sudaderas,Guess,SUDADERA LOGOTIPO,79.90
59,hombre,sudaderas,Guess,SUDADERA CAPUCHA,79.90
60,hombre,sudaderas,Guess,SUDADERA TRIÁNGULO LOGO,69.90
61,hombre,sudaderas,Guess,SUDADERA CIERRE CREMALLERA,99.90
62,hombre,sudaderas,Guess,SUDADERA LOGOTIPO FRONTAL ,69.90
63,hombre,sudaderas,Guess,SUDADERA CIERRE CREMALLERA,89.90
64,hombre,sudaderas,Guess,SUDADERA J BALVIN LOGO,79.90
65,hombre,sudaderas,Guess,SUDADERA J BALVIN COLOR BLOCK,89.90
66,hombre,sudaderas,Guess,SUDADERA J BALVIN COLOR BLOCK,89.90
67,hombre,sudaderas,Guess,SUDADERA J BALVIN COLOR BLOCK,89.90
68,hombre,sudaderas,Guess,SUÉTER CREMALLERA,89.90
69,hombre,sudaderas,Guess,SUÉTER RAYAS EN CONTRASTE,89.90
70,hombre,sudaderas,Guess,SUÉTER BANDAS CAMUFLAJE,89.90
71,hombre,sudaderas,Guess,SUÉTER CONFECCIÓN JACQUARD,89.90
72,hombre,sudaderas,Guess,SUÉTER MARCIANO EFECTO DÉGRADÉ,89.90
73,hombre,sudaderas,Guess,SUÉTER MARCIANO MOTIVO DE MAXI RAYAS,89.90
74,hombre,sudaderas,Guess,SUDADERA CIERRE CON CREMALLERA,89.90
75,hombre,sudaderas,Guess,SUDADERA LOGOTIPO FRONTAL,89.90
76,hombre,sudaderas,Guess,SUDADERA CAMUFLAJE MARCIANO,89.90
77,hombre,sudaderas,Guess,SUDADERA LOGOTIPO FRONTAL,89.90
78,hombre,sudaderas,Guess,SUDADERA COLOR BLOCK LOGO,89.90
79,hombre,sudaderas,Guess,SUDADERA ESTAMPADO CAMUFLAJE LOGO,89.90
80,hombre,sudaderas,Guess,SUDADERA CAPUCHA BOLSILLOS NAILON,89.90
81,hombre,sudaderas,Guess,BOMBER CAPUCHA APLICACIONES PARCHE,89.90
82,hombre,sudaderas,Guess,JERSEY RAYAS,89.90
