1,hombre,pantalones,Guess,PANTALÓN ALGODÓN,69.90
2,hombre,pantalones,Guess,PANTALÓN SLIM ,89.90
3,hombre,pantalones,Guess,PANTALÓN BANDA LOGOTIPO ESTAMPADO,79.90
4,hombre,pantalones,Guess,PANTALÓN EFECTO TERCIOPELO,99.90
5,hombre,pantalones,Guess,PANTALÓN TEÑIDO EN HILO MARCIANO,119.00
6,hombre,pantalones,Guess,PANTALÓN SLIM,109.90
7,hombre,pantalones,Guess,PANTALONES CARGO J BALVIN,99.90
8,hombre,pantalones,Guess,SHORTS J BALVIN COLOR BLOCK,69.90
9,hombre,pantalones,Guess,PANTALONES COLOR BLOCK,99.90
10,hombre,pantalones,Guess,PANTALÓN MARCIANO LINO,139.00
11,hombre,pantalones,Guess,PANTALONES BANDA LATERAL,89.90
12,hombre,pantalones,Guess,PANTALÓN DE JOGGING,79.90
13,hombre,pantalones,Guess,PANTALÓN SKINNY,79.90
14,hombre,pantalones,Guess,SHORTS MULTICOLORES J BALVIN,69.90
15,hombre,pantalones,Guess,PANTALÓN REGULAR ,79.90
16,hombre,pantalones,Guess,SHORTS TRIÁNGULO LOGOTIPO,69.90
17,hombre,pantalones,Guess,PANTALÓN BOLSILLOS LATERALES,109.90
18,hombre,pantalones,Guess,PANTALÓN TEÑIDO EN PRENDA MARCIANO ,119.00
19,hombre,pantalones,Guess,SHORTS SKINNY,79.90
20,hombre,pantalones,Guess,BERMUDAS CHINO MARCIANO,129.00
21,hombre,pantalones,Guess,PANTALÓN MARCIANO LINO,159.00
22,hombre,pantalones,Guess,JOGGERS DE TEJIDO AFELPADO,79.90
23,hombre,pantalones,Guess,PANTALÓN TEÑIDO EN PRENDA MARCIANO,119.00
24,hombre,pantalones,Guess,PANTALÓN ESTAMPADO INTEGRAL,89.90
25,hombre,pantalones,Guess,SHORTS MULTIESTAMPADO J BALVIN,69.90
26,hombre,pantalones,Guess,PANTALÓN CALCE SÚPER SKINNY,79.90
27,hombre,pantalones,Guess,PANTALÓN SLIM,79.90
28,hombre,pantalones,Guess,PANTALÓN SLIM ,79.90
29,hombre,pantalones,Guess,PANTALÓN SKINNY ESTAMPADO INTEGRAL,79.90
30,hombre,pantalones,Guess,PANTALÓN CALCE CEÑIDO FORRO ESTAMPADO,79.90
31,hombre,pantalones,Guess,PANTALÓN CALCE SÚPER SKINNY,79.90
32,hombre,pantalones,Guess,PANTALONES SKINNY,79.90
33,hombre,pantalones,Guess,PANTALÓN REGULAR TELA CONTRASTE,79.90
34,hombre,pantalones,Guess,PANTALÓN ESMOQUIN SLIM MARCIANO,79.90
35,hombre,pantalones,Guess,PANTALÓN CLÁSICO MARCIANO,79.90
36,hombre,pantalones,Guess,PANTALÓN MELANGE MARCIANO,79.90
37,hombre,pantalones,Guess,PANTALÓN CIGARRILLO,79.90
38,hombre,pantalones,Guess,PANTALÓN MARCIANO MODELO CHINOS,79.90
39,hombre,pantalones,Guess,PANTALÓN CORTE AMPLIO,79.90
40,hombre,pantalones,Guess,PANTALÓN MARCIANO MODELO CHINOS,79.90
41,hombre,pantalones,Guess,PANTALÓN MARCIANO 5 BOLSILLOS,79.90
42,hombre,pantalones,Guess,PANTALONES CHINOS MARCIANO BOLSILLOS,79.90
43,hombre,pantalones,Guess,PANTALÓN FIT SLIM,79.90
44,hombre,pantalones,Guess,PANTALÓN SKINNY CHINO,79.90
45,hombre,pantalones,Guess,PANTALÓN MARCIANO 5 BOLSILLOS,79.90
46,hombre,pantalones,Guess,PANTALÓN CLÁSICO MARCIANO,79.90
47,hombre,pantalones,Guess,PANTALÓN CORTE REGULAR,79.90
48,hombre,pantalones,Guess,PANTALONES SLIM,79.90
49,hombre,pantalones,Guess,PANTALÓN MARCIANO MODELO CHINOS,79.90
50,hombre,pantalones,Guess,PANTALÓN SLIM ,79.90
51,hombre,pantalones,Guess,PANTALÓN SLIM ,79.90
52,hombre,pantalones,Guess,PANTALÓN MARCIANO MODELO CHINOS,79.90
53,hombre,pantalones,Guess,PANTALÓN PRÍNCIPE DE GALES MARCIANO,79.90
54,hombre,pantalones,Guess,PANTALONES SKINNY,79.90
55,hombre,pantalones,Guess,PANTALÓN CALCE CEÑIDO FORRO ESTAMPADO,79.90
56,hombre,pantalones,Guess,PANTALÓN SKINNY,79.90
57,hombre,pantalones,Guess,PANTALÓN CORTE SLIM MARCIANO,79.90
