1,mujer,vestidos,Insphyria,Vestido Puntilla Coline,36.99
2,mujer,vestidos,Insphyria,Vestido Nuria Coline,49.99
3,mujer,vestidos,Insphyria,Vestido Cuatre Coline,34.99
4,mujer,vestidos,Insphyria,Vestido Indian Coline,34.99
5,mujer,vestidos,Insphyria,Vestido Bolero Coline,36.99
6,mujer,vestidos,Insphyria,Vestido MÃ­a Coline,36.99
7,mujer,vestidos,Insphyria,Vestido Pacthwork Coline,49.99
8,mujer,vestidos,Insphyria,Vestido Adriana,26.99
9,mujer,vestidos,Insphyria,Vestido Ivy Aller Simplement,29.99
10,mujer,vestidos,Insphyria,Vestido Lexie,34.99
11,mujer,vestidos,Insphyria,Vestido Helena,26.99
12,mujer,vestidos,Insphyria,Vestido Cadie,34.99
13,mujer,vestidos,Insphyria,Vestido Halia Aller Simplement,29.99
14,mujer,vestidos,Insphyria,Vestido Summer Print,26.99
15,mujer,vestidos,Insphyria,Vestido Miami,29.99
16,mujer,vestidos,Insphyria,Vestido Ellen Aller Simplement,29.99
17,mujer,vestidos,Insphyria,Vestido Cuba,26.99
18,mujer,vestidos,Insphyria,Vestido Amazonas,26.99
19,mujer,vestidos,Insphyria,Vestido peplum,29.99
20,mujer,vestidos,Insphyria,Vestido Snake,34.99
