1,mujer,camisetas,Nafnaf,Camiseta con plisados,37.90
2,mujer,camisetas,Nafnaf,Camiseta tejido suave,24.90
3,mujer,camisetas,Nafnaf,Camiseta con puntillas,29.90
4,mujer,camisetas,Nafnaf,Body manga larga,24.90
5,mujer,camisetas,Nafnaf,Camiseta tejido suave,37.90
6,mujer,camisetas,Nafnaf,Camiseta tejido suave,37.90
7,mujer,camisetas,Nafnaf,Body puntillas,32.90
8,mujer,camisetas,Nafnaf,Camiseta escote desbocado,24.90
9,mujer,camisetas,Nafnaf,Camiseta con puntillas,29.90
10,mujer,camisetas,Nafnaf,Camiseta con lazo,29.90
11,mujer,camisetas,Nafnaf,Camiseta a rayas,49.90
12,mujer,camisetas,Nafnaf,Camiseta hombreras,24.90
13,mujer,camisetas,Nafnaf,Camiseta con ribete,37.90
14,mujer,camisetas,Nafnaf,Camiseta escote puntillas,37.90
15,mujer,camisetas,Nafnaf,Camiseta puntilla y bordados,39.90
16,mujer,camisetas,Nafnaf,Camiseta con tul,29.90
17,mujer,camisetas,Nafnaf,Camiseta con ribete contrastado,27.90
18,mujer,camisetas,Nafnaf,Camiseta con flores,27.90
19,mujer,camisetas,Nafnaf,Camiseta Flowers,29.90
20,mujer,camisetas,Nafnaf,Camiseta Le Café,27.90
21,mujer,camisetas,Nafnaf,Camiseta de canalé con ondas,34.90
22,mujer,camisetas,Nafnaf,Camiseta La Vie en Rose,34.90
23,mujer,camisetas,Nafnaf,Camiseta con ribete,37.90
24,mujer,camisetas,Nafnaf,Camiseta dos tejidos,37.90
25,mujer,camisetas,Nafnaf,Camiseta hombreras,24.90
26,mujer,camisetas,Nafnaf,Camiseta con puntillas,34.90
27,mujer,camisetas,Nafnaf,Camiseta con puntillas,34.90
28,mujer,camisetas,Nafnaf,Camiseta con puntillas,29.90
29,mujer,camisetas,Nafnaf,Camiseta con bolsillos,39.90
30,mujer,camisetas,Nafnaf,Camiseta cuello crochet,44.90
31,mujer,camisetas,Nafnaf,Camiseta lisa manga corta,12.90
32,mujer,camisetas,Nafnaf,Camiseta lisa manga corta,12.90
33,mujer,camisetas,Nafnaf,Camiseta lisa manga corta,12.90
34,mujer,camisetas,Nafnaf,Camiseta Oui Non,24.90
35,mujer,camisetas,Nafnaf,Camiseta margaritas,29.90
36,mujer,camisetas,Nafnaf,Camiseta mangas plumeti,34.90
37,mujer,camisetas,Nafnaf,Camiseta hombreras,24.90
38,mujer,camisetas,Nafnaf,Camiseta con flores,27.90
39,mujer,camisetas,Nafnaf,Camiseta con puntillas,29.90
40,mujer,camisetas,Nafnaf,Camiseta con puntillas,29.90
41,mujer,camisetas,Nafnaf,Camiseta marinera,19.95
42,mujer,camisetas,Nafnaf,Camiseta cuello vuelto,14.95
43,mujer,camisetas,Nafnaf,Camiseta con puntillas,19.95
44,mujer,camisetas,Nafnaf,Camiseta con puntillas,19.95
45,mujer,camisetas,Nafnaf,Camiseta margaritas,14.95
46,mujer,camisetas,Nafnaf,Camiseta con botones dorados,14.95
47,mujer,camisetas,Nafnaf,Camiseta con botones dorados,14.95
48,mujer,camisetas,Nafnaf,Camiseta con botones dorados,14.95
49,mujer,camisetas,Nafnaf,Camiseta cuello vuelto,14.95
50,mujer,camisetas,Nafnaf,Camiseta cuello vuelto,14.95
51,mujer,camisetas,Nafnaf,Camiseta cuello vuelto,14.95
52,mujer,camisetas,Nafnaf,Camiseta con plumeti,19.95
53,mujer,camisetas,Nafnaf,Crop top con glitter,18.95
54,mujer,camisetas,Nafnaf,Camiseta animal print,19.95
55,mujer,camisetas,Nafnaf,Camiseta animal print,19.95
56,mujer,camisetas,Nafnaf,Camiseta hombros con pedrería,22.45
57,mujer,camisetas,Nafnaf,Camiseta detalles metalizados,19.95
58,mujer,camisetas,Nafnaf,Camiseta con glitter,19.95
59,mujer,camisetas,Nafnaf,Camiseta espalda de puntilla,16.45
60,mujer,camisetas,Nafnaf,Camiseta dos tejidos,19.95
61,mujer,camisetas,Nafnaf,Camiseta dos tejidos,19.95
62,mujer,camisetas,Nafnaf,Camiseta dos tejidos,19.95
63,mujer,camisetas,Nafnaf,Camiseta Bonjour Beauté,11.95
64,mujer,camisetas,Nafnaf,Camiseta hombreras,9.15
65,mujer,camisetas,Nafnaf,Camiseta hombreras,11.45
66,mujer,camisetas,Nafnaf,Camiseta hombreras,11.45
67,mujer,camisetas,Nafnaf,Camiseta mangas abullonadas,14.95
68,mujer,camisetas,Nafnaf,Camiseta encajes,12.45
69,mujer,camisetas,Nafnaf,Camiseta con plisados,16.45
70,mujer,camisetas,Nafnaf,Camiseta con ribete y botones,9.95
71,mujer,camisetas,Nafnaf,Camiseta brillante,16.45
72,mujer,camisetas,Nafnaf,Camiseta con glitter multicolor,21.45
73,mujer,camisetas,Nafnaf,Camiseta manga abullonada,17.45
74,mujer,camisetas,Nafnaf,Camiseta dos tejidos margaritas,19.15
75,mujer,camisetas,Nafnaf,Camiseta de tirantes y puntilla,12.45
76,mujer,camisetas,Nafnaf,Camiseta con plisados,16.45
77,mujer,camisetas,Nafnaf,Camiseta canalé con puntillas,11.45
78,mujer,camisetas,Nafnaf,Camiseta con ribete y botones,9.95
79,mujer,camisetas,Nafnaf,Camiseta mangas plisadas,19.95
80,mujer,camisetas,Nafnaf,Camiseta detalles metalizados,19.95
81,mujer,camisetas,Nafnaf,Camiseta dos tejidos y flores,19.95
82,mujer,camisetas,Nafnaf,Camiseta con botones dorados,14.95
