1,hombre,pantalones,Napapijri,Pantalones de chándal Medo,85.00
2,hombre,pantalones,Napapijri,Pantalón cargo Moto,119.00
3,hombre,pantalones,Napapijri,Pantalones chinos Mana,99.00
4,hombre,pantalones,Napapijri,Pantalones chinos Miom,119.00
5,hombre,pantalones,Napapijri,Pantalones de chándal Ice,79.00
6,hombre,pantalones,Napapijri,Pantalones cargo Mori,129.00
7,hombre,pantalones,Napapijri,Pantalones de 5 bolsillos Meros,119.00
8,hombre,pantalones,Napapijri,Pantalones de chándal Mallar,89.00
9,hombre,pantalones,Napapijri,Pantalones de chándal Nasan,69.00
10,hombre,pantalones,Napapijri,Pantalones Chinos Mana,99.00
11,hombre,pantalones,Napapijri,Pantalones Cargo Moto,119.00
12,hombre,pantalones,Napapijri,Pantalones Chinos Maun,99.00
13,hombre,pantalones,Napapijri,Pantalones de 5 bolsillos Lund,119.00
14,hombre,pantalones,Napapijri,Pantalones de 5 bolsillos Meri,129.00
15,hombre,pantalones,Napapijri,Pantalones de chándal Oodi,139.00
16,hombre,pantalones,Napapijri,Pantalones de chándal M-Oodi,129.00
17,hombre,pantalones,Napapijri,Pantalones de chándal Ze-K309,229.00
18,hombre,pantalones,Napapijri,Pantalones Chinos Turku,159.00
19,hombre,pantalones,Napapijri,Pantalones de 5 bolsillos Saimaa,119.00
