1,hombre,chaquetas,Napapijri,Chaqueta corta Shelter,169.00
2,hombre,chaquetas,Napapijri,Chaqueta Rainforest Summer Pocket,199.00
3,hombre,chaquetas,Napapijri,Chaqueta Rainforest Summer,179.00
4,hombre,chaquetas,Napapijri,Chaqueta corta Pearl,349.00
5,hombre,chaquetas,Napapijri,Chaqueta Circular Rainforest,329.00
6,hombre,chaquetas,Napapijri,Chaqueta Rainforest Napali,189.00
7,hombre,chaquetas,Napapijri,Chaqueta Rainforest Summer,179.00
8,hombre,chaquetas,Napapijri,Chaqueta corta Shelter,179.00
9,hombre,chaquetas,Napapijri,Chaqueta corta Agard,179.00
10,hombre,chaquetas,Napapijri,Chaqueta corta Arino,149.00
11,hombre,chaquetas,Napapijri,Cortavientos Circular,359.00
12,hombre,chaquetas,Napapijri,Chaqueta corta Kalalau,249.00
13,hombre,chaquetas,Napapijri,Chaqueta Rainforest Summer Print,219.00
14,hombre,chaquetas,Napapijri,Chaqueta Skidoo Rainbow,599.00
15,hombre,chaquetas,Napapijri,Chaqueta Rainforest Dusk,599.00
16,hombre,chaquetas,Napapijri,Chaqueta Rainforest Pocket Print,259.00
17,hombre,chaquetas,Napapijri,Chaqueta Rainforest Winter,139.30
18,hombre,chaquetas,Napapijri,Chaqueta Skidoo,314.30
19,hombre,chaquetas,Napapijri,Chaqueta Rainforest Pocket Winter,167.30
20,hombre,chaquetas,Napapijri,Chaqueta acolchada Acalmar,189.00
21,hombre,chaquetas,Napapijri,Chaqueta corta Ario,229.00
22,hombre,chaquetas,Napapijri,Chaleco Acalmar,149.00
23,hombre,chaquetas,Napapijri,Chaleco Acalmar Vest,149.00
24,hombre,chaquetas,Napapijri,Chaqueta acolchada Acalmar,189.00
25,hombre,chaquetas,Napapijri,Chaqueta Circular Anorak,599.00
26,hombre,chaquetas,Napapijri,Chaqueta corta Aerons Short,199.00
27,hombre,chaquetas,Napapijri,Chaqueta corta Aerons Hood,199.00
28,hombre,chaquetas,Napapijri,Chaqueta corta Ater,349.00
29,hombre,chaquetas,Napapijri,Chaqueta Parka Kelvin,599.00
30,hombre,chaquetas,Napapijri,Parka Avol,299.00
31,hombre,chaquetas,Napapijri,Chaqueta acolchada Aerons,199.00
32,hombre,chaquetas,Napapijri,Chaqueta Parka Fahrenheit,799.00
33,hombre,chaquetas,Napapijri,Chaqueta corta Loyly Shiny,449.00
34,hombre,chaquetas,Napapijri,Abrigo Parka Celsius,999.00
35,hombre,chaquetas,Napapijri,Chaqueta Parka Rankine,399.00
36,hombre,chaquetas,Napapijri,Chaqueta corta Fahrenheit,499.00
