1,hombre,sudaderas,Napapijri,Sudadera con capucha Bory,89.00
2,hombre,sudaderas,Napapijri,Sudadera Bedo,85.00
3,hombre,sudaderas,Napapijri,Polar Tedo,129.00
4,hombre,sudaderas,Napapijri,Sudadera con capucha Patch,89.00
5,hombre,sudaderas,Napapijri,Sudadera Patch,79.00
6,hombre,sudaderas,Napapijri,Sudadera Box,79.00
7,hombre,sudaderas,Napapijri,Sudadera con capucha Box,89.00
8,hombre,sudaderas,Napapijri,Sudadera Balya,139.00
9,hombre,sudaderas,Napapijri,Sudadera con cremallera Surf,99.00
10,hombre,sudaderas,Napapijri,Sudadera con capucha Surf,89.00
11,hombre,sudaderas,Napapijri,Sudadera Surf,79.00
12,hombre,sudaderas,Napapijri,Sudadera con cremallera Ice,99.00
13,hombre,sudaderas,Napapijri,Sudadera con capucha Ice,89.00
14,hombre,sudaderas,Napapijri,Sudadera Ice,79.00
15,hombre,sudaderas,Napapijri,Sudadera con capucha Burgee Summer,99.00
16,hombre,sudaderas,Napapijri,Sudadera con cremallera Ballar,129.00
17,hombre,sudaderas,Napapijri,Sudadera con capucha Ballar,99.00
18,hombre,sudaderas,Napapijri,Sudadera Ballar,89.00
19,hombre,sudaderas,Napapijri,Sudadera con capucha Birol,99.00
20,hombre,sudaderas,Napapijri,Sudadera Birol,89.00
21,hombre,sudaderas,Napapijri,Sudadera con capucha Balya,149.00
22,hombre,sudaderas,Napapijri,Jersey de cremallera completa Berial,119.00
23,hombre,sudaderas,Napapijri,Jersey Bario,119.00
24,hombre,sudaderas,Napapijri,Sudadera con capucha Orefici 11,89.00
25,hombre,sudaderas,Napapijri,Sudadera con capucha Burgee,99.00
26,hombre,sudaderas,Napapijri,Sudadera con cremallera Bebel,119.00
27,hombre,sudaderas,Napapijri,Sudadera con capucha Ze-K306,299.00
28,hombre,sudaderas,Napapijri,Sudadera de felpa con capucha Patch Curly,159.00
29,hombre,sudaderas,Napapijri,Sudadera de felpa con capucha Yupik,199.00
30,hombre,sudaderas,Napapijri,Gilet Ahull Allover,299.00
31,hombre,sudaderas,Napapijri,Sudadera de felpa con cremallera Tear,129.00
32,hombre,sudaderas,Napapijri,Sudadera con cremallera B-Oodi,169.00
33,hombre,sudaderas,Napapijri,Sudadera de felpa con capucha Toli,129.00
34,hombre,sudaderas,Napapijri,Sudadera de felpa Teide,159.00
35,hombre,sudaderas,Napapijri,Sudadera Box,79.00
36,hombre,sudaderas,Napapijri,Sudadera con capucha Box,89.00
