1,mujer,camisetas,Parfois,Camiseta Cuello Redondo,15.99
2,mujer,camisetas,Parfois,Camiseta Lisa Cuello Redondo,9.99
3,mujer,camisetas,Parfois,Camiseta Lisa Cuello Redondo,9.99
4,mujer,camisetas,Parfois,Top Sin Mangas Cuello Pico,9.99
5,mujer,camisetas,Parfois,Camiseta Lisa Cuello Redondo,9.99
6,mujer,camisetas,Parfois,Camiseta Lisa Cuello Redondo,9.99
7,mujer,camisetas,Parfois,Camiseta Con Cuello Redondo,17.99
8,mujer,camisetas,Parfois,Camiseta Cuello Redondo Stay Cool,7.99
9,mujer,camisetas,Parfois,Top Sin Mangas Escote Pico,9.99
10,mujer,camisetas,Parfois,Top Sin Mangas Cuello Pico,9.99
11,mujer,camisetas,Parfois,Top Sin Mangas Cuello Pico,9.99
12,mujer,camisetas,Parfois,Camiseta Básica Escote Redondo,17.99
13,mujer,camisetas,Parfois,Top Sin Mangas Cuello Pico,12.99
14,mujer,camisetas,Parfois,Top Sin Mangas Cuello Pico,12.99
15,mujer,camisetas,Parfois,Camiseta Cuello Redondo Stay Cool,7.99
16,mujer,camisetas,Parfois,Top De Tirantes Escote Redondo,5.99
17,mujer,camisetas,Parfois,Camiseta Básica Escote Pico,12.99
18,mujer,camisetas,Parfois,Top Sin Mangas Escote Pico,9.99
19,mujer,camisetas,Parfois,Camiseta Escote Redondo,17.99
20,mujer,camisetas,Parfois,Top De Tirantes De Punto,15.99
21,mujer,camisetas,Parfois,Camiseta Con Escote De Pico,12.99
22,mujer,camisetas,Parfois,Camiseta Escote Redondo,5.99
23,mujer,camisetas,Parfois,Camiseta Con Escote De Pico,12.99
24,mujer,camisetas,Parfois,Camiseta Cuello Redondo,5.99
25,mujer,camisetas,Parfois,Top Sin Mangas Cuello Pico,9.99
