1,mujer,bolsos,Parfois,Bolso Shopper Combinado Detalle Borlas,29.99
2,mujer,bolsos,Parfois,Bolso Tote Combinado Con Interior En Lino,27.99
3,mujer,bolsos,Parfois,Bolso Bandolera Baguette,17.99
4,mujer,bolsos,Parfois,Mochila Textura Ante Bolsillo Exterior,29.99
5,mujer,bolsos,Parfois,Mochila Textura Ante Bolsillo Exterior,29.99
6,mujer,bolsos,Parfois,Bolso De Hombro Textura Ante,27.99
7,mujer,bolsos,Parfois,Bolso De Hombro Textura Ante,27.99
8,mujer,bolsos,Parfois,Bolso Bandolera Acolchado Asa Combinada,25.99
9,mujer,bolsos,Parfois,Bolso Bandolera De Jacquard,25.99
10,mujer,bolsos,Parfois,Bolso Shopper Estampado Asa Extraíble,34.99
11,mujer,bolsos,Parfois,Bolso Tote Textura Ante,25.99
12,mujer,bolsos,Parfois,Bolso Tote Textura Ante,25.99
13,mujer,bolsos,Parfois,Bolso Bombonera Con Bandolera Extraíble,25.99
14,mujer,bolsos,Parfois,Bolso Bandolera Grabado Asa De Cadena,23.99
15,mujer,bolsos,Parfois,Bolso Bandolera Grabado Asa De Cadena,23.99
16,mujer,bolsos,Parfois,Bolso Bandolera Grabado Asa De Cadena,23.99
17,mujer,bolsos,Parfois,Bolso De Mano Grabado Animal,22.99
18,mujer,bolsos,Parfois,Bolso Tote Grabado Con Bandolera,23.99
19,mujer,bolsos,Parfois,Bolso Tote Grabado Con Bandolera,25.99
20,mujer,bolsos,Parfois,Bolso Tote Grabado Con Bandolera,25.99
21,mujer,bolsos,Parfois,Bolso Bandolera Grabado Animal,19.99
22,mujer,bolsos,Parfois,Bolso Bandolera Grabado Animal,19.99
23,mujer,bolsos,Parfois,Bolso Riñonera De Náilon,19.99
24,mujer,bolsos,Parfois,Bolso Bandolera Bolsillo Exterior,17.99
25,mujer,bolsos,Parfois,Bolso Bandolera Bolsillo Exterior,17.99
26,mujer,bolsos,Parfois,Bolso Bandolera Bolsillo Exterior,17.99
27,mujer,bolsos,Parfois,Bolso Bandolera Bolsillo Exterior,17.99
28,mujer,bolsos,Parfois,Bolso Tote Con Bandolera Extraíble,19.99
29,mujer,bolsos,Parfois,Bolso Tote Con Bandolera Extraíble,19.99
30,mujer,bolsos,Parfois,Bolso Tote Con Bandolera Extraíble,19.99
31,mujer,bolsos,Parfois,Bolso De Mano Combinado Con Asa De Hombro,22.99
32,mujer,bolsos,Parfois,Bolso De Mano Combinado Con Asa De Hombro,22.99
33,mujer,bolsos,Parfois,Bolso Riñonera De Náilon,19.99
34,mujer,bolsos,Parfois,Bolso De Hombro Con Interior Extraíble,22.99
35,mujer,bolsos,Parfois,Bolso De Hombro Con Interior Extraíble,22.99
36,mujer,bolsos,Parfois,Bolso De Hombro Con Interior Extraíble,22.99
37,mujer,bolsos,Parfois,Bolso De Hombro Con Interior Extraíble,22.99
38,mujer,bolsos,Parfois,Bolso Bandolera Estampado Floral,23.99
39,mujer,bolsos,Parfois,Bolso Porta Alimentos Acolchado Estampado Floral,19.99
40,mujer,bolsos,Parfois,Mochila Estampado Floral,27.99
41,mujer,bolsos,Parfois,Bolso Bandolera Grabado Animal,19.99
42,mujer,bolsos,Parfois,Bolso Bandolera Grabado Animal,19.99
43,mujer,bolsos,Parfois,Bolso Bandolera Grabado Animal,19.99
44,mujer,bolsos,Parfois,Bolso Bandolera Grabado Animal,25.99
45,mujer,bolsos,Parfois,Bolso Bandolera Grabado Animal,25.99
46,mujer,bolsos,Parfois,"Maletín Grabado Animal Para Ordenador Portátil De 15""",34.99
47,mujer,bolsos,Parfois,"Maletín Grabado Animal Para Ordenador Portátil De 15""",34.99
48,mujer,bolsos,Parfois,Bolso Tote Combinado Borla,27.99
49,mujer,bolsos,Parfois,Bolso Bandolera Cierre De Solapa,25.99
50,mujer,bolsos,Parfois,Bolso Bandolera Combinado,25.99
51,mujer,bolsos,Parfois,Bolso Bandolera Cierre De Solapa,23.99
52,mujer,bolsos,Parfois,Bolso De Mano Con Bandolera,22.99
53,mujer,bolsos,Parfois,Bolso Bandolera Acolchado Asa Combinada,19.99
54,mujer,bolsos,Parfois,Bolso Bandolera Acolchado De Náilon,19.99
55,mujer,bolsos,Parfois,Bolso Shopper Acolchado De Náilon,25.99
56,mujer,bolsos,Parfois,Mochila Acolchada De Náilon,23.99
57,mujer,bolsos,Parfois,Bolso Shopper Acolchado De Náilon,25.99
58,mujer,bolsos,Parfois,Bolso Shopper Tachuelas Con Asa Extraíble,29.99
59,mujer,bolsos,Parfois,Bolso Bandolera Con Tachuelas,23.99
60,mujer,bolsos,Parfois,Bolso De Hombro Tachuelas Con Asa Extraíble,27.99
61,mujer,bolsos,Parfois,Bolso Bandolera Detalle Tachuelas,19.99
62,mujer,bolsos,Parfois,Bolso Shopper Asa Bandolera Extraíble,27.99
63,mujer,bolsos,Parfois,Bolso Bandolera Con Bolsillo Exterior,9.99
64,mujer,bolsos,Parfois,Bolso Shopper Grabado Animal Con Interior Extraíble,25.99
65,mujer,bolsos,Parfois,Bolso Shopper Grabado Animal Con Interior Extraíble,25.99
66,mujer,bolsos,Parfois,Bolso Shopper Grabado Animal Con Interior Extraíble,25.99
67,mujer,bolsos,Parfois,Bolso Shopper Grabado Animal Con Interior Extraíble,25.99
68,mujer,bolsos,Parfois,Bolso Tote Fruncido Con Bandolera Extraíble,25.99
69,mujer,bolsos,Parfois,Bolso Tote Fruncido Asa Doble,27.99
70,mujer,bolsos,Parfois,Bolso Tote Fruncido Asa Doble,27.99
71,mujer,bolsos,Parfois,Bolso Bandolera Cierre De Hebilla,23.99
72,mujer,bolsos,Parfois,Mochila Textura Ante Cierre De Solapa,27.99
73,mujer,bolsos,Parfois,Bolso De Hombro Doble Posición,29.99
74,mujer,bolsos,Parfois,Bolso Bandolera Grabado Animal,23.99
75,mujer,bolsos,Parfois,"Mochila Grabado Animal Para Ordenador Portátil De 13""",32.99
76,mujer,bolsos,Parfois,Bolso Bandolera Cierre De Solapa,23.99
77,mujer,bolsos,Parfois,Mochila Grabada Bolsillo Exterior,32.99
78,mujer,bolsos,Parfois,Bolso Bandolera Estampado Animal,15.99
79,mujer,bolsos,Parfois,Bolso Bombonera Estampado Animal Asa Extraíble,19.99
80,mujer,bolsos,Parfois,Bolso Shopper Estampado Con Interior Extraíble,23.99
81,mujer,bolsos,Parfois,Bolso Shopper Con Interior Extraíble,22.99
82,mujer,bolsos,Parfois,Bolso Shopper Con Interior Extraíble,22.99
83,mujer,bolsos,Parfois,Bolso Shopper Con Interior Extraíble,22.99
84,mujer,bolsos,Parfois,Bolso Shopper Con Interior Extraíble,22.99
85,mujer,bolsos,Parfois,Bolso Shopper Con Interior Extraíble,22.99
86,mujer,bolsos,Parfois,Bolso Shopper Con Interior Extraíble,22.99
87,mujer,bolsos,Parfois,Bolso Bandolera Acolchado Asa Combinada,22.99
88,mujer,bolsos,Parfois,Bolso Bandolera Estampado,9.99
89,mujer,bolsos,Parfois,Bolso Bandolera Acolchado Asa Combinada,27.99
90,mujer,bolsos,Parfois,Bolso Bandolera Acolchado Asa Combinada,27.99
91,mujer,bolsos,Parfois,Bolso Bandolera De Náilon Estampado Animal,19.99
92,mujer,bolsos,Parfois,Bolso Bandolera Estampado Animal,23.99
93,mujer,bolsos,Parfois,Bolso De Hombro De Ante Cierre De Solapa,32.99
94,mujer,bolsos,Parfois,Mochila De Ante Con Asas Extraíbles Multiposición,32.99
95,mujer,bolsos,Parfois,Bolso Bandolera Textura Ante Cierre De Solapa,25.99
96,mujer,bolsos,Parfois,Bolso De Hombro De Ante Cierre De Solapa,32.99
97,mujer,bolsos,Parfois,Bolso Bandolera Combinada,17.99
98,mujer,bolsos,Parfois,Bolso Bandolera Combinada,17.99
99,mujer,bolsos,Parfois,Bolso Bandolera Acolchado Asa Combinada,25.99
100,mujer,bolsos,Parfois,Bolso Bandolera Acolchado Asa Combinada,25.99
101,mujer,bolsos,Parfois,Bolsa Porta-Alimentos Acolchada,23.99
102,mujer,bolsos,Parfois,Bolso Bandolera Acolchado,23.99
103,mujer,bolsos,Parfois,Mochila Acolchada Cierre De Solapa,27.99
104,mujer,bolsos,Parfois,Mochila Acolchada Cierre De Solapa,27.99
105,mujer,bolsos,Parfois,Bolso Bandolera De Fiesta Grabado Animal,15.99
106,mujer,bolsos,Parfois,Bolso Bandolera De Fiesta Grabado Animal,15.99
107,mujer,bolsos,Parfois,Bolso Bandolera Grabado Animal,23.99
108,mujer,bolsos,Parfois,Bolso Bandolera Grabado Animal,23.99
109,mujer,bolsos,Parfois,Bolso Bandolera Textura Ante Con Asa Extraíble,23.99
110,mujer,bolsos,Parfois,"Maletín Grabado Animal Para Ordenador Portátil De 13""",36.99
111,mujer,bolsos,Parfois,"Maletín Grabado Animal Para Ordenador Portátil De 13""",36.99
112,mujer,bolsos,Parfois,Bolso Bandolera Grabado Serpiente,19.99
113,mujer,bolsos,Parfois,Bolso Bandolera Asa De Posición Doble,17.99
114,mujer,bolsos,Parfois,Bolso Bandolera Grabado Serpiente,23.99
115,mujer,bolsos,Parfois,Bolso Bandolera Grabada Asa Combinada,25.99
116,mujer,bolsos,Parfois,Bolso Bandolera Grabada Asa Combinada,25.99
117,mujer,bolsos,Parfois,Bolso Bandolera Textura Ante Asa Grabado Animal,25.99
118,mujer,bolsos,Parfois,Bolso Bandolera Textura Ante Con Asa Extraíble,23.99
119,mujer,bolsos,Parfois,Bolso Bandolera Acolchado Asa Combinada,22.99
120,mujer,bolsos,Parfois,Bolso Shopper Con Asa Bandolera Extraíble,19.99
121,mujer,bolsos,Parfois,Bolso Tote Grabado Animal Asa Bandolera Extraíble,29.99
122,mujer,bolsos,Parfois,Bolso Bandolera Patchwork Detalle Cadena,23.99
123,mujer,bolsos,Parfois,Bolso Bandolera Diseño Patchwork,27.99
124,mujer,bolsos,Parfois,Bolso De Hombro Patchwork Asa Bandolera Extraíble,29.99
125,mujer,bolsos,Parfois,Bolso Bandolera Textura Ante Asa Extraíble,15.99
126,mujer,bolsos,Parfois,Bolso Bandolera Grabado Detalle Metálico,25.99
127,mujer,bolsos,Parfois,Bolso De Hombro Textura Ante Asa Bandolera Extraíble,27.99
128,mujer,bolsos,Parfois,Bolso De Hombro Textura Ante Asa Bandolera Extraíble,27.99
129,mujer,bolsos,Parfois,Bolso Bandolera Asa Combinada,25.99
130,mujer,bolsos,Parfois,Bolso Bandolera Grabada Con Asa Extraíble,23.99
131,mujer,bolsos,Parfois,Bolso Bandolera Grabada Con Asa Extraíble,23.99
132,mujer,bolsos,Parfois,Bolso Shopper Combinado Exterior Removible,29.99
133,mujer,bolsos,Parfois,Bolso Shopper Combinado Exterior Removible,29.99
134,mujer,bolsos,Parfois,Mochila Con Bolsillo Exterior,17.99
135,mujer,bolsos,Parfois,Mochila Con Bolsillo Exterior,17.99
136,mujer,bolsos,Parfois,Bolso Shopper De Náilon Con Bolsillo Exterior,25.99
137,mujer,bolsos,Parfois,Bolso Bandolera Acolchada Asa De Cadena,27.99
138,mujer,bolsos,Parfois,Bolso Bandolera Acolchada Asa De Cadena,27.99
139,mujer,bolsos,Parfois,Bolso Shopper Acolchado Con Asa De Hombro,27.99
140,mujer,bolsos,Parfois,Bolso Bandolera Acolchado De Náilon,25.99
141,mujer,bolsos,Parfois,Maletín De Náilon Estampado,29.99
142,mujer,bolsos,Parfois,Bolso De Hombro Asa Doble,25.99
143,mujer,bolsos,Parfois,Bolso Bandolera Baguette,17.99
144,mujer,bolsos,Parfois,Bolso De Hombro Con Asa Bandolera Extraíble,19.99
145,mujer,bolsos,Parfois,Bolso De Hombro Con Asa Bandolera Extraíble,19.99
146,mujer,bolsos,Parfois,Bolso De Hombro Con Asa Bandolera Extraíble,19.99
147,mujer,bolsos,Parfois,Bolso Bandolera Grabado Animal,19.99
148,mujer,bolsos,Parfois,Bolso De Hombro Con Asa Bandolera Extraíble,19.99
149,mujer,bolsos,Parfois,Bolso Bandolera Grabado Animal,19.99
150,mujer,bolsos,Parfois,Bolso De Hombro Con Asa Bandolera Extraíble,19.99
151,mujer,bolsos,Parfois,Bolso De Hombro Con Asa Bandolera Extraíble,19.99
152,mujer,bolsos,Parfois,Bolso Bandolera Detalle Flecos,8.99
153,mujer,bolsos,Parfois,Bolso Bandolera Acabado Ante Detalle Flecos,9.99
154,mujer,bolsos,Parfois,"Mochila Grabado Animal Para Ordenador Portátil De 15""",34.99
155,mujer,bolsos,Parfois,Bolso Bandolera Acolchado,27.99
156,mujer,bolsos,Parfois,Bolso Bandolera Textura Rafia Flecos,9.99
157,mujer,bolsos,Parfois,Bolso Tote Grabado Animal,12.99
158,mujer,bolsos,Parfois,Maletín De Nylon,29.99
159,mujer,bolsos,Parfois,Bolso Bandolera Grabado Animal,9.99
160,mujer,bolsos,Parfois,Mochila Solapa Acolchada,9.99
161,mujer,bolsos,Parfois,Bolso Shopper De Náilon Cadena Con Cordón,25.99
162,mujer,bolsos,Parfois,Mochila Acabado Ante Detalle Flecos,9.99
163,mujer,bolsos,Parfois,Bolso De Fiesta Mini Mesh,4.99
164,mujer,bolsos,Parfois,Bolso De Hombro Detalle Borlas,9.99
165,mujer,bolsos,Parfois,Bolso Tote De Náilon Detalle Cordón,25.99
166,mujer,bolsos,Parfois,Bolso Shopper Acolchado De Náilon,25.99
167,mujer,bolsos,Parfois,Mochila Grabada Bolsillo Exterior,17.99
168,mujer,bolsos,Parfois,Bolso Bandolera Acolchada De Náilon,23.99
169,mujer,bolsos,Parfois,Bolso Bombonera Base Textura Rafia,9.99
170,mujer,bolsos,Parfois,"Maletín Para Ordenador Portátil De 13""",36.99
171,mujer,bolsos,Parfois,Bolso Shopper Grabado Animal Con Interior Extraíble,22.99
172,mujer,bolsos,Parfois,Bolso Shopper Estampado Xadrez,15.99
173,mujer,bolsos,Parfois,Mochila De Náilon Detalle Borla,23.99
174,mujer,bolsos,Parfois,Bolso Bandolera Acolchada De Náilon,23.99
175,mujer,bolsos,Parfois,Bolso Shopper Estampado Tie Dye,15.99
176,mujer,bolsos,Parfois,"Maletín Para Ordenador Portátil De 13""",36.99
177,mujer,bolsos,Parfois,Mochila De Náilon Detalle Borla,23.99
178,mujer,bolsos,Parfois,Mochila De Nylon Con Bolsillos Exteriores,22.99
179,mujer,bolsos,Parfois,Mochila Textura Ante Cierre De Solapa,27.99
180,mujer,bolsos,Parfois,Mochila Estampada Bolso Exterior,17.99
181,mujer,bolsos,Parfois,Bolso Bandolera Cierre De Hebilla,23.99
182,mujer,bolsos,Parfois,Mochila Acolchada De Náilon,29.99
183,mujer,bolsos,Parfois,Mochila Estampada Bolso Exterior,17.99
184,mujer,bolsos,Parfois,Bolso Bandolera Grabado Animal,4.99
185,mujer,bolsos,Parfois,Bolso Bandolera Acolchada De Náilon,23.99
186,mujer,bolsos,Parfois,Bolso Riñonera Diseño Patchwork,9.99
187,mujer,bolsos,Parfois,Bolso Bandolera Grabado Asa Extraíble,19.99
188,mujer,bolsos,Parfois,Bandolera Acolchada,15.99
189,mujer,bolsos,Parfois,Bolso Bombonera De Cuerda Trenzada,8.99
190,mujer,bolsos,Parfois,Bolso Bandolera Grabado Asa Extraíble,19.99
191,mujer,bolsos,Parfois,Bolso Bandolera Combinada Con Asa Extraíble,19.99
192,mujer,bolsos,Parfois,Bolso Shopper Reversible Con Interior Extraible,12.99
193,mujer,bolsos,Parfois,Bolso Bandolera De Pelo Y Asa De Cadena,8.99
194,mujer,bolsos,Parfois,Mochila Grabada Bolsillo Exterior,17.99
195,mujer,bolsos,Parfois,Bolso Bandolera Acolchado Estampado Floral,19.99
196,mujer,bolsos,Parfois,Mochila De Nylon Con Bolsillos Exteriores,22.99
197,mujer,bolsos,Parfois,Bolso Tote Con Asa Bandolera,23.99
198,mujer,bolsos,Parfois,Bolso Bandolera Detalle Tachuelas,19.99
199,mujer,bolsos,Parfois,Bolso Bandolera Acolchado Metalizado,19.99
200,mujer,bolsos,Parfois,Bolso Bandolera Grabado Animal,17.99
201,mujer,bolsos,Parfois,Bolso Bandolera Acolchado Asa Combinada,19.99
202,mujer,bolsos,Parfois,Bandolera De Textura Ante,8.99
203,mujer,bolsos,Parfois,Bolso Bandolera Textura Ante Asa Combinada,25.99
204,mujer,bolsos,Parfois,Bolso Tote Con Asa Bandolera E Interior Extraible,23.99
205,mujer,bolsos,Parfois,Bolso Bandolera Textura Ante Asa Combinada,25.99
206,mujer,bolsos,Parfois,Bolso Bandolera Textura Ante Con Asa De Cadena,25.99
207,mujer,bolsos,Parfois,Bolso De Deporte De Náilon Cadena Con Cordón,39.99
208,mujer,bolsos,Parfois,Bolso Bandolera Acolchada Asa Combinada,27.99
209,mujer,bolsos,Parfois,Bolso De Fiesta Grabado Detalle Pañuelo,19.99
210,mujer,bolsos,Parfois,Bolso Bandolera Acolchado Asa Combinada,25.99
211,mujer,bolsos,Parfois,Riñonera Acolchada,8.99
212,mujer,bolsos,Parfois,Bolso Bandolera Detalle Colgante,17.99
213,mujer,bolsos,Parfois,Bolso Bandolera Textura Ante Asa Combinada,19.99
214,mujer,bolsos,Parfois,Bolso Bandolera Combinada Con Asa Extraíble,19.99
215,mujer,bolsos,Parfois,Bolso Shopper Grabado Animal Con Interior Extraíble,22.99
216,mujer,bolsos,Parfois,Bolso Riñonera De Pelo,9.99
217,mujer,bolsos,Parfois,Bolso Bandolera Riñonera Cierre De Solapa,15.99
218,mujer,bolsos,Parfois,Mochila Acolchada Cierre De Solapa,29.99
219,mujer,bolsos,Parfois,Bolso De Fiesta Grabado Detalle Pañuelo,19.99
220,mujer,bolsos,Parfois,Bolso Shopper Grabado Animal Con Interior Extraíble,22.99
221,mujer,bolsos,Parfois,Bolso Shopper Grabado Animal Con Interior Extraíble,22.99
222,mujer,bolsos,Parfois,Bolso Bandolera Combinada,23.99
223,mujer,bolsos,Parfois,Mochila Estampada Bolsillo Exterior,17.99
224,mujer,bolsos,Parfois,Bolso Bandolera Riñonera Cierre De Solapa,15.99
225,mujer,bolsos,Parfois,Bolso Bandolera Cierre De Solapa Y Asa Extraíble,25.99
226,mujer,bolsos,Parfois,Bolso Bandolera De Fiesta Grabado,19.99
227,mujer,bolsos,Parfois,Bolso Bandolera Grabado Animal,17.99
228,mujer,bolsos,Parfois,Bolso Shopper Grabado Animal Con Interior Extraíble,22.99
229,mujer,bolsos,Parfois,Clutch Con Abalorios Y Asa De Cadena,29.99
230,mujer,bolsos,Parfois,Bolso De Hombro Abalorios Y Asa De Cadena,19.99
231,mujer,bolsos,Parfois,Bolso Bandolera Acolchado Con Asa Combinada,19.99
232,mujer,bolsos,Parfois,Bolso Bandolera Acolchado Asa Extraíble,19.99
233,mujer,bolsos,Parfois,Bolso Bandolera Con Bolsillo Exterior,15.99
234,mujer,bolsos,Parfois,"Maletín Grabado Animal Para Ordenador Portátil De 13""",32.99
235,mujer,bolsos,Parfois,Bolso Bandolera Acolchado,17.99
236,mujer,bolsos,Parfois,Bolso Bandolera De Fiesta Grabado Animal,17.99
237,mujer,bolsos,Parfois,Bolso Bandolera Textura Ante Con Asa De Cadena,25.99
238,mujer,bolsos,Parfois,Bolso De Fiesta Con Asa Doble,22.99
239,mujer,bolsos,Parfois,Bolso Bandolera De Charol,12.99
240,mujer,bolsos,Parfois,Bolso Shopper De Charol Con Asa Bandolera,29.99
241,mujer,bolsos,Parfois,Bolso Shopper Asa De Cadena,27.99
242,mujer,bolsos,Parfois,Bandolera Lisa,12.99
243,mujer,bolsos,Parfois,Clutch Con Abalorios Y Asa De Cadena,29.99
244,mujer,bolsos,Parfois,Bolso Bandolera Multiposición Asa Doble,19.99
245,mujer,bolsos,Parfois,Bolso Bandolera De Náilon Asa Extraíble,19.99
246,mujer,bolsos,Parfois,Bolso Bandolera De Fiesta Grabado Animal,17.99
247,mujer,bolsos,Parfois,Bolso Bandolera De Fiesta Combinado Grabado Animal,19.99
248,mujer,bolsos,Parfois,Bolso Bandolera De Náilon Bolsillo Exterior,19.99
249,mujer,bolsos,Parfois,Clutch Con Grabado Animal,17.99
250,mujer,bolsos,Parfois,Bolso Bandolera Grabado Animal,17.99
251,mujer,bolsos,Parfois,Bolso Bandolera Multiposición Asa Doble,19.99
252,mujer,bolsos,Parfois,Bandolera Lisa,12.99
253,mujer,bolsos,Parfois,Bolso De Fiesta Con Asa Doble,22.99
254,mujer,bolsos,Parfois,Bolso Bandolera Grabado Animal,23.99
255,mujer,bolsos,Parfois,Bolso De Fiesta Cierre De Solapa,17.99
256,mujer,bolsos,Parfois,Bolso Bandolera Estampado Bolsillo Exterior,17.99
257,mujer,bolsos,Parfois,Bolso Bandolera Textura Ante Con Asa De Cadena,25.99
258,mujer,bolsos,Parfois,Bolso Bandolera Estampado Serpiente,25.99
259,mujer,bolsos,Parfois,Bolso Bandolera Acolchado Asa Doble,25.99
260,mujer,bolsos,Parfois,Bolso Bandolera Acolchada Con Charms,23.99
261,mujer,bolsos,Parfois,Bolso De Mano Con Asa Bandolera,8.99
262,mujer,bolsos,Parfois,Bolso Bandolera Con Bolsillo Exterior,9.99
263,mujer,bolsos,Parfois,Bolso Bandolera Con Bolsillo Exterior,9.99
264,mujer,bolsos,Parfois,Bandolera Lisa,12.99
265,mujer,bolsos,Parfois,Bolso Bandolera Grabado Metalizado,12.99
266,mujer,bolsos,Parfois,Bolso Bandolera Con Bolsillo Exterior,12.99
267,mujer,bolsos,Parfois,Bolso Bandolera Bolsillo Exterior,9.99
268,mujer,bolsos,Parfois,Bolso Bandolera Con Asa Combinada,17.99
269,mujer,bolsos,Parfois,Clutch Malla Metálica,19.99
270,mujer,bolsos,Parfois,Clutch Malla Metálica,19.99
271,mujer,bolsos,Parfois,Clutch Con Grabado Animal,19.99
272,mujer,bolsos,Parfois,Bolso Bandolera Con Bolsillo Exterior,9.99
273,mujer,bolsos,Parfois,Bolso Bandolera Estampado,9.99
274,mujer,bolsos,Parfois,Bolso Bandolera Grabado Con Bolsillo Exterior,12.99
275,mujer,bolsos,Parfois,Bolso De Fiesta Cierre De Solapa,17.99
276,mujer,bolsos,Parfois,Bolso De Fiesta De Charol,15.99
277,mujer,bolsos,Parfois,Bolso De Fiesta Big Mesh,15.99
278,mujer,bolsos,Parfois,Bolso Bandolera Estampado Animal,12.99
279,mujer,bolsos,Parfois,Bolso De Hombro Doble Posición,29.99
280,mujer,bolsos,Parfois,Bandolera Con Bolsillo Exterior,9.99
281,mujer,bolsos,Parfois,Bandolera Con Bolsillo Exterior,9.99
282,mujer,bolsos,Parfois,Bandolera Con Bolsillo Exterior,9.99
283,mujer,bolsos,Parfois,Bolso Bandolera Grabado Con Bolsillo Exterior,12.99
284,mujer,bolsos,Parfois,Bolso Bandolera Con Bolsillo Exterior,12.99
285,mujer,bolsos,Parfois,Bolso Shopper Asa De Cadena,27.99
286,mujer,bolsos,Parfois,Bolso De Hombro Textura Ante Asa Bandolera Extraíble,27.99
287,mujer,bolsos,Parfois,Bolso De Fiesta Mesh,19.99
288,mujer,bolsos,Parfois,Bolso Bandolera Textura Ante Asa Combinada,19.99
289,mujer,bolsos,Parfois,Bolso Bandolera Con Bolsillo Exterior,12.99
290,mujer,bolsos,Parfois,Bolso Bandolera Lentejuelas,12.99
291,mujer,bolsos,Parfois,Bolso Bandolera Cierre De Solapa,23.99
292,mujer,bolsos,Parfois,Clutch Con Grabado Animal,17.99
293,mujer,bolsos,Parfois,Bolso Bandolera Con Asa Combinada,17.99
294,mujer,bolsos,Parfois,Bolso Bandolera De Pelo Bolsillo Exterior,9.99
295,mujer,bolsos,Parfois,Bolso De Fiesta Mesh,19.99
296,mujer,bolsos,Parfois,Clutch Malla Metálica,19.99
297,mujer,bolsos,Parfois,Bolso De Mano Textura Rafia,15.99
298,mujer,bolsos,Parfois,Clutch Con Grabado Animal,19.99
299,mujer,bolsos,Parfois,Bolso Bandolera Grabado Animal,15.99
300,mujer,bolsos,Parfois,Bolso Bandolera Abalorios Y Asa De Cadena,19.99
301,mujer,bolsos,Parfois,Clutch Con Grabado Animal,19.99
302,mujer,bolsos,Parfois,Bandolera Con Bolsillo Exterior,9.99
303,mujer,bolsos,Parfois,Bolso Bandolera Bolsillo Exterior,9.99
304,mujer,bolsos,Parfois,Clutch Con Grabado Animal,17.99
305,mujer,bolsos,Parfois,Bolso Bandolera Grabado Animal,17.99
306,mujer,bolsos,Parfois,Bolso De Fiesta Con Asa Cadena,15.99
307,mujer,bolsos,Parfois,Bolso De Fiesta Big Mesh,15.99
308,mujer,bolsos,Parfois,Caja Metálica,15.99
309,mujer,bolsos,Parfois,Bolso Bandolera Con Bolsillo Exterior,12.99
310,mujer,bolsos,Parfois,Bolso Bandolera De Charol,12.99
311,mujer,bolsos,Parfois,Bolso Bandolera Grabado Metalizado,12.99
312,mujer,bolsos,Parfois,Bandolera Lisa,12.99
313,mujer,bolsos,Parfois,Bolso Bandolera Grabado Animal,12.99
314,mujer,bolsos,Parfois,Bolso Bandolera Bolsillo Exterior,9.99
315,mujer,bolsos,Parfois,Bolso Bandolera De Pelo Bolsillo Exterior,9.99
316,mujer,bolsos,Parfois,Bolso Bandolera Estampado,9.99
317,mujer,bolsos,Parfois,Bolso De Fiesta Mesh,19.99
318,mujer,bolsos,Parfois,Clutch Con Grabado Animal,19.99
319,mujer,bolsos,Parfois,Caja Metálica,15.99
320,mujer,bolsos,Parfois,Caja Metálica,15.99
321,mujer,bolsos,Parfois,Caja Metálica,15.99
322,mujer,bolsos,Parfois,Bolso De Fiesta Big Mesh,15.99
323,mujer,bolsos,Parfois,Clutch Con Grabado Animal,17.99
324,mujer,bolsos,Parfois,Clutch Con Grabado Animal,19.99
325,mujer,bolsos,Parfois,Clutch Grabado Animal,19.99
326,mujer,bolsos,Parfois,Bolso De Mano Diseño Patchwork,22.99
327,mujer,bolsos,Parfois,Bolso De Mano Diseño Patchwork,19.99
328,mujer,bolsos,Parfois,Bolso De Mano Diseño Patchwork,19.99
329,mujer,bolsos,Parfois,Bolso Bandolera De Charol,17.99
330,mujer,bolsos,Parfois,Bolso De Mano Textura Ante,19.99
331,mujer,bolsos,Parfois,Bolso Bandolera De Charol,17.99
332,mujer,bolsos,Parfois,Clutch Con Grabado Animal,19.99
333,mujer,bolsos,Parfois,Clutch Con Grabado Animal,19.99
334,mujer,bolsos,Parfois,Bolso Bandolera Lentejuelas,12.99
335,mujer,bolsos,Parfois,Bolso Bandolera Grabado Serpiente,15.99
336,mujer,bolsos,Parfois,Bolso Bandolera Con Asa Extraíble,23.99
337,mujer,bolsos,Parfois,Bolso Bandolera Grabado Animal,23.99
