1,mujer,camisetas,Phuket,TOP LENCERO - AZUL,14.99
2,mujer,camisetas,Phuket,TOP LENCERO - BEIGE ,14.99
3,mujer,camisetas,Phuket,TOP LENCERO - BLANCO,14.99
4,mujer,camisetas,Phuket,CAMISETA RAYAS - AZUL,19.99
5,mujer,camisetas,Phuket,BLUSA FLORES - BLANCO,19.99
6,mujer,camisetas,Phuket,CAMISETA OSO - NEGRO,22.99
7,mujer,camisetas,Phuket,CAMISETA OSO - BLANCO,22.99
8,mujer,camisetas,Phuket,TOP ANAIS - BLANCO,29.99
9,mujer,camisetas,Phuket,CAMISETA WILD NICOLLE - NEGRO,19.99
10,mujer,camisetas,Phuket,CAMISETA LUA - BLANCO,19.99
11,mujer,camisetas,Phuket,CAMISA CRISTINA - AZUL,19.99
12,mujer,camisetas,Phuket,CAMISA CRISTINA - BLANCO,19.99
